gtin,varyant_barkod,baslik,marka,kategori,stok,teklif_sayisi,satilabilir,slug
8699550820019,,Şanlı Kapsikumlu Delikli Yakı,Şanlı,Sağlık Ve Medikal > Eklem Sağlığı,1147,2,t,sanli-kapsikumlu-delikli-yaki
8680400771219,,Haver Propolsave Propolis Nar Kubuğu Ekstresi Sprey 20 ml - 2AL1ÖDE,,Besin Takviyeleri > Bağışıklık Sistemi Güçlendirme > Polen ve Propolis,627,1,t,haver-propolsave-propolis-nar-kubugu-ekstresi-sprey-20-ml-2al1ode
8680400771216,,Haver Propolsave Propolis Nar Kubuğu Ekstresi Sprey 20 ml,,Besin Takviyeleri > Bağışıklık Sistemi Güçlendirme > Polen ve Propolis,625,1,t,haver-propolsave-propolis-nar-kubugu-ekstresi-sprey-20-ml
8692860201059,,Nutrigen Balık Yağı Kofre 2 x 200 ml,,Besin Takviyeleri > Omega Yağ Asitleri > Bebek & Çoçuklar İçin Omega Yağ Asitleri,596,1,t,nutrigen-balik-yagi-kofre-2-x-200-ml
8699177825008,,Gifrer Serum Fizyolojik 10 x 5 ml,Gifrer,Sağlık Ve Medikal > Burun Açıcı Ürünler,582,2,t,gifrer-serum-fizyolojik-10-x-5-ml
8699177825107,,Gifrer Serum Fizyolojik 20 x 5 ml,Gifrer,Sağlık Ve Medikal > Burun Açıcı Ürünler,567,2,t,gifrer-serum-fizyolojik-20-x-5-ml
8699177824490,,Nurse Harveys Organik Buzzy Sinek Kovucu Sprey 175 ml,,Sağlık Ve Medikal > Haşere Kovucular İnteksitit Ürünler,558,2,t,nurse-harveys-organik-buzzy-sinek-kovucu-sprey-175-ml
850077028564,,Ocean Mummy 30 Kapsül,Ocean,Besin Takviyeleri > Kadın Besin Takviyeleri,502,2,t,ocean-mummy-30-kapsul
8683020024984,,B-Good Steril Spanç 30x80 cm,B-Good,Sağlık Ve Medikal > Yara Ve Yanık Ürünleri,500,2,t,b-good-steril-spanc-30x80-cm
6970392216065,,Nimo Kol Tipi Otomatik Dijital Tansiyon Aleti - DBP-1318 -,Nimo,Sağlık Ve Medikal > Medikal > Tansiyon Aletleri,500,2,t,nimo-kol-tipi-otomatik-dijital-tansiyon-aleti-dbp-1318
8699546002054,,K-Othrine AL Böcek İlacı 500 ml,,Sağlık Ve Medikal > Haşere Kovucular İnteksitit Ürünler,500,2,t,k-othrine-al-bocek-ilaci-500-ml
8698973761640,,Nimo Buhar Miktarı Ayarlanabilir Nebulizatör Maske Seti Pediatrik,,Sağlık Ve Medikal > Medikal > Nebulizatör,500,2,t,nimo-buhar-miktari-ayarlanabilir-nebulizator-maske-seti-pediatrik
8681807005157,,Osiwax  Kulak Damlası  30 ml,,Sağlık Ve Medikal > Medikal > Ortopedik Ürün Ve Gereçleri > Ortopedik Korseler,500,2,t,osiwax-kulak-damlasi-30-ml
8690998215487,,Balparmak Apitera Plus Propolisli Çocuk Spreyi 20 ml - 2 Al 1 Öde,Balparmak,Besin Takviyeleri > Bağışıklık Sistemi Güçlendirme > Polen ve Propolis,489,1,t,balparmak-apitera-plus-propolisli-cocuk-spreyi-20-ml-2-al-1-ode
8699177824476,,Nurse Harveys Organics Buzzyderm Serinletici Vücut Jeli 20ml,Nurse harveys,Sağlık Ve Medikal > Haşere Kovucular İnteksitit Ürünler,476,2,t,nurse-harveys-organics-buzzyderm-serinletici-vucut-jeli-20ml
8683060010251,,Pharmaton Vitality Multivitamin 2x30 Tablet - 2.si %70 İndirimli,Pharmaton,Besin Takviyeleri > MultiVitaminler,436,2,t,pharmaton-vitality-multivitamin-2x30-tablet-2si-70-indirimli
8698751000482,,Vitmix Focus 150 ml - 2AL1ÖDE,Koç İlaç,Besin Takviyeleri > Hafıza Sağlığı,395,1,t,vitmix-focus-150-ml-2al1ode
8698751000480,,Vitmix Focus 150 ml,Koç İlaç,Besin Takviyeleri > Hafıza Sağlığı,393,1,t,vitmix-focus-150-ml
8690998214521,,Balparmak Apitera Up Plus 7 x 7 GR,,Besin Takviyeleri > Bağışıklık Sistemi Güçlendirme > Yetişkinler İçin Bağışıklık Güçlendirme,376,1,t,balparmak-apitera-up-plus-7-x-7-gr
8690530002142,,Okey Jel Nirvana 100ml,,Sağlık Ve Medikal > Cinsel Sağlık Ürünleri > Performans Arttırıcılar,368,2,t,okey-jel-nirvana-100ml
8690140930335,,Avicenna OmeCap 200 Yumuşak Kapsül,Avicenna,Besin Takviyeleri > Omega Yağ Asitleri > Omega 3,359,1,t,avicenna-omecap-200-yumusak-kapsul
8697595872239,,Ocean Microfer Damla 30 ml Takviye Edici Gıda,,Besin Takviyeleri > Minareller > Demir Mineralleri,327,3,t,ocean-microfer-damla-30-ml-takviye-edici-gida
8690998214606,,Balparmak Apitera Zen Plus 7x7 gr,,Besin Takviyeleri > Bağışıklık Sistemi Güçlendirme > Yetişkinler İçin Bağışıklık Güçlendirme,315,2,t,balparmak-apitera-zen-plus-7x7-gr
8680400771217,,Haver Propolsave Propolis Nar Kubuğu Ekstresi Sprey 20 ml x 2 Adet,Haver,Besin Takviyeleri > Bağışıklık Sistemi Güçlendirme > Polen ve Propolis,313,1,t,haver-propolsave-propolis-nar-kubugu-ekstresi-sprey-20-ml-x-2-adet
5052197058451,,Durex Play Kayganlaştırıcı 50ml Extreme Gel,,Sağlık Ve Medikal > Cinsel Sağlık Ürünleri > Kayganlaştırıcı Jeller,301,3,t,durex-play-kayganlastirici-50ml-extreme-gel
8683229604413,,Okey Çilek Aromalı Kayganlaştırıcı Jel 50 ml,,Sağlık Ve Medikal > Cinsel Sağlık Ürünleri > Prezervatifler,301,2,t,okey-cilek-aromali-kayganlastirici-jel-50-ml
5052197059328,,Durex Naturals Ektsra Hassas Jel 100 ml,,Sağlık Ve Medikal > Cinsel Sağlık Ürünleri > Kayganlaştırıcı Jeller,300,2,t,durex-naturals-ektsra-hassas-jel-100-ml
8681807005195,,Osicol Damla 15 ml,MCG PHARMA,Besin Takviyeleri > Sindirim Sistemi Ve Probiyotikler,294,2,t,osicol-damla-15-ml
8693283060063,,Kuteks Bandaj 20 cm,,Sağlık Ve Medikal > Yara Ve Yanık Ürünleri,294,2,t,kuteks-bandaj-20-cm
8680434220049,,CC II Plus+ Masaj Jeli 100ml,,Sağlık Ve Medikal > Eklem Sağlığı,293,1,t,cc-ii-plus-masaj-jeli-100ml
8680434220052,,CC II Plus+ Masaj Jeli 100ml - 2AL1ÖDE,,Sağlık Ve Medikal > Eklem Sağlığı,293,1,t,cc-ii-plus-masaj-jeli-100ml-2al1ode
8697595873540,,Ocean İmunol Kara Mürver & Çilek Aromalı Pastil 12 Adet,Ocean,Besin Takviyeleri > Pastiller,288,2,t,ocean-imunol-kara-murver-cilek-aromali-pastil-12-adet
7391899856131,,Biotrue Lens Solüsyonu 100 ml,Biotrue,Sağlık Ve Medikal > Göz Sağlığı Ürünleri,287,2,t,biotrue-lens-solusyonu-100-ml
8690998216068,,Balparmak Apitera Propolis Turp Aromalı 16 Pastil,Balparmak,Besin Takviyeleri > Pastiller,285,1,t,balparmak-apitera-propolis-turp-aromali-16-pastil
8689415912812,,New A1 L Carnitine Lepidium Bitkisel 30 Kapsül,,Besin Takviyeleri > Bitkisel Besin Destekleri,282,2,t,new-a1-l-carnitine-lepidium-bitkisel-30-kapsul
8683229600750,,Viaxi Glide Jel 200ml,,Sağlık Ve Medikal > Cinsel Sağlık Ürünleri > Kayganlaştırıcı Jeller,271,3,t,viaxi-glide-jel-200ml
8690998216044,,Balparmak Apitera Propolis Karamürver Aromalı 16 Pastil,Balparmak,Besin Takviyeleri > Pastiller,268,1,t,balparmak-apitera-propolis-karamurver-aromali-16-pastil
8681794082599,,EasyVit EasyFishOil Defence 30 Tablet,,Besin Takviyeleri > Omega Yağ Asitleri > Omega 3,268,1,t,easyvit-easyfishoil-defence-30-tablet
8683675618231,,LeeRoy Mumiyo 60 Tablet,,Besin Takviyeleri > MultiVitaminler,246,1,t,leeroy-mumiyo-60-tablet
8697595873786,,Ocean Microfer 60 Tablet Takviye Edici Gıda,,Besin Takviyeleri > Minareller > Demir Mineralleri,245,2,t,ocean-microfer-60-tablet-takviye-edici-gida
8699592807528,,Roll Fix Flaster 2.5cm x 5m,,Sağlık Ve Medikal > Yara Ve Yanık Ürünleri,243,2,t,roll-fix-flaster-25cm-x-5m
8699753277399,,Okey Masaj Jeli  Kayganlaştırıcı Jel Ginseng 200 ml,,Sağlık Ve Medikal > Cinsel Sağlık Ürünleri > Masaj Yağları,238,2,t,okey-masaj-jeli-kayganlastirici-jel-ginseng-200-ml
8690088030959,,Avicenna Omega 3-6-9 200 Yumuşak Kapsül,Avicenna,Besin Takviyeleri > Omega Yağ Asitleri > Omega 3-6-9,233,1,t,avicenna-omega-3-6-9-200-yumusak-kapsul
8690088030956,,Avicenna Omega 3-6-9 200 Yumuşak Kapsül - 2AL1ÖDE,Avicenna,Besin Takviyeleri > Omega Yağ Asitleri > Omega 3-6-9,233,1,t,avicenna-omega-3-6-9-200-yumusak-kapsul-2al1ode
8690146830925,,Avicenna Omega 3-6-9 200 Yumuşak Kapsül x 2 Adet,Avicenna,Besin Takviyeleri > Omega Yağ Asitleri > Omega 3-6-9,233,1,t,avicenna-omega-3-6-9-200-yumusak-kapsul-x-2-adet
8681794082544,,EasyFishoil Multi Omega 3 30 Çiğnenebilir Jel Tablet,,Besin Takviyeleri > Omega Yağ Asitleri > Bebek & Çoçuklar İçin Omega Yağ Asitleri,230,1,t,easyfishoil-multi-omega-3-30-cignenebilir-jel-tablet
8699177824001,,Nurse Harveys Colex Bitkisel Şurup 145 ml,Nurse harveys,Besin Takviyeleri > Bitkisel Besin Destekleri,227,2,t,nurse-harveys-colex-bitkisel-surup-145-ml
8682048493611,,Delta P-5-P Vitamin B6 100ml,,Besin Takviyeleri > Bağışıklık Sistemi Güçlendirme > Bağışıklık Sistemi Güçlendirici Şuruplar,227,2,t,delta-p-5-p-vitamin-b6-100ml
8690570557350,,Strepsils Herbal Defence Afrika Sardunyası 16 Pastil,,Sağlık Ve Medikal > Hijyen Ürünleri,225,3,t,strepsils-herbal-defence-afrika-sardunyasi-16-pastil
9002969872248,,Hyper Immun44 Likit 150 ml,,Besin Takviyeleri > Bağışıklık Sistemi Güçlendirme > Yetişkinler İçin Bağışıklık Güçlendirme,216,2,t,hyper-immun44-likit-150-ml
8697595871713,,Ocean Çörek Otu Yağı 60 Kapsül 2'li Set,Ocean,Besin Takviyeleri > Bitkisel Yağlar,203,2,t,ocean-corek-otu-yagi-60-kapsul-2li-set
8680645530968,,Nbt Life Endofer 30 Kapsül,,Besin Takviyeleri > Minareller > Demir Mineralleri,198,2,t,nbt-life-endofer-30-kapsul
3660398503926,,"Biorga Cystiphane L-Sistin, Çinko, L-Arjinin, Vitamin B6 İçeren Takviye Edici Gıda 120 tablet",,Besin Takviyeleri > Minareller > Çinko Mineralleri,190,2,t,biorga-cystiphane-l-sistin-cinko-l-arjinin-vitamin-b6-iceren-takviye-edici-gida-120-tablet
8680807008632,,Voonka CoQ10 200mg 30 Kapsül,Voonka,Besin Takviyeleri > Antioksidanlar > Koenzim Q10 Takviyeleri,187,1,t,voonka-coq10-200mg-30-kapsul
8699550350028,,Mediwell Dudak Bakım Kremi - Çilek 5ml,,Cilt Bakımı > Dudak Bakım Ürünleri > Dudak Nemlendiriciler,187,1,t,mediwell-dudak-bakim-kremi-cilek-5ml
3331300097238,,Sterimar Baby Deniz Suyu Burun Spreyi 50ml,Sterimar,Sağlık Ve Medikal > Burun Açıcı Ürünler,183,3,t,sterimar-baby-deniz-suyu-burun-spreyi-50ml
8699555001235,,Şanlı Kapsikumlu Delikli Yakı 3 Adet,Şanlı,Sağlık Ve Medikal > Eklem Sağlığı,181,1,t,sanli-kapsikumlu-delikli-yaki-3-adet
8697595870969,,Ocean İmunol 40 Kapsül,Ocean,Besin Takviyeleri > Bağışıklık Sistemi Güçlendirme > Yetişkinler İçin Bağışıklık Güçlendirme,180,3,t,ocean-imunol-40-kapsul
8699753283512,,Okey Rotar Plus 10'lu,,Sağlık Ve Medikal > Cinsel Sağlık Ürünleri > Prezervatifler,179,3,t,okey-rotar-plus-10lu
33984010802,,Solgar Folic Acid (Folacin) 400 mcg 100 Tablet,,Besin Takviyeleri > Vitaminler > Folic Acid,179,2,t,solgar-folic-acid-folacin-400-mcg-100-tablet
8683229600774,,Viaxi Glide Kayganlaştırıcı Jel 50 ml,,Sağlık Ve Medikal > Cinsel Sağlık Ürünleri > Kayganlaştırıcı Jeller,176,2,t,viaxi-glide-kayganlastirici-jel-50-ml
30157606,,Promosyon - La Roche Posay Effaclar Tonik 15 ml,,Promosyonlar - Hediye Ürünler,169,1,t,promosyon-la-roche-posay-effaclar-tonik-15-ml
8690998216006,,Apitera Arı Sütü 30 Kapsül,Balparmak,Besin Takviyeleri > Bağışıklık Sistemi Güçlendirme > Yetişkinler İçin Bağışıklık Güçlendirme,161,2,t,apitera-ari-sutu-30-kapsul
5052197058000,,Durex Play Hisset  Jel 50ml,,Sağlık Ve Medikal > Cinsel Sağlık Ürünleri > Kayganlaştırıcı Jeller,160,2,t,durex-play-hisset-jel-50ml
8850956393778,,Okey Çifte Haz Prezervatif 10'lu,,Sağlık Ve Medikal > Cinsel Sağlık Ürünleri > Prezervatifler,157,3,t,okey-cifte-haz-prezervatif-10lu
8683060770063,,Enterogermina Family Probiyotik - 5 ml x 10 Flakon -,,Besin Takviyeleri > Bağışıklık Sistemi Güçlendirme > Yetişkinler İçin Bağışıklık Güçlendirme,155,3,t,enterogermina-family-probiyotik-5-ml-x-10-flakon
8680512613145,,Nutraxin Artroflex Hyaluronic Acid  HYA-C-II 90 Tablet,Nutraxin,Besin Takviyeleri > Eklem Sağlığı Ürünleri > Glukozamine Ürünleri,152,3,t,nutraxin-artroflex-hyaluronic-acid-hya-c-ii-90-tablet
8680434220055,,CC II Plus+ Masaj Jeli 100ml x 2 Adet,Matriks İlac,Sağlık Ve Medikal > Eklem Sağlığı,147,1,t,cc-ii-plus-masaj-jeli-100ml-x-2-adet
8681807005171,,Büyüvit L Arginin Multivitamin ve Mineraller içeren Şurup 150ml,,Besin Takviyeleri > MultiVitaminler,147,2,t,buyuvit-l-arginin-multivitamin-ve-mineraller-iceren-surup-150ml
4043752393545,,Varta Kulak Pili No: 675 6lı,Varta,Sağlık Ve Medikal > Medikal > Piller,145,3,t,varta-kulak-pili-no-675-6li
8697595871508,,Ocean Çörek Otu Yağı 60 Kapsül,Ocean,Besin Takviyeleri > Bitkisel Yağlar,143,2,t,ocean-corek-otu-yagi-60-kapsul
8683229900607,,Venatura CoQ-10 Koenzim Q10 200 mg Takviye Edici Gıda 30 Kapsül,VeNatura,Besin Takviyeleri > Antioksidanlar > Koenzim Q10 Takviyeleri,136,2,t,venatura-coq-10-koenzim-q10-200-mg-takviye-edici-gida-30-kapsul
5021265220236,,Vitabiotics Osteocare Original 90 Tablet,,Besin Takviyeleri > Minareller > Kalsiyum Mineralleri,136,1,t,vitabiotics-osteocare-original-90-tablet
850081345114,,Ocean Day2Day The Collagen Beauty Intense Ananas Aromalı 45 Saşe,Ocean,Besin Takviyeleri > Kolajen,134,2,t,ocean-day2day-the-collagen-beauty-intense-ananas-aromali-45-sase
4015672114319,,Omron M3 Comfort Afib HEM-7196-FLE Koldan Dijital Tansiyon Aleti,Omron,Sağlık Ve Medikal > Medikal > Tansiyon Aletleri,134,2,t,omron-m3-comfort-afib-hem-7196-fle-koldan-dijital-tansiyon-aleti
8699546196319,,Priorin İntense 120 Kapsül,,Saç Bakımı > Saç Bakım Vitamin Takviyeleri,134,2,t,priorin-intense-120-kapsul
8697595871621,,Ocean D3K2 Damla 20ml,Ocean,Besin Takviyeleri > Vitaminler > D3 K2 Vitamini,132,2,t,ocean-d3k2-damla-20ml
8699514151302,,Moodify Safran 30 Kapsül,Abdi İbrahim,Besin Takviyeleri > Uyku Destek Ürünleri,128,1,t,moodify-safran-30-kapsul
8680400772176,,Haver Sitikolin Cognizin 500mg 30 Kapsül,,Besin Takviyeleri > Hafıza Sağlığı,128,1,t,haver-sitikolin-cognizin-500mg-30-kapsul
8683060770124,,Enterogermina Kids 2-10 Yaş Probiyotik - 5 ml x 10 Flakon -,Enterogermina,Besin Takviyeleri > Sindirim Sistemi Ve Probiyotikler > Bebek & Çocuklar İçin Probiyotikler,121,2,t,enterogermina-kids-2-10-yas-probiyotik-5-ml-x-10-flakon
8681291003653,,Parodontax Diş Eti & Hassasiyet & Ferahlık & Beyazlatıcı Diş Macunu 75ml,Parodontax,Kişisel Bakım > Ağız Bakım Ürünleri > Diş Macunları > Yetişkin Diş Macunu,120,2,t,parodontax-dis-eti-hassasiyet-ferahlik-beyazlatici-dis-macunu-75ml
8680133000492,,Nemolix Plus 30 Tablet,,Besin Takviyeleri > Eklem Sağlığı Ürünleri > Glukozamine Ürünleri,119,2,t,nemolix-plus-30-tablet
3337875665582,,La Roche Posay Termal Su 50 ml,,Promosyonlar - Hediye Ürünler,116,1,t,la-roche-posay-termal-su-50-ml
8699540590052,,"NBL Probiotic Drop 7,5 ml",NBL,Besin Takviyeleri > Sindirim Sistemi Ve Probiyotikler,115,1,t,nbl-probiotic-drop-75-ml
6970384254303,,Nimo Otomatik Türkçe Konuşan Koldan Ölçer Tansiyon Aleti  ( LD-527 ),Nimo,Sağlık Ve Medikal > Medikal > Tansiyon Aletleri,114,2,t,nimo-otomatik-turkce-konusan-koldan-olcer-tansiyon-aleti-ld-527
8683655089983,,Voonka Multi Collagen 90 Tablet Tip 1/2/3,Voonka,Besin Takviyeleri > Kolajen,114,2,t,voonka-multi-collagen-90-tablet-tip-123
4030571004660,,"Artelac Complete Göz Damlası 30 Flakon 0,5 ml",Artelac,Sağlık Ve Medikal > Göz Sağlığı Ürünleri,113,1,t,artelac-complete-goz-damlasi-30-flakon-05-ml
8680061000014,,Enfla-C 30 Kapsül,MediTech,Besin Takviyeleri > Bitkisel Besin Destekleri,112,2,t,enfla-c-30-kapsul
8683675618248,,LeeRoy Kids Magnezyum Sitrat+B6  60 Tablet,,Besin Takviyeleri > Minareller > Magnezyum Mineralleri > Magnezyum Bisglisinat,111,1,t,leeroy-kids-magnezyum-sitratb6-60-tablet
8684068088495,,Tru Niagen 300mg 30 Kapsül,Cronos Pharma,Besin Takviyeleri > MultiVitaminler,110,1,t,tru-niagen-300mg-30-kapsul
8682048493615,,Delta P-5-P Vitamin B6 100ml x 2 Adet,Delta Naturel,Besin Takviyeleri > Bağışıklık Sistemi Güçlendirme > Bağışıklık Sistemi Güçlendirici Şuruplar,110,1,t,delta-p-5-p-vitamin-b6-100ml-x-2-adet
8690730000696,,Esemmat Sivrisineklere Karşı Elektrolikit Yedek 45 Gece,,Sağlık Ve Medikal > Haşere Kovucular İnteksitit Ürünler,110,3,t,esemmat-sivrisineklere-karsi-elektrolikit-yedek-45-gece
8683655089624,,Voonka Collagen Bonafix 90 Tablet,Voonka,Besin Takviyeleri > Kolajen,106,2,t,voonka-collagen-bonafix-90-tablet
8690712028069,,Zade Vital Nigefix Sprey 15 ml,Zade Vital,Besin Takviyeleri > Bağışıklık Sistemi Güçlendirme,106,2,t,zade-vital-nigefix-sprey-15-ml
8683324453701,,Colamerim 30 Tablet,,Besin Takviyeleri > Kolajen,105,2,t,colamerim-30-tablet
8690712019807,,Zade Vital Sistifix 20 Kapsül,Zade Vital,Besin Takviyeleri > Bitkisel Besin Destekleri,102,2,t,zade-vital-sistifix-20-kapsul
8852961023183,,Okey Zero Ultra İnce 10'lu Prezervatif,,Sağlık Ve Medikal > Cinsel Sağlık Ürünleri > Prezervatifler,101,2,t,okey-zero-ultra-ince-10lu-prezervatif
3264680022647,,Promosyon - Nuxe Sun Güneş Sonrası Şampuan 100 ml,,Promosyonlar - Hediye Ürünler,100,1,t,promosyon-nuxe-sun-gunes-sonrasi-sampuan-100-ml
8681807005010,,Sinus Box Burun ve Sinüs Temizleme Kiti 25 Saşe,MCG PHARMA,Sağlık Ve Medikal > Burun Açıcı Ürünler,99,2,t,sinus-box-burun-ve-sinus-temizleme-kiti-25-sase
8683060570083,,Bisolnatur Şurup 94 ml,SANOFI,Besin Takviyeleri > Bağışıklık Sistemi Güçlendirme,99,2,t,bisolnatur-surup-94-ml
8698751000481,,Outlet - Vitmix Focus 150 ml,,Outlet Ürünler > OUTLET - Besin Takviyeleri,99,1,t,outlet-vitmix-focus-150-ml
9002969872279,,Hyper C Plus Efervesan 2x10 Tablet,Hiper Farma,Besin Takviyeleri > Vitaminler > C Vitaminleri,98,1,t,hyper-c-plus-efervesan-2x10-tablet
8697595870617,,Ocean Imunol Şurup 150ml,,Besin Takviyeleri > Bağışıklık Sistemi Güçlendirme > Bebek & Çocuklar İçin Bağışıklık Güçlendirme,97,2,t,ocean-imunol-surup-150ml
7640128141006,,New Life B12 Plus 60 Tablet,New Life,Besin Takviyeleri > Vitaminler > B Vitamin Complex % B12,96,1,t,new-life-b12-plus-60-tablet
810071800399,,Breathe Right Orijinal Küçük/Orta Burun Bandı 10 Adet,Breath Right,Sağlık Ve Medikal > Horlama Önleyiciler,95,1,t,breathe-right-orijinal-kucukorta-burun-bandi-10-adet
8684674069109,,Voonka Collagen Beauty Plus - Karpuz Çilek Aromalı - 300gr,Voonka,Besin Takviyeleri > Kolajen,95,2,t,voonka-collagen-beauty-plus-karpuz-cilek-aromali-300gr
8683229603713,,Joy Drops Kayganlaştırıcı Jel Çikolata Aromalı 125 ml,,Sağlık Ve Medikal > Cinsel Sağlık Ürünleri > Masaj Yağları,95,2,t,joy-drops-kayganlastirici-jel-cikolata-aromali-125-ml
8681807005225,,Büyüvit Infectum 100 ml Takviye Edici Gıda,MCG PHARMA,Besin Takviyeleri > Bağışıklık Sistemi Güçlendirme > Bağışıklık Sistemi Güçlendirici Şuruplar,94,2,t,buyuvit-infectum-100-ml-takviye-edici-gida
8680133000751,,Magnimore Plus 120 Tablet,,Besin Takviyeleri > Minareller > Magnezyum Mineralleri > Magnezyum Malat,94,2,t,magnimore-plus-120-tablet
8690097225961,,Avicenna Pregofem 60 Yumuşak Kapsül,,Besin Takviyeleri > Omega Yağ Asitleri > Omega 3,92,2,t,avicenna-pregofem-60-yumusak-kapsul
8683675618033,,LeeRoy Chudo-X Glukosamin Chondroitin MSM 200 Tablet,,Besin Takviyeleri > Eklem Sağlığı Ürünleri,92,1,t,leeroy-chudo-x-glukosamin-chondroitin-msm-200-tablet
8699910802365,,Resverol Resveratrol Ve Quercetin İçeren Sıvı Takviye Edici Gıda 150 ml,,Besin Takviyeleri > Bağışıklık Sistemi Güçlendirme > Bağışıklık Sistemi Güçlendirici Şuruplar,92,1,t,resverol-resveratrol-ve-quercetin-iceren-sivi-takviye-edici-gida-150-ml
8699313000603,,Proling Delay Krem 56 ml,Viaxi,Sağlık Ve Medikal > Cinsel Sağlık Ürünleri,90,2,t,proling-delay-krem-56-ml
8683229603720,,Joy Drops Kayganlaştırıcı Jel Çilek Aromalı 125 ml,,Sağlık Ve Medikal > Cinsel Sağlık Ürünleri > Masaj Yağları,90,2,t,joy-drops-kayganlastirici-jel-cilek-aromali-125-ml
8680133003318,,Magnimore Magnezyum Bisglisinat 120 mg 60 Kapsül,,Besin Takviyeleri > Minareller > Magnezyum Mineralleri > Magnezyum Bisglisinat,89,3,t,magnimore-magnezyum-bisglisinat-120-mg-60-kapsul
3264680039027,,Promosyon - Nuxe Makyaj Çanta ve Merveliance Lift Firming Cream 15ml,,Promosyonlar - Hediye Ürünler,89,1,t,promosyon-nuxe-makyaj-canta-ve-merveliance-lift-firming-cream-15ml
2165465465366,,Sambucol Plus Kids Yummies 60 Çiğnenebilir Jelibon 2'li Set,Sambucol,Besin Takviyeleri > Bağışıklık Sistemi Güçlendirme > Karamürver,87,1,t,sambucol-plus-kids-yummies-60-cignenebilir-jelibon-2li-set
8684674069116,,Voonka Collagen Beauty Plus - Yeşil Elma Aromalı - 300gr,Voonka,Besin Takviyeleri > Kolajen,86,2,t,voonka-collagen-beauty-plus-yesil-elma-aromali-300gr
8684408000033,,Elipse Kulak Tıkacı 2li Silikon,,Sağlık Ve Medikal > Medikal > Kulak Tıkacı,85,2,t,elipse-kulak-tikaci-2li-silikon
8681807005218,,Büyüvit Imuno Şurup 100 ml,MCG PHARMA,Besin Takviyeleri > Bağışıklık Sistemi Güçlendirme > Bağışıklık Sistemi Güçlendirici Şuruplar,84,2,t,buyuvit-imuno-surup-100-ml
8032472035503,,Theranatur Öksürük Şurubu 128 gr,,Besin Takviyeleri > Bağışıklık Sistemi Güçlendirme,84,1,t,theranatur-oksuruk-surubu-128-gr
8699680190013,,Wellcare Omega 3 1200mg Balık Yağı 30 Kapsül,,Besin Takviyeleri > Omega Yağ Asitleri > Omega 3,84,3,t,wellcare-omega-3-1200mg-balik-yagi-30-kapsul
8680287030758,,Haliborange Portakal Aromalı Omega-3 Destekli Multivitamin 60 Kapsül,,Besin Takviyeleri > Omega Yağ Asitleri > Bebek & Çoçuklar İçin Omega Yağ Asitleri,83,1,t,haliborange-portakal-aromali-omega-3-destekli-multivitamin-60-kapsul
8690088011726,,Avicenna OmeCap 80 Yumuşak Kapsül,Avicenna,Besin Takviyeleri > Omega Yağ Asitleri > Omega 3,82,2,t,avicenna-omecap-80-yumusak-kapsul
3660398503919,,"Biorga Cystiphane L-Sistin, Çinko, L-Arjinin, Vitamin B6 içeren Takviye Edici Gıda 60 Tablet",,Besin Takviyeleri > Minareller > Çinko Mineralleri,82,2,t,biorga-cystiphane-l-sistin-cinko-l-arjinin-vitamin-b6-iceren-takviye-edici-gida-60-tablet
8680512636021,,Nutraxin Easy Sleep 60 Tablet,,Besin Takviyeleri > Uyku Destek Ürünleri,82,2,t,nutraxin-easy-sleep-60-tablet
8683655089518,,Voonka Max Basem Citrate 30 Saşe,,Besin Takviyeleri > Minareller > Magnezyum Mineralleri > Magnezyum Bisglisinat,82,2,t,voonka-max-basem-citrate-30-sase
8680176000668,,İmuneks Micro-Glucan Plus Beta Glukan 30 Kapsül,,Besin Takviyeleri > Bağışıklık Sistemi Güçlendirme > Yetişkinler İçin Bağışıklık Güçlendirme,82,1,t,imuneks-micro-glucan-plus-beta-glukan-30-kapsul
8682792377380,,Sjomann's Fishoil Omega-3 High 30 Çiğnenebilir Jel Tablet,,Besin Takviyeleri > Omega Yağ Asitleri > Omega 3,81,1,t,sjomanns-fishoil-omega-3-high-30-cignenebilir-jel-tablet
8680176000664,,İmuneks Micro-Glucan Plus Beta Glukan 30 Kapsül - 2AL1ÖDE,,Besin Takviyeleri > Bağışıklık Sistemi Güçlendirme > Yetişkinler İçin Bağışıklık Güçlendirme,80,1,t,imuneks-micro-glucan-plus-beta-glukan-30-kapsul-2al1ode
8681291005282,,Centrum Advance 50+ Multivitamin 30 Tablet,Centrum,Besin Takviyeleri > MultiVitaminler,79,1,t,centrum-advance-50-multivitamin-30-tablet
8681072355308,,Patecon Plus 30 Kapsül,Patecon,Besin Takviyeleri > Eklem Sağlığı Ürünleri > Glukozamine Ürünleri,79,2,t,patecon-plus-30-kapsul
8699177825206,,Lamiderm Yara ve Yanık Kremi 60 ml,Lamiderm,Cilt Bakımı > Cilt Bakım Kremleri,77,1,t,lamiderm-yara-ve-yanik-kremi-60-ml
8681571357599,,Suda Collagen Multiform+ Magnesium 30 x 15 gr - Portakal Aromalı,Suda Collagen,Besin Takviyeleri > Kolajen,77,2,t,suda-collagen-multiform-magnesium-30-x-15-gr-portakal-aromali
7640128141297,,New Life B Active Trio 30 Tablet,,Besin Takviyeleri > Vitaminler > B Vitamin Complex % B12,76,2,t,new-life-b-active-trio-30-tablet
5052197058017,,Durex Naturals Pure Jel 100 ml,,Sağlık Ve Medikal > Cinsel Sağlık Ürünleri > Kayganlaştırıcı Jeller,75,2,t,durex-naturals-pure-jel-100-ml
5011417592632,,Durex Play 2si 1 Arada Aloe Vera Rahatlatıcı Etkili Jel 200 ml,,Sağlık Ve Medikal > Cinsel Sağlık Ürünleri > Prezervatifler,75,2,t,durex-play-2si-1-arada-aloe-vera-rahatlatici-etkili-jel-200-ml
618059018411,,Phyto Phytophanere 120 Kapsül,,Besin Takviyeleri > Kadın Besin Takviyeleri,75,1,t,phyto-phytophanere-120-kapsul
8683229603690,,Joy Drops Kayganlaştırıcı Jel Natural 125 ml,,Sağlık Ve Medikal > Cinsel Sağlık Ürünleri > Masaj Yağları,74,2,t,joy-drops-kayganlastirici-jel-natural-125-ml
8681480370115,,Resetin Siyah Üzüm Kabuk ve Çekirdek Ekstraktı 250 ml,,Besin Takviyeleri > Bağışıklık Sistemi Güçlendirme,74,1,t,resetin-siyah-uzum-kabuk-ve-cekirdek-ekstrakti-250-ml
8697595871997,,Ocean OsteoFine Takviye Edici Gıda 60 Tablet,Ocean,Besin Takviyeleri > Eklem Sağlığı Ürünleri > Glukozamine Ürünleri,73,2,t,ocean-osteofine-takviye-edici-gida-60-tablet
8681291000409,,Theranatur Ahududu Aromalı Pastil 16 Adet,Theranatur,Besin Takviyeleri > Pastiller,73,1,t,theranatur-ahududu-aromali-pastil-16-adet
8683229603706,,Joy Drops 2in1 Kayganlaştırıcı Masaj Jeli,,Sağlık Ve Medikal > Cinsel Sağlık Ürünleri > Masaj Yağları,73,2,t,joy-drops-2in1-kayganlastirici-masaj-jeli
8680645530609,,Nbt Life Omegalife 2400mg 60 Kapsül,,Besin Takviyeleri > Omega Yağ Asitleri > Omega 3,72,1,t,nbt-life-omegalife-2400mg-60-kapsul
8697595872604,,Ocean İmunol Complex Takviye Edici Gıda 30 Kapsül,Ocean,Besin Takviyeleri > Bağışıklık Sistemi Güçlendirme > Yetişkinler İçin Bağışıklık Güçlendirme,71,2,t,ocean-imunol-complex-takviye-edici-gida-30-kapsul
8680287030734,,Haliborange Softies Kalsiyum & D Vitamini 60 Çiğneme Tablet,,Besin Takviyeleri > Minareller > Kalsiyum Mineralleri,71,1,t,haliborange-softies-kalsiyum-d-vitamini-60-cigneme-tablet
8681807005270,,Büyüvit Tissus Sprey 30 ml,MCG PHARMA,Besin Takviyeleri > Bağışıklık Sistemi Güçlendirme > Bebek & Çocuklar İçin Bağışıklık Güçlendirme,70,2,t,buyuvit-tissus-sprey-30-ml
8680287030703,,Haliborange Multivitamin Çilek Aromalı 60 Softgel,,Besin Takviyeleri > MultiVitaminler,70,1,t,haliborange-multivitamin-cilek-aromali-60-softgel
8699514590248,,Youplus D3K2 Vitamin Damla 20 ml,,Besin Takviyeleri > Vitaminler > D3 K2 Vitamini,70,1,t,youplus-d3k2-vitamin-damla-20-ml
8685063350044,,Barbaris Ceramide +Sod 30 Kapsül,Barbaris,Besin Takviyeleri > Antioksidanlar > Koenzim Q10 Takviyeleri,69,1,t,barbaris-ceramide-sod-30-kapsul
8680133000447,,Omepa DK2 Omega 3 & Vitamin D & MENAQ7 50 Yumuşak Kapsül,Tabilaç,Besin Takviyeleri > Vitaminler > D3 K2 Vitamini,69,2,t,omepa-dk2-omega-3-vitamin-d-menaq7-50-yumusak-kapsul
8681942652674,,Dentac T-Mask 3 Katlı Renkli Mix Paket Yüz Maskesi 10 Adet,Dentac,Sağlık Ve Medikal > Covid 19 Ürünleri,68,1,t,dentac-t-mask-3-katli-renkli-mix-paket-yuz-maskesi-10-adet
8681807005393,,Dayvıon D3 K2 Damla 20 ML,MCG PHARMA,Besin Takviyeleri > Vitaminler > D3 K2 Vitamini,68,2,t,dayvion-d3-k2-damla-20-ml
3662042014536,,Blephaclean 20 Adet Göz Makyaj Temizleme Mendili,,Sağlık Ve Medikal > Göz Sağlığı Ürünleri,68,2,t,blephaclean-20-adet-goz-makyaj-temizleme-mendili
8850956034107,,Okey Nirvana Sens+ Prezervatif 8 Adet,,Sağlık Ve Medikal > Cinsel Sağlık Ürünleri > Prezervatifler,68,3,t,okey-nirvana-sens-prezervatif-8-adet
8684556640167,,Suda Collagen Multiform Toz Kutu Ananas Aromalı 360 gr,Suda Collagen,Besin Takviyeleri > Kolajen,67,1,t,suda-collagen-multiform-toz-kutu-ananas-aromali-360-gr
8683655089600,,Voonka Collagen Bonafix Tip 123 - Karışık Meyve Aromalı - 30x50ml,Voonka,Besin Takviyeleri > Kolajen,67,2,t,voonka-collagen-bonafix-tip-123-karisik-meyve-aromali-30x50ml
8680645530500,,Nbt Life Duobalance Bv Cran 14 Kapsül,Nbt İlaç,Besin Takviyeleri > Sindirim Sistemi Ve Probiyotikler > Yetişkinler İçin Probiyotikler,64,2,t,nbt-life-duobalance-bv-cran-14-kapsul
8680400772305,,Haver Mag Active 60 Tablet,,Besin Takviyeleri > Minareller > Magnezyum Mineralleri > Magnezyum Malat,64,1,t,haver-mag-active-60-tablet
8699550350011,,Mediwell Dudak Bakım Kremi - Muz 5ml,,Cilt Bakımı > Dudak Bakım Ürünleri > Dudak Nemlendiriciler,64,1,t,mediwell-dudak-bakim-kremi-muz-5ml
8699550350042,,Mediwell Dudak Bakım Kremi - Tutti Frutti 5ml,,Cilt Bakımı > Dudak Bakım Ürünleri > Dudak Nemlendiriciler,64,1,t,mediwell-dudak-bakim-kremi-tutti-frutti-5ml
850084388279,,Day2Day The Collagen Beauty Core 30 Tablet,,Besin Takviyeleri > Kolajen,63,2,t,day2day-the-collagen-beauty-core-30-tablet
8697595870815,,Ocean Balık Yağı Şurubu Limon Aromalı 150ml,,Besin Takviyeleri > Omega Yağ Asitleri > Bebek & Çoçuklar İçin Omega Yağ Asitleri,63,3,t,ocean-balik-yagi-surubu-limon-aromali-150ml
8697595872598,,Ocean Cranberry Turna Yemişi Ekstresi 36 mg Pac 30 Tablet,,Besin Takviyeleri > Bitkisel Besin Destekleri,63,2,t,ocean-cranberry-turna-yemisi-ekstresi-36-mg-pac-30-tablet
8697595873724,,Ocean Gummies Multivitamin 60 Yumuşak Tablet,,Besin Takviyeleri > MultiVitaminler,63,2,t,ocean-gummies-multivitamin-60-yumusak-tablet
8680176000435,,İmuneks Plus 30 Kapsül,Imuneks,Besin Takviyeleri > Bağışıklık Sistemi Güçlendirme > Yetişkinler İçin Bağışıklık Güçlendirme,61,1,t,imuneks-plus-30-kapsul
8683675618019,,LeeRoy ProSame 400mg 60 Tablet,LeeRoy,Besin Takviyeleri > Bitkisel Besin Destekleri,61,1,t,leeroy-prosame-400mg-60-tablet
8682225516294,,Vitabiotics İmmunace İmmune System 30 Tablet,VITABIOTICS,Besin Takviyeleri > Vitaminler > D3 K2 Vitamini,61,1,t,vitabiotics-immunace-immune-system-30-tablet
8680176000439,,İmuneks Plus 30 Kapsül - 2AL1ÖDE,,Besin Takviyeleri > Bağışıklık Sistemi Güçlendirme > Yetişkinler İçin Bağışıklık Güçlendirme,61,1,t,imuneks-plus-30-kapsul-2al1ode
8699910802747,,Resverol Plus Resveratrol Ve Quercetin 30 Tablet,,Besin Takviyeleri > Bağışıklık Sistemi Güçlendirme > Bağışıklık Sistemi Güçlendirici Haplar,60,1,t,resverol-plus-resveratrol-ve-quercetin-30-tablet
8680014260267,,Vicol Bitkisel Damla 50 ml,Vitamaks,Besin Takviyeleri > Bitkisel Besin Destekleri,59,2,t,vicol-bitkisel-damla-50-ml
8680176001593,,İmuneks Imumax Plus Kids Boğaz Spreyi 20 ml,Imuneks,Besin Takviyeleri > Bağışıklık Sistemi Güçlendirme > Bebek & Çocuklar İçin Bağışıklık Güçlendirme,58,2,t,imuneks-imumax-plus-kids-bogaz-spreyi-20-ml
8681571354383,,Suda Collagen + Probiotic Ananas Aromalı Pineapple Saşe 30x10 Gr,Suda Collagen,Besin Takviyeleri > Kolajen,58,2,t,suda-collagen-probiotic-ananas-aromali-pineapple-sase-30x10-gr
8683655089532,,Voonka Multi Collagen Chocolate 380gr,Voonka,Besin Takviyeleri > Kolajen,58,1,t,voonka-multi-collagen-chocolate-380gr
8697595874172,,Ocean Cranberry Alana Intımate Gel Hediye,,Besin Takviyeleri > Bitkisel Besin Destekleri,58,3,t,ocean-cranberry-alana-intimate-gel-hediye
8680400772404,,Haver Sitikolin Omega 3 AllDay 60 Yumuşak Kapsül,Haver,Besin Takviyeleri > Hafıza Sağlığı,57,1,t,haver-sitikolin-omega-3-allday-60-yumusak-kapsul
8683955895208,,SunLife MAG Complex 20 Efervesan Tablet,Sunlife,Besin Takviyeleri > Vitaminler > B Vitamin Complex % B12,57,1,t,sunlife-mag-complex-20-efervesan-tablet
8682048493673,,Delta Vegatamin D3 K2 Sprey Damla 20 ml,,Besin Takviyeleri > Vitaminler > D Vitaminleri,57,1,t,delta-vegatamin-d3-k2-sprey-damla-20-ml
4103040905528,,"Sebamed İntim Menapoz Ph 6,8 Yıkama Jeli 200 ml 2 Adet",,Sağlık Ve Medikal > İntim Ürünleri,57,1,t,sebamed-intim-menapoz-ph-68-yikama-jeli-200-ml-2-adet
33984019508,,Solgar Methylcobalamin (B12) 1000 mcg 30 Dilaltı Tablet,,Besin Takviyeleri > Vitaminler > B Vitamin Complex % B12,57,2,t,solgar-methylcobalamin-b12-1000-mcg-30-dilalti-tablet
8682304243509,,Kiperin Collagen Peptides 500gr,Kiperin,Besin Takviyeleri > Kolajen,56,3,t,kiperin-collagen-peptides-500gr
8681807005201,,Osisoft Burun Spreyi 20 ml,MCG PHARMA,Sağlık Ve Medikal > Burun Açıcı Ürünler,56,2,t,osisoft-burun-spreyi-20-ml
8697595876275,,Ocean Day2Day The Collagen Beauty Gummies 60 Yumuşak Jel Kapsül,Ocean,Besin Takviyeleri > Kolajen,56,2,t,ocean-day2day-the-collagen-beauty-gummies-60-yumusak-jel-kapsul
8681571359975,,Suda Collagen Multiform Sambucus Vişne Flover 40ml x 30 Shot,Suda Collagen,Besin Takviyeleri > Kolajen,56,1,t,suda-collagen-multiform-sambucus-visne-flover-40ml-x-30-shot
8684408000026,,Elipse Kulak Tıkacı Çam Tipi,,Sağlık Ve Medikal > Medikal > Kulak Tıkacı,56,2,t,elipse-kulak-tikaci-cam-tipi
8697595872307,,Ocean Proceive Men 30 Şase,,Besin Takviyeleri > Erkek Besin Takviyeleri,56,2,t,ocean-proceive-men-30-sase
8680176001357,,İmuneks Magnezyum Combo 3'lü Etki 30 Tablet,,Besin Takviyeleri > Minareller > Magnezyum Mineralleri > Magnezyum Malat,56,1,t,imuneks-magnezyum-combo-3lu-etki-30-tablet
8681571356196,,Suda Collagen Fxone - Elma Aromalı - 390 gr,Suda Collagen,Besin Takviyeleri > Kolajen,55,1,t,suda-collagen-fxone-elma-aromali-390-gr
8682792377090,,EasyFishoil Plus Omega 3 - Tutti Frutti - Çiğnenebilir 30 Jel Tablet,,Besin Takviyeleri > Omega Yağ Asitleri > Omega 3,55,1,t,easyfishoil-plus-omega-3-tutti-frutti-cignenebilir-30-jel-tablet
850071952650,,Ocean Ultimate 30 Kapsül,Ocean,Besin Takviyeleri > Omega Yağ Asitleri > Omega 3,54,3,t,ocean-ultimate-30-kapsul
8681571357568,,Suda Collagen Fxone 60 Tablet,Suda Collagen,Besin Takviyeleri > Kolajen,54,2,t,suda-collagen-fxone-60-tablet
8699546001217,,Bayer Habitro Maxforce Hamamböceği Jeli 5 gr,Bayer,Sağlık Ve Medikal > Haşere Kovucular İnteksitit Ürünler,53,2,t,bayer-habitro-maxforce-hamambocegi-jeli-5-gr
8699680010250,,Wellcare Magnezyum B6 Vitamini 60 Tablet,,Besin Takviyeleri > Minareller > Magnezyum Mineralleri > Magnezyum Malat,53,2,t,wellcare-magnezyum-b6-vitamini-60-tablet
8680176000763,,İmuneks 50 mg 40 Kapsül,Imuneks,Besin Takviyeleri > Bağışıklık Sistemi Güçlendirme > Yetişkinler İçin Bağışıklık Güçlendirme,52,1,t,imuneks-50-mg-40-kapsul
8850956093883,,Okey Zero Prezervatif 20 Adet,,Sağlık Ve Medikal > Cinsel Sağlık Ürünleri > Prezervatifler,52,2,t,okey-zero-prezervatif-20-adet
8699177825602,,Nurse Harveys StraDerm Plus Onarıcı Jel 40 gr,Nurse harveys,Kişisel Bakım > Ağız Bakım Ürünleri > Ağız Yarası(aft ürünleri),50,2,t,nurse-harveys-straderm-plus-onarici-jel-40-gr
4043752393552,,Varta Kulak Pili No: 13 6lı,Varta,Sağlık Ve Medikal > Medikal > Piller,50,2,t,varta-kulak-pili-no-13-6li
8680645530371,,Nbt Life Magnezyum P5P Vitamin B6 60 Kapsül,,Besin Takviyeleri > Minareller > Magnezyum Mineralleri > Magnezyum Sitrat,50,1,t,nbt-life-magnezyum-p5p-vitamin-b6-60-kapsul
8684674069291,,Voonka Magna Pro Day 30 Kapsül,,Besin Takviyeleri > Minareller > Magnezyum Mineralleri > Magnezyum Malat,50,1,t,voonka-magna-pro-day-30-kapsul
8684674069307,,Voonka MagnaPro Night 30 Kapsül Magnezyum,,Besin Takviyeleri > Takviye Edici Gıda Ürünleri,50,1,t,voonka-magnapro-night-30-kapsul-magnezyum
8690097325975,,Avicenna Majivitex 30 Tablet,Avicenna,Besin Takviyeleri > Kadın Besin Takviyeleri,49,2,t,avicenna-majivitex-30-tablet
8699540250383,,NBL Probiotic Gold 20 Stick Saşe,NBL,Besin Takviyeleri > Sindirim Sistemi Ve Probiyotikler,49,1,t,nbl-probiotic-gold-20-stick-sase
8680645530449,,Nbt Life Duobalance Bv 14 Kapsül,Nbt İlaç,Besin Takviyeleri > Sindirim Sistemi Ve Probiyotikler > Yetişkinler İçin Probiyotikler,49,1,t,nbt-life-duobalance-bv-14-kapsul
8697595876220,,Ocean Day2Day The Collagen MagPlus 30 Saşe,Ocean,Besin Takviyeleri > Kolajen,49,2,t,ocean-day2day-the-collagen-magplus-30-sase
8697595873052,,Ocean Rhodiola 250mg 30 Kapsül,Ocean,Besin Takviyeleri > Bitkisel Besin Destekleri,49,2,t,ocean-rhodiola-250mg-30-kapsul
8682048493697,,Delta Folate 60 Tablet,,Besin Takviyeleri > Vitaminler > Folic Acid,49,2,t,delta-folate-60-tablet
8690730006537,,Esemmat Güve Stop - 3 Askı + 3 Çekmece -,Esemmat,Sağlık Ve Medikal > Haşere Kovucular İnteksitit Ürünler,48,2,t,esemmat-guve-stop-3-aski-3-cekmece
8690730068108,,Esemmat Kablosuz Elektrolit Mini Set 68-1,Esemmat,Sağlık Ve Medikal > Haşere Kovucular İnteksitit Ürünler,48,2,t,esemmat-kablosuz-elektrolit-mini-set-68-1
8682241302239,,Voonka Omega 3 975 mg 50 Kapsül,Voonka,Besin Takviyeleri > Omega Yağ Asitleri > Omega 3,48,1,t,voonka-omega-3-975-mg-50-kapsul
8690530048218,,Detan Defans Sinek Kovucu Vücut Losyonu 100 ml,,Sağlık Ve Medikal > Haşere Kovucular İnteksitit Ürünler,48,1,t,detan-defans-sinek-kovucu-vucut-losyonu-100-ml
8697595872109,,Ocean Curcumin 30 Kapsül,,Besin Takviyeleri > Bağışıklık Sistemi Güçlendirme > Yetişkinler İçin Bağışıklık Güçlendirme,48,2,t,ocean-curcumin-30-kapsul
8690088022449,,Avicenna Kudret Narı 90 Yumuşak Kapsül,Avicenna,Besin Takviyeleri > Bitkisel Besin Destekleri,47,2,t,avicenna-kudret-nari-90-yumusak-kapsul
8690530048096,,Defans Sinek Kovucu Vücut Spreyi 50ml Protect,Defans,Sağlık Ve Medikal > Haşere Kovucular İnteksitit Ürünler,47,1,t,defans-sinek-kovucu-vucut-spreyi-50ml-protect
850081345695,,Ocean DHA 30 Kapsül,Ocean,Besin Takviyeleri > Omega Yağ Asitleri > Omega 3,47,2,t,ocean-dha-30-kapsul
8680807008311,,Voonka Glucogen Dual 90 Tablet,Voonka,Besin Takviyeleri > Eklem Sağlığı Ürünleri > Glukozamine Ürünleri,47,1,t,voonka-glucogen-dual-90-tablet
8690998214523,,Balparmak Apitera Up Plus 6 Adet 7 x 7 GR,,Besin Takviyeleri > Bağışıklık Sistemi Güçlendirme > Yetişkinler İçin Bağışıklık Güçlendirme,47,1,t,balparmak-apitera-up-plus-6-adet-7-x-7-gr
8690998214538,,Balparmak Apitera Up Plus 8 Adet 7 x 7 GR,,Besin Takviyeleri > Bağışıklık Sistemi Güçlendirme,47,1,t,balparmak-apitera-up-plus-8-adet-7-x-7-gr
8680133001505,,Lectus B12 1000mg 5 ml,,Besin Takviyeleri > Vitaminler > B Vitamin Complex % B12,47,2,t,lectus-b12-1000mg-5-ml
8684674069284,,Voonka Magnapro Day-Night Magnezyum Kompleks 60 Kapsül,,Besin Takviyeleri > Minareller > Magnezyum Mineralleri > Magnezyum Malat,47,1,t,voonka-magnapro-day-night-magnezyum-kompleks-60-kapsul
8682048493628,,Delta CogniMax 60 Kapsül,Delta Naturel,Besin Takviyeleri > Hafıza Sağlığı,46,2,t,delta-cognimax-60-kapsul
618059018404,,Phyto Phytophanere 2x120 Kapsül,Phyto,Besin Takviyeleri > Kadın Besin Takviyeleri,46,1,t,phyto-phytophanere-2x120-kapsul
8699313000610,,Proling Delay Sprey 59 ml,Viaxi,Sağlık Ve Medikal > Cinsel Sağlık Ürünleri,46,2,t,proling-delay-sprey-59-ml
8690530050136,,Defans Sinek Kovucu Vücut Spreyi 100ml Protect,,Sağlık Ve Medikal > Haşere Kovucular İnteksitit Ürünler,46,1,t,defans-sinek-kovucu-vucut-spreyi-100ml-protect
8680176000039,,İmuneks Inflamax Optimize Zerdeçöp 60 Kapsül,Imuneks,Besin Takviyeleri > Bağışıklık Sistemi Güçlendirme > Yetişkinler İçin Bağışıklık Güçlendirme,45,1,t,imuneks-inflamax-optimize-zerdecop-60-kapsul
8690570554731,,Veet Professional Tüy Dökücü Krem Sprey Hassas Ciltler 150 ml,Veet,Kişisel Bakım > Tüy Dökücüler Ve Gidericiler > Tüy Gidericiler,45,2,t,veet-professional-tuy-dokucu-krem-sprey-hassas-ciltler-150-ml
8680512660804,,Nutraxin Curcumin Plus Vitamin D 50 mg 30 Kapsül,,Besin Takviyeleri > Bitkisel Besin Destekleri,45,2,t,nutraxin-curcumin-plus-vitamin-d-50-mg-30-kapsul
8699555001236,,Şanlı Kapsikumlu Delikli Yakı 12 Adet,Şanlı,Sağlık Ve Medikal > Eklem Sağlığı,44,1,t,sanli-kapsikumlu-delikli-yaki-12-adet
8850956034527,,Okey Zero Tenn Prezervatif 8 Adet,,Sağlık Ve Medikal > Cinsel Sağlık Ürünleri > Prezervatifler,44,2,t,okey-zero-tenn-prezervatif-8-adet
8680176000429,,Outlet - İmuneks Q10 30 Kapsül,,Outlet Ürünler > OUTLET - Besin Takviyeleri,44,1,t,outlet-imuneks-q10-30-kapsul
8680145080399,,Promosyon - Biolane Plaj Çantası,,Promosyonlar - Hediye Ürünler,44,1,t,promosyon-biolane-plaj-cantasi
8681942655095,,Dentac T-Mask 3 Katlı Çocuk Maskesi 50 Adet,Dentac,Sağlık Ve Medikal > Maskeler,43,1,t,dentac-t-mask-3-katli-cocuk-maskesi-50-adet
8681285103062,,B-Good Şeffaf Yara Bandı,,Sağlık Ve Medikal > Yara Ve Yanık Ürünleri,43,2,t,b-good-seffaf-yara-bandi
8157595871415,,Ocean Vitamin D3 1000 IU,,Besin Takviyeleri > Vitaminler > D Vitaminleri,43,1,t,ocean-vitamin-d3-1000-iu
8680176000091,,İmuneks Imumax Sprey 30 ml,,Besin Takviyeleri > Bağışıklık Sistemi Güçlendirme,43,1,t,imuneks-imumax-sprey-30-ml
8682048493604,,Delta CogniMax 30 Kapsül,Delta Naturel,Besin Takviyeleri > Hafıza Sağlığı,42,2,t,delta-cognimax-30-kapsul
8682340346912,,Atavit Kids Multivitamin Gummies 60 Yumuşak Kapsül,,Besin Takviyeleri > MultiVitaminler,42,2,t,atavit-kids-multivitamin-gummies-60-yumusak-kapsul
3660398504282,,Biorga Cystiphane Saç Dökülmesine Karşı Bakım Seti -3'lü-,,Besin Takviyeleri > Minareller > Çinko Mineralleri,42,2,t,biorga-cystiphane-sac-dokulmesine-karsi-bakim-seti-3lu
8683561175015,,Delta P-5-P Vitamin B6 300ml,,Besin Takviyeleri > Bağışıklık Sistemi Güçlendirme > Bağışıklık Sistemi Güçlendirici Şuruplar,42,2,t,delta-p-5-p-vitamin-b6-300ml
8690530030442,,Detan Defans Su Bazlı Sinek Kovucu Losyon 100 ml,,Sağlık Ve Medikal > Haşere Kovucular İnteksitit Ürünler,42,1,t,detan-defans-su-bazli-sinek-kovucu-losyon-100-ml
8697595874028,,Ocean Extramag 30 Saşe + Extramag Threog 60 Tablet,Ocean,Besin Takviyeleri > Minareller > Magnezyum Mineralleri > Magnezyum Malat,41,2,t,ocean-extramag-30-sase-extramag-threog-60-tablet
8697595873472,,Ocean ExtraMag Threog Takviye Edici Gıda 60 Tablet,,Besin Takviyeleri > Minareller > Magnezyum Mineralleri > Magnezyum Bisglisinat,41,2,t,ocean-extramag-threog-takviye-edici-gida-60-tablet
8681480370116,,Resetin Siyah Üzüm Kabuk ve Çekirdek Ekstraktı 250 ml x 2 Adet,Enoant,Besin Takviyeleri > Bağışıklık Sistemi Güçlendirme > Bağışıklık Sistemi Güçlendirici Şuruplar,40,1,t,resetin-siyah-uzum-kabuk-ve-cekirdek-ekstrakti-250-ml-x-2-adet
8690730000122,,Esemmat Tablet Makina Kablosuz 5 adet,Esemmat,Sağlık Ve Medikal > Haşere Kovucular İnteksitit Ürünler,40,2,t,esemmat-tablet-makina-kablosuz-5-adet
8692860200009,,OUTLET - Nutrigen Üzüm Çekirdeği Ekstreli Şurup 200 ml,Nutrigen,Outlet Ürünler > OUTLET - Besin Takviyeleri,40,1,t,outlet-nutrigen-uzum-cekirdegi-ekstreli-surup-200-ml
8681807005158,,OUTLET-Osiwax  Kulak Damlası  30 ml,,Sağlık Ve Medikal > Medikal > Ortopedik Ürün Ve Gereçleri > Ortopedik Korseler,40,1,t,outlet-osiwax-kulak-damlasi-30-ml
8699313000283,,Viaxi Whitening Cream 50 ml,,Sağlık Ve Medikal > Cinsel Sağlık Ürünleri > Kadın Cinsel Ürünleri,40,2,t,viaxi-whitening-cream-50-ml
8680176001296,,İmuneks İmumax Şurup 150 ml,,Besin Takviyeleri > Bağışıklık Sistemi Güçlendirme > Yetişkinler İçin Bağışıklık Güçlendirme,40,2,t,imuneks-imumax-surup-150-ml
8690998215993,,Apitera Propolis 7X7 GR 8 LI,Balparmak,Besin Takviyeleri > Bağışıklık Sistemi Güçlendirme > Polen ve Propolis,39,1,t,apitera-propolis-7x7-gr-8-li
850081345329,,Ocean L-Teanin 30 Kapsül,Ocean,Sağlık Ve Medikal > Zayıflama Ve Diyet Ürünleri,39,1,t,ocean-l-teanin-30-kapsul
8697595872581,,Ocean Vitamin C-SR 30 Tablet,Ocean,Besin Takviyeleri > Vitaminler > C Vitaminleri,39,3,t,ocean-vitamin-c-sr-30-tablet
8690998150838,,Balparmak Apitera Zen Plus 12 Adet 7x7 gr,,Besin Takviyeleri > Bağışıklık Sistemi Güçlendirme > Yetişkinler İçin Bağışıklık Güçlendirme,39,1,t,balparmak-apitera-zen-plus-12-adet-7x7-gr
8690998214613,,Balparmak Apitera Zen Plus 8 Adet 7 x 7 GR,,Besin Takviyeleri > Bağışıklık Sistemi Güçlendirme,39,1,t,balparmak-apitera-zen-plus-8-adet-7-x-7-gr
8682792377360,,Outlet - Sjomann's Biotin 3000mg 30 Çiğnenebilir Jel Tablet,,Outlet Ürünler > OUTLET - Besin Takviyeleri,39,1,t,outlet-sjomanns-biotin-3000mg-30-cignenebilir-jel-tablet
8690998215979,,Apitera Gest 7X7 GR 8 LI,Balparmak,Besin Takviyeleri > Bağışıklık Sistemi Güçlendirme > Polen ve Propolis,38,1,t,apitera-gest-7x7-gr-8-li
8690998216228,,Apitera Mur 7X7 GR 8 LI,Balparmak,Besin Takviyeleri > Bağışıklık Sistemi Güçlendirme > Polen ve Propolis,38,1,t,apitera-mur-7x7-gr-8-li
8682048493642,,Delta Beta Max 30 Tablet,Delta Naturel,Besin Takviyeleri > Bağışıklık Sistemi Güçlendirme > Yetişkinler İçin Bağışıklık Güçlendirme,38,2,t,delta-beta-max-30-tablet
8680645530920,,Nbt Life Super B 60 Kapsül,Nbt İlaç,Sağlık Ve Medikal > Zayıflama Ve Diyet Ürünleri,38,1,t,nbt-life-super-b-60-kapsul
8697595871348,,Ocean Astaksantin Doğal Antioksidan 30 Kapsül,Ocean,Besin Takviyeleri > Antioksidanlar > Koenzim Q10 Takviyeleri,38,1,t,ocean-astaksantin-dogal-antioksidan-30-kapsul
8680133001857,,LifeXtra OnHepa 30 Kapsül,Tabilaç,Besin Takviyeleri > Bitkisel Besin Destekleri,38,2,t,lifextra-onhepa-30-kapsul
8683873980482,,Natuwell Magnezyum Complex+ 60 Tablet,,Besin Takviyeleri > Minareller > Magnezyum Mineralleri > Magnezyum Malat,38,1,t,natuwell-magnezyum-complex-60-tablet
8680807008305,,OUTLET - Voonka Ginseng Ginkgo Biloba ve L-Arginine 30 kapsül,,Besin Takviyeleri > MultiVitaminler,38,1,t,outlet-voonka-ginseng-ginkgo-biloba-ve-l-arginine-30-kapsul
3595899728084,,OUTLET-PARANIT Bit ve Sirke Spreyi 100ml,,Sağlık Ve Medikal > Bit Ve Sirke Ürünleri,37,1,t,outlet-paranit-bit-ve-sirke-spreyi-100ml
8699514150800,,Probest Digestive 20 Kapsül,Abdi İbrahim,Besin Takviyeleri > Sindirim Sistemi Ve Probiyotikler > Yetişkinler İçin Probiyotikler,36,1,t,probest-digestive-20-kapsul
8690998150845,,Balparmak Apitera Zen Plus 6 Adet 7x7 gr,Balparmak,Besin Takviyeleri > Bağışıklık Sistemi Güçlendirme > Polen ve Propolis,36,1,t,balparmak-apitera-zen-plus-6-adet-7x7-gr
8683561175077,,Delta CeraPlus 30 Kapsül,Delta Naturel,Besin Takviyeleri > Antioksidanlar > Antioksidan İçeren C Vitaminleri,36,1,t,delta-ceraplus-30-kapsul
8697796003111,,NutraFarm Ceramide Complex 30 Kapsül,Dermoskin,Besin Takviyeleri > Kolajen,36,1,t,nutrafarm-ceramide-complex-30-kapsul
8699540150089,,NBL Gynobiotic 10 Kapsül,NBL,Besin Takviyeleri > Sindirim Sistemi Ve Probiyotikler > Yetişkinler İçin Probiyotikler,36,1,t,nbl-gynobiotic-10-kapsul
8699540080065,,NBL Probiotic Optima 30 Çiğneme Tableti,NBL,Besin Takviyeleri > Sindirim Sistemi Ve Probiyotikler > Yetişkinler İçin Probiyotikler,36,1,t,nbl-probiotic-optima-30-cigneme-tableti
8680512634805,,Nutraxin Quercetin+Bromelian 30 Tablet,Nutraxin,Besin Takviyeleri > Bağışıklık Sistemi Güçlendirme > Yetişkinler İçin Bağışıklık Güçlendirme,36,2,t,nutraxin-quercetinbromelian-30-tablet
8683655089884,,Voonka Collagen Bonafix Tip 1-2-3 Powder 410gr,Voonka,Besin Takviyeleri > Kolajen,36,2,t,voonka-collagen-bonafix-tip-1-2-3-powder-410gr
8683655089235,,Voonka Vitamin D3 for Kids 400 IU Sprey&Damla 20 ml,,Besin Takviyeleri > Vitaminler > D Vitaminleri,36,1,t,voonka-vitamin-d3-for-kids-400-iu-spreydamla-20-ml
8680176000992,,İmuneks  D3K2 30 ml Damla,,Besin Takviyeleri > Vitaminler > D3 K2 Vitamini,36,1,t,imuneks-d3k2-30-ml-damla
8680176000169,,İmuneks Imumax Burun Spreyi 15 ml,Imuneks,Sağlık Ve Medikal > Burun Açıcı Ürünler,35,1,t,imuneks-imumax-burun-spreyi-15-ml
8699216520154,,Rc Pharma Ligone Beta Glucan Probiotic Multivitamin 30 Kapsül,Rc Farma,Besin Takviyeleri > MultiVitaminler,35,1,t,rc-pharma-ligone-beta-glucan-probiotic-multivitamin-30-kapsul
8682241302352,,Voonka One & Only DBTC Multivitamin 62 Tablet,Voonka,Besin Takviyeleri > Vitaminler > D3 K2 Vitamini,35,1,t,voonka-one-only-dbtc-multivitamin-62-tablet
8682792377403,,Easyvit EasyFish Oil Omega 3 - Çilek&Limon Aromalı - Çiğnenebilir 30 Jel Tablet,,Besin Takviyeleri > Omega Yağ Asitleri > Omega 3,35,1,t,easyvit-easyfish-oil-omega-3-cileklimon-aromali-cignenebilir-30-jel-tablet
8699708151989,,PANPLUS GOLD 60 KAPSÜL,Assos,Besin Takviyeleri > Kadın Besin Takviyeleri,34,2,t,panplus-gold-60-kapsul
8691254302327,,Capicade Löykotomos Eğreltisi ve Astaksantin İçeren 30 Kapsül,CAPİCADE,Besin Takviyeleri > Bitkisel Besin Destekleri,34,1,t,capicade-loykotomos-egreltisi-ve-astaksantin-iceren-30-kapsul
8690730000727,,OUTLET - Esemmat Sineklere Karşı Kokusuz Sprey 300 ml,Esemmat,Sağlık Ve Medikal > Haşere Kovucular İnteksitit Ürünler,34,1,t,outlet-esemmat-sineklere-karsi-kokusuz-sprey-300-ml
8699678000010,,Farmin Çok Zehirli Fare Zehiri,Farmin,Sağlık Ve Medikal > Haşere Kovucular İnteksitit Ürünler,34,2,t,farmin-cok-zehirli-fare-zehiri
8680176000268,,İmuneks İmuseng G365 30 Kapsül,Imuneks,Besin Takviyeleri > MultiVitaminler,34,1,t,imuneks-imuseng-g365-30-kapsul
8681571352259,,Suda Vitamin Vitamins Mens Formula Proxine Pro Support 60 Kapsül,Suda Vitamin,Besin Takviyeleri > Vitaminler > D3 K2 Vitamini,34,1,t,suda-vitamin-vitamins-mens-formula-proxine-pro-support-60-kapsul
8680133000737,,Krilom Omega-3 Astaksantin Soft Jel 100 Kapsül,Tabilaç,Besin Takviyeleri > Omega Yağ Asitleri > Omega 3,34,3,t,krilom-omega-3-astaksantin-soft-jel-100-kapsul
8690097525993,,Avicenna B12 1000mcg 20ml,,Besin Takviyeleri > Vitaminler > B Vitamin Complex % B12,34,1,t,avicenna-b12-1000mcg-20ml
8680645530975,,Nbt Life Endofer Kids 30 ml,,Besin Takviyeleri > Minareller > Demir Mineralleri,34,2,t,nbt-life-endofer-kids-30-ml
8680645531262,,Nbt Life Bromelain Plus CR 30 Kapsül,Nbt İlaç,Besin Takviyeleri > Form Destek Ürünleri,33,2,t,nbt-life-bromelain-plus-cr-30-kapsul
7640128141204,,New Life C-1000 Plus Takviye Edici Gıda 30 Kapsül,New Life,Besin Takviyeleri > Vitaminler > C Vitaminleri,33,1,t,new-life-c-1000-plus-takviye-edici-gida-30-kapsul
8697595871218,,Ocean Koenzim Q10 100 Mg 30 Kapsül,Ocean,Besin Takviyeleri > Antioksidanlar > Koenzim Q10 Takviyeleri,33,2,t,ocean-koenzim-q10-100-mg-30-kapsul
8681571355779,,Suda Collagen Multiform 90 Tablet,Suda Collagen,Besin Takviyeleri > Bağışıklık Sistemi Güçlendirme > Bağışıklık Sistemi Güçlendirici Haplar,33,1,t,suda-collagen-multiform-90-tablet
8682792377274,,EasyFishoil Grow Balık Yağı - Limon&Çilek Aromalı - 30 Çiğnenebilir Jel Tablet,,Besin Takviyeleri > Omega Yağ Asitleri > Bebek & Çoçuklar İçin Omega Yağ Asitleri,33,1,t,easyfishoil-grow-balik-yagi-limoncilek-aromali-30-cignenebilir-jel-tablet
8699284270951,,Baybay İmmun 150ml,ENAFARMA,Besin Takviyeleri > Bağışıklık Sistemi Güçlendirme > Bebek & Çocuklar İçin Bağışıklık Güçlendirme,32,2,t,baybay-immun-150ml
8697595876114,,Ocean Day2Day The Collagen Beauty Elastin 30 Tablet,Ocean,Besin Takviyeleri > Kolajen,32,2,t,ocean-day2day-the-collagen-beauty-elastin-30-tablet
8697595871355,,Ocean Krill Oil 30 Kapsül,Ocean,Besin Takviyeleri > Omega Yağ Asitleri > Omega 3,32,2,t,ocean-krill-oil-30-kapsul
3331300097023,,Sterimar Deniz Suyu Burun Spreyi Bebek 100 ml,Sterimar,Sağlık Ve Medikal > Burun Açıcı Ürünler,32,2,t,sterimar-deniz-suyu-burun-spreyi-bebek-100-ml
8690712028335,,Zade Vital Curcumin Zerdeçal Forte Daily 60 Kapsül,Zade Vital,Besin Takviyeleri > Bitkisel Besin Destekleri,32,1,t,zade-vital-curcumin-zerdecal-forte-daily-60-kapsul
8682340346929,,Atavit Kids Omega 3 Gummies 60 Yumuşak Kapsül,,Besin Takviyeleri > Omega Yağ Asitleri > Bebek & Çoçuklar İçin Omega Yağ Asitleri,32,1,t,atavit-kids-omega-3-gummies-60-yumusak-kapsul
8690088023811,,Avicenna Folid Plus 28 Tablet,,Besin Takviyeleri > Vitaminler > Folic Acid,32,1,t,avicenna-folid-plus-28-tablet
8682048493635,,Delta Methly B12 Plus Sprey 10 ml,,Besin Takviyeleri > Vitaminler > B Vitamin Complex % B12,32,2,t,delta-methly-b12-plus-sprey-10-ml
8683873980505,,Natuwell Magneline Pro 60 Tablet,,Besin Takviyeleri > Minareller > Magnezyum Mineralleri > Magnezyum Malat,32,2,t,natuwell-magneline-pro-60-tablet
8680645530753,,Nbt Life Renovate 30 Şase,,Besin Takviyeleri > Sindirim Sistemi Ve Probiyotikler > Yetişkinler İçin Probiyotikler,32,2,t,nbt-life-renovate-30-sase
8699680010304,,Wellcare Magnezyum B6 Vitamini 120 Tablet,,Besin Takviyeleri > Minareller > Magnezyum Mineralleri > Magnezyum Bisglisinat,32,1,t,wellcare-magnezyum-b6-vitamini-120-tablet
8683989410002,,Envu K-Othrine SC 50 Haşere İlacı 50 ml,Bayer,Sağlık Ve Medikal > Haşere Kovucular İnteksitit Ürünler,31,1,t,envu-k-othrine-sc-50-hasere-ilaci-50-ml
8683060770132,,Enterogermina Kids 2-10 Yaş Probiyotik - 5 ml x 20 Flakon x 2 Adet,Enterogermina,Besin Takviyeleri > Sindirim Sistemi Ve Probiyotikler > Bebek & Çocuklar İçin Probiyotikler,31,1,t,enterogermina-kids-2-10-yas-probiyotik-5-ml-x-20-flakon-x-2-adet
8697595873427,,Ocean Bromelain 500mg 30 Kapsül,Ocean,Besin Takviyeleri > Sindirim Sistemi Ve Probiyotikler,31,3,t,ocean-bromelain-500mg-30-kapsul
8697595876121,,Ocean Day2Day The Collagen All Body Toz Form Takviye Edici Gıda 300 g,Ocean,Besin Takviyeleri > Kolajen,31,2,t,ocean-day2day-the-collagen-all-body-toz-form-takviye-edici-gida-300-g
8684674069086,,Voonka Collagen Beauty Plus - Ananas Aromalı - 300gr,Voonka,Besin Takviyeleri > Kolajen,31,2,t,voonka-collagen-beauty-plus-ananas-aromali-300gr
8680645530937,,Nbt Life MultiLife 60 Kapsül,,Besin Takviyeleri > MultiVitaminler,31,1,t,nbt-life-multilife-60-kapsul
8680512660842,,Nutraxin Hepa Forte Takviye Edici Gıda 60 Tablet,,Besin Takviyeleri > Bitkisel Besin Destekleri,31,2,t,nutraxin-hepa-forte-takviye-edici-gida-60-tablet
850081345046,,Ocean D3K2 Damla 20ml x 2 Adet  Avantajlı Paket,,Besin Takviyeleri > Vitaminler > D3 K2 Vitamini,31,1,t,ocean-d3k2-damla-20ml-x-2-adet-avantajli-paket
8699245892116,,Otifleks Uçuş Kulak Tıkacı Medium,,Sağlık Ve Medikal > Medikal > Kulak Tıkacı,31,2,t,otifleks-ucus-kulak-tikaci-medium
8683655089549,,Voonka Multi Collagen Chocolate Takviye Edici Gıda 30 Saşe,,Besin Takviyeleri > Kolajen,31,1,t,voonka-multi-collagen-chocolate-takviye-edici-gida-30-sase
8680176001029,,İmuneks Methyl B12 10 ml,,Besin Takviyeleri > Vitaminler > B Vitamin Complex % B12,31,1,t,imuneks-methyl-b12-10-ml
8681807005287,,Osimix-c 1000mg 20 Efervesan Tablet,MCG PHARMA,Besin Takviyeleri > Bağışıklık Sistemi Güçlendirme,30,2,t,osimix-c-1000mg-20-efervesan-tablet
7098621592145,,Minion Horlama Önleyici Burun Aparatı Kutusuz 3 Adet,Minion,Sağlık Ve Medikal > Horlama Önleyiciler,30,1,t,minion-horlama-onleyici-burun-aparati-kutusuz-3-adet
8680645530326,,Nbt Life Duobalance Mood 30 Kapsül,Nbt İlaç,Besin Takviyeleri > Sindirim Sistemi Ve Probiyotikler,30,1,t,nbt-life-duobalance-mood-30-kapsul
3331300097245,,Sterimar Blocked Nose Burun Spreyi 100 ml,Sterimar,Sağlık Ve Medikal > Burun Açıcı Ürünler,30,2,t,sterimar-blocked-nose-burun-spreyi-100-ml
8680133003424,,Magnimore Kids Takviye Edici Gıda 200 ML,Tabilaç,Besin Takviyeleri > Minareller > Magnezyum Mineralleri > Magnezyum Bisglisinat,30,2,t,magnimore-kids-takviye-edici-gida-200-ml
8683655089397,,OUTLET - Voonka Bromelain 60 Kapsül,Voonka,Besin Takviyeleri > Bitkisel Besin Destekleri,30,1,t,outlet-voonka-bromelain-60-kapsul
8681794082506,,EasyFishoil Q Omega&Kolin Kids 30 Çiğnenebilir Jel Tablet,,Besin Takviyeleri > Omega Yağ Asitleri > Bebek & Çoçuklar İçin Omega Yağ Asitleri,30,1,t,easyfishoil-q-omegakolin-kids-30-cignenebilir-jel-tablet
8684674069314,,Voonka Alfa PWR Demir Dikeni L-Arjinin Kore Ginsengi 90 Kapsül,,Besin Takviyeleri > MultiVitaminler,30,1,t,voonka-alfa-pwr-demir-dikeni-l-arjinin-kore-ginsengi-90-kapsul
8690088023019,,Avicenna Curcumin Plus 30 Kapsül,Avicenna,Besin Takviyeleri > Bağışıklık Sistemi Güçlendirme > Yetişkinler İçin Bağışıklık Güçlendirme,29,2,t,avicenna-curcumin-plus-30-kapsul
810071801020,,Breathe Right Orijinal / Büyük Boy Burun Bandı 10 Adet,Breath Right,Sağlık Ve Medikal > Horlama Önleyiciler,29,1,t,breathe-right-orijinal-buyuk-boy-burun-bandi-10-adet
8683561175008,,Delta DiaMix 30 Saşe,Delta Naturel,Sağlık Ve Medikal > Zayıflama Ve Diyet Ürünleri,29,2,t,delta-diamix-30-sase
8680145084299,,BlefariTTO Lens Solüsyonu 6×60 ml,Jeomed,Sağlık Ve Medikal > Göz Sağlığı Ürünleri,29,1,t,blefaritto-lens-solusyonu-660-ml
8698621592534,,MINION Ventil Filtreli Maske MN967 FFP 3 Kırmızı 2 Adet,Minion,Sağlık Ve Medikal > Maskeler,29,1,t,minion-ventil-filtreli-maske-mn967-ffp-3-kirmizi-2-adet
8698973761008,,Nimo Med Dijital Nem ve Sıcaklık Ölçer - SH-101 -,Nimo,Sağlık Ve Medikal > Medikal > Termometreler,29,2,t,nimo-med-dijital-nem-ve-sicaklik-olcer-sh-101
8697595872703,,Ocean Ginkgo Biloba 30 Kapsül,Ocean,Besin Takviyeleri > Bitkisel Besin Destekleri,29,2,t,ocean-ginkgo-biloba-30-kapsul
8699009455441,,Barbaris Collagen & Elastin Powder 30 Saşe,,Besin Takviyeleri > Kolajen,29,2,t,barbaris-collagen-elastin-powder-30-sase
8684382998098,,Fortune Fix Esnek Flaster 5 cm x 5 m,,Sağlık Ve Medikal > Yara Ve Yanık Ürünleri,29,2,t,fortune-fix-esnek-flaster-5-cm-x-5-m
5060409581927,,Outlet - Nutrigen Üzüm 200 ml + Aquas Kids SPF 50+ Sun Cream Çocuk Güneş Kremi 100 ml Yaz Seti,,Outlet Ürünler > OUTLET - Besin Takviyeleri,29,1,t,outlet-nutrigen-uzum-200-ml-aquas-kids-spf-50-sun-cream-cocuk-gunes-kremi-100-ml-yaz-seti
8682792377373,,Sjomann's D3K2 30 Çiğnenebilir Jel Tablet,,Besin Takviyeleri > Vitaminler > D3 K2 Vitamini,29,1,t,sjomanns-d3k2-30-cignenebilir-jel-tablet
8681571356233,,Suda Collagen + Probiyotik Multiform Toz Kutu Takviye Edici Gıda 300 gr,,Besin Takviyeleri > Kadın Besin Takviyeleri,29,1,t,suda-collagen-probiyotik-multiform-toz-kutu-takviye-edici-gida-300-gr
8680133003479,,Tabvitamins Feritinol 30 Saşe,,Besin Takviyeleri > Minareller > Demir Mineralleri,29,2,t,tabvitamins-feritinol-30-sase
8699514190110,,YouPlus 1000 mg Omega-3 2x30 Kapsül,,Besin Takviyeleri > Omega Yağ Asitleri > Omega 3,29,1,t,youplus-1000-mg-omega-3-2x30-kapsul
8680713008160,,Poblex Çam Tipi Kulak Tıkacı - S -,Poblex,Sağlık Ve Medikal > Medikal,28,1,t,poblex-cam-tipi-kulak-tikaci-s
8681110200126,,EasyFishoil Omega 3 Çocuk Çiğnenebilir 30 Jel Tablet,,Besin Takviyeleri > Omega Yağ Asitleri > Bebek & Çoçuklar İçin Omega Yağ Asitleri,28,1,t,easyfishoil-omega-3-cocuk-cignenebilir-30-jel-tablet
7640128141365,,New Life Mag4 Day & Night 60 Tablet,,Besin Takviyeleri > Minareller > Magnezyum Mineralleri > Magnezyum Malat,28,2,t,new-life-mag4-day-night-60-tablet
8697595872413,,Ocean Alfa Lipoik Asit 200 mg 30 Tablet,,Besin Takviyeleri > Antioksidanlar > Koenzim Q10 Takviyeleri,28,2,t,ocean-alfa-lipoik-asit-200-mg-30-tablet
8697595872017,,Ocean Nem Kompleks 30 Tablet,,Besin Takviyeleri > Eklem Sağlığı Ürünleri > Glukozamine Ürünleri,28,2,t,ocean-nem-kompleks-30-tablet
8697595874035,,Ocean Çinko Bisglisinat 150 ml,,Besin Takviyeleri > Minareller > Krom Mineralleri,28,2,t,ocean-cinko-bisglisinat-150-ml
8680133000102,,Pahsa Tip II Kolajen 30 Tablet,,Besin Takviyeleri > Kolajen,28,2,t,pahsa-tip-ii-kolajen-30-tablet
8690088005435,,Avicenna Powmax 30 Tablet,Avicenna,Besin Takviyeleri > Bağışıklık Sistemi Güçlendirme > Yetişkinler İçin Bağışıklık Güçlendirme,27,1,t,avicenna-powmax-30-tablet
8680176001173,,İmuneks Koenzim Q10 100mg 30 Kapsül,Imuneks,Besin Takviyeleri > Antioksidanlar > Koenzim Q10 Takviyeleri,27,1,t,imuneks-koenzim-q10-100mg-30-kapsul
8699216520314,,Ligone Probiyotik 30 Kapsül,Rc Farma,Besin Takviyeleri > Sindirim Sistemi Ve Probiyotikler > Yetişkinler İçin Probiyotikler,27,1,t,ligone-probiyotik-30-kapsul
8681571352242,,Suda Vitamin Vitamins Womens Formula MenoWell 60 Tablets,Suda Vitamin,Besin Takviyeleri > Vitaminler > D3 K2 Vitamini,27,1,t,suda-vitamin-vitamins-womens-formula-menowell-60-tablets
8683955895253,,Sunlife Substoff Tatlandırıcı 1200 Tablet + 300 Tablet Hediye,Sunlife,Sağlık Ve Medikal > Tatlandırıcılar,27,1,t,sunlife-substoff-tatlandirici-1200-tablet-300-tablet-hediye
8699540025738,,NBL Glucosamine Chondroitin Advanced 60 Tablet,,Besin Takviyeleri > Eklem Sağlığı Ürünleri,27,1,t,nbl-glucosamine-chondroitin-advanced-60-tablet
8697595872321,,Ocean ExtraMag Üçlü Kombinasyon Takviye Edici Gıda 30 Tablet,,Besin Takviyeleri > Minareller > Magnezyum Mineralleri > Magnezyum Malat,27,2,t,ocean-extramag-uclu-kombinasyon-takviye-edici-gida-30-tablet
8684674069277,,QMEL Cogni Biotic Probiyotik 30 Kapsül,,Besin Takviyeleri > Sindirim Sistemi Ve Probiyotikler > Yetişkinler İçin Probiyotikler,27,1,t,qmel-cogni-biotic-probiyotik-30-kapsul
8681571356264,,Suda Collagen Fxone Elma Aromalı Takviye Edici Gıda 30 x 13 gr Toz Şase,,Besin Takviyeleri > Kolajen,27,1,t,suda-collagen-fxone-elma-aromali-takviye-edici-gida-30-x-13-gr-toz-sase
8681571357391,,Suda Vitamin Suda-D D3+K2 Takviye Edici Gıda 60 Kapsül,,Besin Takviyeleri > Vitaminler > D Vitaminleri,27,1,t,suda-vitamin-suda-d-d3k2-takviye-edici-gida-60-kapsul
8680176000466,,İmuneks Lacneferex Vitamin Ve Mineral İçeren Gıda Takviyesi 60 Kapsül,,Besin Takviyeleri > Bağışıklık Sistemi Güçlendirme > Yetişkinler İçin Bağışıklık Güçlendirme,27,1,t,imuneks-lacneferex-vitamin-ve-mineral-iceren-gida-takviyesi-60-kapsul
8682408684369,,Argivit İmmun C Şurup 150 ml,HEKİM,Besin Takviyeleri > Bağışıklık Sistemi Güçlendirme > Bebek & Çocuklar İçin Bağışıklık Güçlendirme,26,1,t,argivit-immun-c-surup-150-ml
8697595873663,,Ocean Cosakondrin Kompleks Jel 100 ml,Ocean,Sağlık Ve Medikal > Eklem Sağlığı,26,2,t,ocean-cosakondrin-kompleks-jel-100-ml
8697595873014,,Ocean Hyaluronik Asit 150mg 30 Kapsül,Ocean,Besin Takviyeleri > Hyalüronik Asit,26,3,t,ocean-hyaluronik-asit-150mg-30-kapsul
8682792377398,,Outlet - Sjomann's Koenzim Q10 100mg 30 Çiğnenebilir Jel Tablet,Outlet,Outlet Ürünler > OUTLET - Besin Takviyeleri,26,1,t,outlet-sjomanns-koenzim-q10-100mg-30-cignenebilir-jel-tablet
7391899856995,,Renu Multiplus Lens Solüsyonu 2'li Ekonomik Paket 2 x 360 ml,RENU,Sağlık Ve Medikal > Göz Sağlığı Ürünleri,26,1,t,renu-multiplus-lens-solusyonu-2li-ekonomik-paket-2-x-360-ml
8681571355212,,Suda Vitamin Multifem Multivitamin 60 Kapsül,Suda Vitamin,Besin Takviyeleri > Vitaminler,26,1,t,suda-vitamin-multifem-multivitamin-60-kapsul
8680133001277,,LifeXtra B-Aktif Kompleks 60 Kapsül,,Besin Takviyeleri > Vitaminler > B Vitamin Complex % B12,26,2,t,lifextra-b-aktif-kompleks-60-kapsul
8697595872314,,Ocean Selenyum 100 mg 30 Kapsül,,Besin Takviyeleri > Minareller > Selenyum Mineralleri,26,2,t,ocean-selenyum-100-mg-30-kapsul
8684674069185,,QMEL Life Biotic Probiyotik 30 Kapsül,,Besin Takviyeleri > Sindirim Sistemi Ve Probiyotikler > Yetişkinler İçin Probiyotikler,26,1,t,qmel-life-biotic-probiyotik-30-kapsul
8681571357131,,Suda Vitamin Vitamin B12 Dil Altı Spreyi 10 ml,,Besin Takviyeleri > Vitaminler > B Vitamin Complex % B12,26,1,t,suda-vitamin-vitamin-b12-dil-alti-spreyi-10-ml
8690712026911,,Zade Vital Çinko Plus Takviye Edici Gıda 30 Kapsül,,Besin Takviyeleri > Minareller > Çinko Mineralleri,26,1,t,zade-vital-cinko-plus-takviye-edici-gida-30-kapsul
8680176001050,,İmuneks Magneporal Magnesium 20 Saşe,,Besin Takviyeleri > Minareller > Magnezyum Mineralleri > Magnezyum Bisglisinat,26,1,t,imuneks-magneporal-magnesium-20-sase
3701129803692,,"OUTLET - Bioderma Photoderm SPF 30 AKN Mat Yağlı, Akneli Cilt için Sivilce Karşıtı Matlaştırıcı Güneş Kremi 40 ml",Bioderma,Güneş Kremleri > Cilt Tipine Göre Güneş Kremleri > Karma Ciltler için Güneş Kremi,25,1,t,outlet-bioderma-photoderm-spf-30-akn-mat-yagli-akneli-cilt-icin-sivilce-karsiti-matlastirici-gunes-kremi-40-ml
8680400771261,,Haver Sitikolin Cognizin 250mg 30 Kapsül,Haver,Besin Takviyeleri > Vitaminler > D3 K2 Vitamini,25,1,t,haver-sitikolin-cognizin-250mg-30-kapsul
8680176001166,,İmuneks Koenzim Q10 200mg 30 Kapsül,Imuneks,Besin Takviyeleri > Antioksidanlar > Koenzim Q10 Takviyeleri,25,1,t,imuneks-koenzim-q10-200mg-30-kapsul
8680176000695,,İmuneks Vitamin D3 400 IU 20 ml,Imuneks,Besin Takviyeleri > Vitaminler > D Vitaminleri,25,1,t,imuneks-vitamin-d3-400-iu-20-ml
8683086160268,,Sidrex Colovita Sıvı 150 ml,Sidrex,Besin Takviyeleri > Sindirim Sistemi Ve Probiyotikler > Yetişkinler İçin Probiyotikler,25,1,t,sidrex-colovita-sivi-150-ml
8683561175039,,Delta MagnePure 60 Kapsül,,Besin Takviyeleri > Minareller > Magnezyum Mineralleri > Magnezyum Sitrat,25,2,t,delta-magnepure-60-kapsul
8684408000019,,Elipse Kulak Tıkacı İpli Silikon 2li,,Sağlık Ve Medikal > Medikal > Kulak Tıkacı,25,2,t,elipse-kulak-tikaci-ipli-silikon-2li
8850956393878,,OUTLET-Okey Zero Ekstra İnce Formlu Prezervatif 10'lu,,Sağlık Ve Medikal > Cinsel Sağlık Ürünleri > Prezervatifler,25,1,t,outlet-okey-zero-ekstra-ince-formlu-prezervatif-10lu
8680176000954,,İmuneks Be Limitless 60 Kapsül,,Besin Takviyeleri > MultiVitaminler,25,1,t,imuneks-be-limitless-60-kapsul
8699856710083,,"Artelac Advanced Göz Damlası 30 x 0,5 ml",Artelac,Sağlık Ve Medikal > Göz Sağlığı Ürünleri,24,2,t,artelac-advanced-goz-damlasi-30-x-05-ml
4043752174748,,Duracell Activair İşitme Cihazı Pili 6'lı No: 312,Duracell,Sağlık Ve Medikal > Medikal > Piller,24,2,t,duracell-activair-isitme-cihazi-pili-6li-no-312
8682408684000,,Argivit Classic Takviye Edici Gıda 150 ml,HEKİM,Besin Takviyeleri > MultiVitaminler,24,1,t,argivit-classic-takviye-edici-gida-150-ml
8699540091733,,NBL Glukozamin Kondroitin Msm 60 Tablet,NBL,Besin Takviyeleri > Eklem Sağlığı Ürünleri > Glukozamine Ürünleri,24,1,t,nbl-glukozamin-kondroitin-msm-60-tablet
4015672112230,,Omron M2 Basic Tansiyon Aleti Dijital Koldan Ölçer - 7121J-E -,Omron,Sağlık Ve Medikal > Medikal > Tansiyon Aletleri,24,2,t,omron-m2-basic-tansiyon-aleti-dijital-koldan-olcer-7121j-e
8681291004469,,Parodontax Diş Eti Sağlığı Günlük Ağız Bakım Suyu - Nane Ferahlığı / Alkolsüz - 500 ml,Parodontax,Kişisel Bakım > Ağız Bakım Ürünleri > Ağız Gargaraları,24,2,t,parodontax-dis-eti-sagligi-gunluk-agiz-bakim-suyu-nane-ferahligi-alkolsuz-500-ml
8680287030161,,Sambucol Plus 15 Kapsül,Sambucol,Besin Takviyeleri > Bağışıklık Sistemi Güçlendirme > Karamürver,24,1,t,sambucol-plus-15-kapsul
8681571352013,,Suda Vitamin Vitamins For Woman Over 50 MultiFem 50+ 50 Kapsül,Suda Vitamin,Besin Takviyeleri > Vitaminler > D3 K2 Vitamini,24,1,t,suda-vitamin-vitamins-for-woman-over-50-multifem-50-50-kapsul
8690088005732,,Avicenna Glukozamin & Kondroitin & MSM & Hyaluronik Asit 90 Tablet,,Besin Takviyeleri > Eklem Sağlığı Ürünleri > Glukozamine Ürünleri,24,1,t,avicenna-glukozamin-kondroitin-msm-hyaluronik-asit-90-tablet
8690998214524,,Balparmak Apitera Up Plus 12 Adet 7 x 7 GR,,Besin Takviyeleri > Bağışıklık Sistemi Güçlendirme > Yetişkinler İçin Bağışıklık Güçlendirme,24,1,t,balparmak-apitera-up-plus-12-adet-7-x-7-gr
8690998214522,,Balparmak Apitera Up Plus 3 Adet 7 x 7 GR,,Besin Takviyeleri > Bağışıklık Sistemi Güçlendirme > Yetişkinler İçin Bağışıklık Güçlendirme,24,1,t,balparmak-apitera-up-plus-3-adet-7-x-7-gr
8680512631859,,Bioxcin Biotin 5000mcg 30 Tablet,,Besin Takviyeleri > Vitaminler > Biotin,24,2,t,bioxcin-biotin-5000mcg-30-tablet
8680133002366,,Lectus Kids Balık Yağı Karışık Meyve Aromalı 150 ml,,Besin Takviyeleri > Omega Yağ Asitleri > Bebek & Çoçuklar İçin Omega Yağ Asitleri,24,1,t,lectus-kids-balik-yagi-karisik-meyve-aromali-150-ml
8680645531033,,Nbt Life PulseMag 60 Kapsül,,Besin Takviyeleri > Minareller > Magnezyum Mineralleri > Magnezyum Taurat,24,1,t,nbt-life-pulsemag-60-kapsul
8680645530746,,Nbt Life Quattro 30 Tablet,,Besin Takviyeleri > Vitaminler > B Vitamin Complex % B12,24,1,t,nbt-life-quattro-30-tablet
8690088000027,,Avicenna MDA 60 Kapsül,Avicenna,Besin Takviyeleri > Bitkisel Besin Destekleri,23,2,t,avicenna-mda-60-kapsul
5745000115143,,Culturelle Kids Probiyotik 10 Saşe,Diğer Bakım Ürünleri,Besin Takviyeleri > Sindirim Sistemi Ve Probiyotikler > Bebek & Çocuklar İçin Probiyotikler,23,1,t,culturelle-kids-probiyotik-10-sase
8690730006742,,Esemmat Hamam Böceği Yemi 4 Adet,Esemmat,Sağlık Ve Medikal > Haşere Kovucular İnteksitit Ürünler,23,2,t,esemmat-hamam-bocegi-yemi-4-adet
8680760010703,,Humanis Vitamin B12 90 Tablet,Humanis,Besin Takviyeleri > Vitaminler > B Vitamin Complex % B12,23,1,t,humanis-vitamin-b12-90-tablet
8680176000473,,İmuneks Prezema 30 Kapsül Takviye Edici Gıda,Imuneks,Besin Takviyeleri > Sindirim Sistemi Ve Probiyotikler > Yetişkinler İçin Probiyotikler,23,1,t,imuneks-prezema-30-kapsul-takviye-edici-gida
8680176001302,,İmuneks İmumax Kids Şurup 120 ml,Imuneks,Besin Takviyeleri > Bağışıklık Sistemi Güçlendirme > Bebek & Çocuklar İçin Bağışıklık Güçlendirme,23,1,t,imuneks-imumax-kids-surup-120-ml
8699540250345,,NBL Probiotic ATP 20 Saşe,NBL,Besin Takviyeleri > Sindirim Sistemi Ve Probiyotikler,23,1,t,nbl-probiotic-atp-20-sase
8698973761961,,Nimo Taşınabilir Mesh Nebülizatör - HNK-MESH-01 -,Nimo,Sağlık Ve Medikal > Medikal > Nebulizatör,23,2,t,nimo-tasinabilir-mesh-nebulizator-hnk-mesh-01
850084388019,,Ocean Koenzim QH 30 Kapsül,Ocean,Besin Takviyeleri > Antioksidanlar > Koenzim Q10 Takviyeleri,23,1,t,ocean-koenzim-qh-30-kapsul
8684674069178,,QMEL Mood Biotic Probiyotik 30 Kapsül,QMEL,Besin Takviyeleri > Sindirim Sistemi Ve Probiyotikler > Yetişkinler İçin Probiyotikler,23,1,t,qmel-mood-biotic-probiyotik-30-kapsul
8682340346936,,Atavit Kids K2&D3&Magnezyum Gummies 60 Yumuşak Kapsül,,Besin Takviyeleri > Vitaminler & Mineraller,23,1,t,atavit-kids-k2d3magnezyum-gummies-60-yumusak-kapsul
8680645530234,,Nbt Life Narla 30 Kapsül,,Besin Takviyeleri > Antioksidanlar > Koenzim Q10 Takviyeleri,23,1,t,nbt-life-narla-30-kapsul
8850956093884,,OUTLET-Okey Zero Prezervatif 20 Adet,,Sağlık Ve Medikal > Cinsel Sağlık Ürünleri > Prezervatifler,23,1,t,outlet-okey-zero-prezervatif-20-adet
8697595872390,,Ocean Capillus Women 60 Tablet,,Besin Takviyeleri > Kadın Besin Takviyeleri,23,2,t,ocean-capillus-women-60-tablet
850077028502,,Ocean Methyl  B12 1000 MCG Sprey 10 ML,,Besin Takviyeleri > Vitaminler > B Vitamin Complex % B12,23,1,t,ocean-methyl-b12-1000-mcg-sprey-10-ml
8682225516270,,Vitabiotics Osteocare Original 30 Tablet,,Besin Takviyeleri > Minareller > Kalsiyum Mineralleri,23,1,t,vitabiotics-osteocare-original-30-tablet
8680176000043,,İmuneks Inflamax Optimize Zerdeçöp 60 Kapsül x 2 Adet,,Besin Takviyeleri > Bağışıklık Sistemi Güçlendirme > Yetişkinler İçin Bağışıklık Güçlendirme,23,1,t,imuneks-inflamax-optimize-zerdecop-60-kapsul-x-2-adet
8680512632900,,Nutraxin Hyaluronic Acid 30 Tablet,Nutraxin,Besin Takviyeleri > Hyalüronik Asit,22,2,t,nutraxin-hyaluronic-acid-30-tablet
8681571355205,,Suda Vitamin Multimen Multivitamin 60 Kapsül,Suda Vitamin,Besin Takviyeleri > MultiVitaminler,22,1,t,suda-vitamin-multimen-multivitamin-60-kapsul
8680133002281,,Nemolix Plus 3 Al 2 Öde,Tabilaç,Besin Takviyeleri > Eklem Sağlığı Ürünleri > Glukozamine Ürünleri,22,1,t,nemolix-plus-3-al-2-ode
8683561175046,,Delta Vegatamin D3 Kids 400IU 20 ml,,Besin Takviyeleri > Vitaminler > D Vitaminleri,22,2,t,delta-vegatamin-d3-kids-400iu-20-ml
8699514020159,,Youplus Vitamin C Çinko Propolis 20 Efervesan Tablet x 2 ADET,,Besin Takviyeleri > Bağışıklık Sistemi Güçlendirme > Polen ve Propolis,22,1,t,youplus-vitamin-c-cinko-propolis-20-efervesan-tablet-x-2-adet
8680176000794,,İmuneks D3K2 20 ml Sprey,,Besin Takviyeleri > Vitaminler > D3 K2 Vitamini,22,1,t,imuneks-d3k2-20-ml-sprey
8699708120039,,Kondromin-S Kalsiyum Efervesan Tablet 60 Tablet,Assos,Besin Takviyeleri > Bitkisel Besin Destekleri,21,2,t,kondromin-s-kalsiyum-efervesan-tablet-60-tablet
8850956393907,,Okey Sımsıkı Prezervatif 10lu,Okey,Sağlık Ve Medikal > Cinsel Sağlık Ürünleri > Prezervatifler,21,3,t,okey-simsiki-prezervatif-10lu
8699245890426,,Otifleks 3D Uyku Maskesi,Otifleks,Sağlık Ve Medikal > Zayıflama Ve Diyet Ürünleri,21,2,t,otifleks-3d-uyku-maskesi
8680713008412,,Poblex Su Tıkacı -Deniz Havuz Duş- 1 Çift Kutulu,Poblex,Sağlık Ve Medikal > Medikal > Kulak Tıkacı,21,1,t,poblex-su-tikaci-deniz-havuz-dus-1-cift-kutulu
8682241302773,,OUTLET - Voonka Querwell-C 500 mg 60 Tablet,,Besin Takviyeleri > Vitaminler > C Vitaminleri,21,1,t,outlet-voonka-querwell-c-500-mg-60-tablet
8699592806521,,Roll Kohezif Bandaj 7.6cm 4.5,,Sağlık Ve Medikal > Yara Ve Yanık Ürünleri,21,2,t,roll-kohezif-bandaj-76cm-45
8680176000848,,İmuneks Omega Optima Şurup 250 ml,,Besin Takviyeleri > Omega Yağ Asitleri > Bebek & Çoçuklar İçin Omega Yağ Asitleri,21,1,t,imuneks-omega-optima-surup-250-ml
8680645531163,,Nbt Life ResQA 30 Kapsül,Nbt İlaç,Besin Takviyeleri > Antioksidanlar > Koenzim Q10 Takviyeleri,20,2,t,nbt-life-resqa-30-kapsul
8684531267204,,Bye Bye Bit Doğal Kokulu Bit Rozeti,Poblex,Sağlık Ve Medikal > Bit Ve Sirke Ürünleri,20,1,t,bye-bye-bit-dogal-kokulu-bit-rozeti
8684531267242,,Bye Bye Bit Doğal Kokulu Çıtçıt Bit Tokası 2'li,Poblex,Sağlık Ve Medikal > Bit Ve Sirke Ürünleri,20,1,t,bye-bye-bit-dogal-kokulu-citcit-bit-tokasi-2li
8681571356622,,Suda Collagen Fxone Aromasız Takviye Edici Gıda 30 x 13 gr Toz Şase,Suda Collagen,Besin Takviyeleri > Vitaminler > D3 K2 Vitamini,20,1,t,suda-collagen-fxone-aromasiz-takviye-edici-gida-30-x-13-gr-toz-sase
8681571359944,,Suda Collagen Multiform Şeftali Aromalı 40 ml x 30 Shot,Suda Collagen,Besin Takviyeleri > Kolajen,20,1,t,suda-collagen-multiform-seftali-aromali-40-ml-x-30-shot
8680133000713,,Nemolix C 30 Tablet,Tabilaç,Besin Takviyeleri > Bitkisel Besin Destekleri,20,2,t,nemolix-c-30-tablet
8681655029343,,Delta Methly B12 Plus Sprey 20 ml,,Besin Takviyeleri > Vitaminler > B Vitamin Complex % B12,20,1,t,delta-methly-b12-plus-sprey-20-ml
5052197058086,,Durex Maraton Prezervatif 10 Adet,,Sağlık Ve Medikal > Cinsel Sağlık Ürünleri > Prezervatifler,20,3,t,durex-maraton-prezervatif-10-adet
8690730007701,,Esemmat Max 2'si 1 Arada Böcek Sinek Sprey 300ml,,Sağlık Ve Medikal > Haşere Kovucular İnteksitit Ürünler,20,1,t,esemmat-max-2si-1-arada-bocek-sinek-sprey-300ml
8680702309315,,Vimex Biotin Extra 60 Tablet 5 Mg,,Besin Takviyeleri > Vitaminler > Biotin,20,1,t,vimex-biotin-extra-60-tablet-5-mg
8680702309391,,Vimex C Plus Üçlü Etki 20 Efervesan Tablet,,Besin Takviyeleri > Vitaminler > C Vitaminleri,20,1,t,vimex-c-plus-uclu-etki-20-efervesan-tablet
8680702309377,,Vimex Calcium Complex 30 Tablet,,Besin Takviyeleri > Minareller > Kalsiyum Mineralleri,20,1,t,vimex-calcium-complex-30-tablet
8680702309445,,Vimex Omega Plus 30 Softgel,,Besin Takviyeleri > Omega Yağ Asitleri > Omega 3,20,1,t,vimex-omega-plus-30-softgel
8680702309803,,Vimex Vitamin D3 400 Iu 20 Ml Sprey - 132 Puf,,Besin Takviyeleri > Vitaminler > D Vitaminleri,20,1,t,vimex-vitamin-d3-400-iu-20-ml-sprey-132-puf
8680702309353,,Vimex-Om 30 Kapsül,,Besin Takviyeleri > MultiVitaminler,20,1,t,vimex-om-30-kapsul
8690797106980,,Wee Baby 698 Pure Kauçuk Uçlu No:1 0-6 Ay Emzik,,Anne ve Bebek > Emzikler & Aksesuarları > Emzikler,20,2,t,wee-baby-698-pure-kaucuk-uclu-no1-0-6-ay-emzik
8680176001135,,İmuneks Bromelain 500mg 30 Tablet,,Besin Takviyeleri > Bitkisel Besin Destekleri,20,1,t,imuneks-bromelain-500mg-30-tablet
8680176000436,,İmuneks Plus 30 Kapsül x 3 ADET,,Besin Takviyeleri > Bağışıklık Sistemi Güçlendirme > Yetişkinler İçin Bağışıklık Güçlendirme,20,1,t,imuneks-plus-30-kapsul-x-3-adet
8680176000718,,İmuneks Vitamin D3 1000 IU Sprey 20 ml,,Besin Takviyeleri > Vitaminler > D Vitaminleri,20,1,t,imuneks-vitamin-d3-1000-iu-sprey-20-ml
8680618036695,,Argivit Focus Takviye Edici Gıda 150 ml,HEKİM,Besin Takviyeleri > Hafıza Sağlığı,19,1,t,argivit-focus-takviye-edici-gida-150-ml
8680400772381,,Haver Sindirim Enzim Kompleksi 60 Kapsül,Haver,Besin Takviyeleri > Sindirim Sistemi Ve Probiyotikler > Yetişkinler İçin Probiyotikler,19,1,t,haver-sindirim-enzim-kompleksi-60-kapsul
8680176001128,,İmuneks CollaNex Pro 284gr,Imuneks,Besin Takviyeleri > Kolajen,19,1,t,imuneks-collanex-pro-284gr
8683675618613,,Leeroy 5-HTP 30 Tablet,LeeRoy,Besin Takviyeleri > Uyku Destek Ürünleri,19,1,t,leeroy-5-htp-30-tablet
8682125462035,,Rc Pharma Newvit Probiyotik 30 Kapsül,Rc Farma,Besin Takviyeleri > Sindirim Sistemi Ve Probiyotikler,19,1,t,rc-pharma-newvit-probiyotik-30-kapsul
8681571355144,,Suda Vitamin Vitamin C 1000mg 60 Kapsül,Suda Vitamin,Besin Takviyeleri > Vitaminler > C Vitaminleri,19,1,t,suda-vitamin-vitamin-c-1000mg-60-kapsul
8697595871509,,OUTLET - Ocean Çörek Otu Yağı 30 Kapsül,,Besin Takviyeleri > Bitkisel Yağlar,19,1,t,outlet-ocean-corek-otu-yagi-30-kapsul
8690530025363,,Okey Kayganlaştırıcı Jel Çilek 100 ml,,Sağlık Ve Medikal > Cinsel Sağlık Ürünleri > Masaj Yağları,19,2,t,okey-kayganlastirici-jel-cilek-100-ml
8680702309872,,Vimex B-Complex 30 Tablet,,Besin Takviyeleri > Vitaminler > B Vitamin Complex % B12,19,1,t,vimex-b-complex-30-tablet
8680702309452,,Vimex D3K2 Sprey 20ml,,Besin Takviyeleri > Vitaminler > D3 K2 Vitamini,19,1,t,vimex-d3k2-sprey-20ml
8680702309919,,Vimex Defence Plus 30 Tablet,,Besin Takviyeleri > Bağışıklık Sistemi Güçlendirme > Bağışıklık Sistemi Güçlendirici Haplar,19,1,t,vimex-defence-plus-30-tablet
8680702309971,,"Vimex Iodine With Selenium Damla 20 Ml - İyot, Selenyum",,Besin Takviyeleri > Vitaminler & Mineraller,19,1,t,vimex-iodine-with-selenium-damla-20-ml-iyot-selenyum
8680702309414,,Vimex Propolis,,Besin Takviyeleri > Bağışıklık Sistemi Güçlendirme > Polen ve Propolis,19,1,t,vimex-propolis
8680702309384,,Vimex-Om Kids Şurup 150 ml,,Besin Takviyeleri > MultiVitaminler,19,1,t,vimex-om-kids-surup-150-ml
8683655089150,,Voonka Collagen Sun Effervescent 15 Tablet,,Besin Takviyeleri > Kolajen,19,1,t,voonka-collagen-sun-effervescent-15-tablet
8690088005800,,Avicenna Gazero Damla 20ml,Avicenna,Besin Takviyeleri > Bitkisel Yağlar,18,1,t,avicenna-gazero-damla-20ml
8680645530722,,Nbt Life Çörek Otu Yağı 30 Kapsül,Nbt İlaç,Besin Takviyeleri > Bitkisel Yağlar,18,1,t,nbt-life-corek-otu-yagi-30-kapsul
8681072355315,,Suitendo 30 Kapsül,Patecon,Besin Takviyeleri > Eklem Sağlığı Ürünleri > Glukozamine Ürünleri,18,1,t,suitendo-30-kapsul
8680713008344,,Poblex Çam Tipi Kulak Tıkacı - L -,Poblex,Sağlık Ve Medikal > Medikal,18,2,t,poblex-cam-tipi-kulak-tikaci-l
8681571352006,,Suda Vitamin Multimen 50+ 50 Kapsül,Suda Vitamin,Besin Takviyeleri > MultiVitaminler,18,1,t,suda-vitamin-multimen-50-50-kapsul
8683655089501,,Voonka Max Glucomannan 500mg 60 Kapsül,Voonka,Besin Takviyeleri > Bitkisel Besin Destekleri,18,1,t,voonka-max-glucomannan-500mg-60-kapsul
8680287030642,,Red Krill Oil 500mg 30 Kapsül,iHealth,Besin Takviyeleri > Omega Yağ Asitleri > Omega 3,18,1,t,red-krill-oil-500mg-30-kapsul
8680400772299,,Haver Mag Active 30 Tablet,,Besin Takviyeleri > Minareller > Magnezyum Mineralleri > Magnezyum Malat,18,1,t,haver-mag-active-30-tablet
8680702309438,,MSL Vimex B12 Vitamini 1000 mcg Dilaltı Sprey 10mL,,Besin Takviyeleri > Vitaminler > B Vitamin Complex % B12,18,1,t,msl-vimex-b12-vitamini-1000-mcg-dilalti-sprey-10ml
7640128141419,,New Life Minerlyte 12 Saşe,,Besin Takviyeleri > Minareller > Magnezyum Mineralleri > Magnezyum Bisglisinat,18,2,t,new-life-minerlyte-12-sase
8697595873428,,OUTLET - Ocean Bromelain 500mg 30 Kapsül,,Besin Takviyeleri > Sindirim Sistemi Ve Probiyotikler,18,1,t,outlet-ocean-bromelain-500mg-30-kapsul
8682689644015,,OUTLET-Celloxy SAM-e 30ml,,Besin Takviyeleri > Kadın Besin Takviyeleri,18,1,t,outlet-celloxy-sam-e-30ml
8681794082545,,OUTLET-EasyFishoil Multi Omega 3 30 Çiğnenebilir Jel Tablet,,Besin Takviyeleri > Omega Yağ Asitleri > Bebek & Çoçuklar İçin Omega Yağ Asitleri,18,1,t,outlet-easyfishoil-multi-omega-3-30-cignenebilir-jel-tablet
8699514150855,,Probest Digestive Avantaj Paketi 20 x 2 Kapsül,,Besin Takviyeleri > Sindirim Sistemi Ve Probiyotikler > Yetişkinler İçin Probiyotikler,18,1,t,probest-digestive-avantaj-paketi-20-x-2-kapsul
8683229600743,,Viaxi Glide A+ Kayganlaştırıcı Jel 100 ml,,Sağlık Ve Medikal > Cinsel Sağlık Ürünleri > Kayganlaştırıcı Jeller,18,1,t,viaxi-glide-a-kayganlastirici-jel-100-ml
8680702309216,,Vimex Hair Complex Kadın 30 Tablet,,Besin Takviyeleri > Kadın Besin Takviyeleri,18,1,t,vimex-hair-complex-kadin-30-tablet
8680176000442,,İmuneks Ş  Şurup 150 ml,,Besin Takviyeleri > Bağışıklık Sistemi Güçlendirme > Bağışıklık Sistemi Güçlendirici Şuruplar,18,1,t,imuneks-s-surup-150-ml
8690088005008,,Avicenna Form 120 Kapsül,Avicenna,Besin Takviyeleri > Form Destek Ürünleri,17,1,t,avicenna-form-120-kapsul
8690088002601,,Avicenna St. John’s Wort 60 Kapsül,Avicenna,Besin Takviyeleri > Uyku Destek Ürünleri,17,1,t,avicenna-st-johns-wort-60-kapsul
8685121000003,,İmuneks Easy Night Kids Drops 50 ml,Imuneks,Besin Takviyeleri > Uyku Destek Ürünleri,17,1,t,imuneks-easy-night-kids-drops-50-ml
8680176000153,,İmuneks Imumax Pastil 12 Adet x 2 Adet,Imuneks,Besin Takviyeleri > Pastiller,17,1,t,imuneks-imumax-pastil-12-adet-x-2-adet
8680176000831,,İmuneks Propolis | Vitamin C ve Çinko 20 Tablet,Imuneks,Besin Takviyeleri > Bağışıklık Sistemi Güçlendirme > Bebek & Çocuklar İçin Bağışıklık Güçlendirme,17,1,t,imuneks-propolis-vitamin-c-ve-cinko-20-tablet
8683675618682,,LeeRoy Prosame Ademetionin (sam-e) 600 Mg 60 Tablet,LeeRoy,Besin Takviyeleri > Bitkisel Besin Destekleri,17,1,t,leeroy-prosame-ademetionin-sam-e-600-mg-60-tablet
850077028489,,Ocean Methyl B12 500 mg Sprey 5 ml,Ocean,Besin Takviyeleri > Vitaminler > B Vitamin Complex % B12,17,1,t,ocean-methyl-b12-500-mg-sprey-5-ml
8680713008191,,Poblex Çam Tipi Plus Kulak Tıkacı - M -,Poblex,Sağlık Ve Medikal > Medikal,17,1,t,poblex-cam-tipi-plus-kulak-tikaci-m
8690570555622,,Strepsils Defence 3in1 12 Pastil,Strepsils,Besin Takviyeleri > Pastiller,17,1,t,strepsils-defence-3in1-12-pastil
8680244470047,,Akanze Takviye Edici Gıda 10 ml,,Sağlık Ve Medikal > Cinsel Sağlık Ürünleri > Performans Arttırıcılar,17,2,t,akanze-takviye-edici-gida-10-ml
8680133000508,,Krilom Ultra Krill Oil Takviye Edici Gıda 30 Yumuşak Kapsül,,Besin Takviyeleri > Omega Yağ Asitleri > Omega 3,17,1,t,krilom-ultra-krill-oil-takviye-edici-gida-30-yumusak-kapsul
8682792377343,,Outlet - Sjomann's D3 1000IU 30 Çiğnenebilir Jel Tablet,,Outlet Ürünler > OUTLET - Besin Takviyeleri,17,1,t,outlet-sjomanns-d3-1000iu-30-cignenebilir-jel-tablet
8682792377083,,Sjomann's Multivitamin 30 Çiğnenebilir Jel Tablet,,Besin Takviyeleri > MultiVitaminler,17,2,t,sjomanns-multivitamin-30-cignenebilir-jel-tablet
8681571352044,,Suda Vitamin Calcium Magnesium Zinc Plus 100 Tablet,,Besin Takviyeleri > Minareller > İyot,17,1,t,suda-vitamin-calcium-magnesium-zinc-plus-100-tablet
8681571357346,,Suda Vitamin Omegabig Balık Yağı 1200 mg 30 Kapsül,,Besin Takviyeleri > Omega Yağ Asitleri > Omega 3,17,1,t,suda-vitamin-omegabig-balik-yagi-1200-mg-30-kapsul
8680176001036,,İmuneks Sublingual Methyl B12 100 Tablet,,Besin Takviyeleri > Vitaminler > B Vitamin Complex % B12,17,1,t,imuneks-sublingual-methyl-b12-100-tablet
8680176001081,,İmuneks ProbioMax 10 Kapsül,Imuneks,Besin Takviyeleri > Sindirim Sistemi Ve Probiyotikler > Yetişkinler İçin Probiyotikler,16,1,t,imuneks-probiomax-10-kapsul
8680145084381,,BlefariTTO Lens Solüsyonu 60 ml,Jeomed,Sağlık Ve Medikal > Göz Sağlığı Ürünleri,16,1,t,blefaritto-lens-solusyonu-60-ml
5702071400578,,Möller's Omega 3 60 Kapsül,Möllers,Besin Takviyeleri > Omega Yağ Asitleri > Omega 3,16,1,t,mollers-omega-3-60-kapsul
7070866029371,,Möller's Omega Şurup Doğal Elma Aromalı 250 ml,Möllers,Besin Takviyeleri > Omega Yağ Asitleri > Omega 3,16,1,t,mollers-omega-surup-dogal-elma-aromali-250-ml
850071952896,,Ocean Cosakondrin Plus 90Tablet,Ocean,Besin Takviyeleri > Eklem Sağlığı Ürünleri > Glukozamine Ürünleri,16,1,t,ocean-cosakondrin-plus-90tablet
8690712028403,,Zade Vital Magna Quattro 60 Kapsül,Zade Vital,Besin Takviyeleri > Bağışıklık Sistemi Güçlendirme > Bağışıklık Sistemi Güçlendirici Haplar,16,1,t,zade-vital-magna-quattro-60-kapsul
8684483423376,,Arya Procyl Energy Multivitamin 30 Tablet,,Besin Takviyeleri > MultiVitaminler,16,1,t,arya-procyl-energy-multivitamin-30-tablet
8682792377045,,EasyFishoil Propolis Çiğnenebilir 30 Jel Tablet,,Besin Takviyeleri > Bağışıklık Sistemi Güçlendirme > Polen ve Propolis,16,2,t,easyfishoil-propolis-cignenebilir-30-jel-tablet
8690730000474,,Esemmat Sivrisinek Kovucu 20 Tablet,,Sağlık Ve Medikal > Haşere Kovucular İnteksitit Ürünler,16,2,t,esemmat-sivrisinek-kovucu-20-tablet
8684382901593,,Kuteks Steril Gaz Kompres Eko 7.5 x 7.5 cm (4x25) 100lü (EKO),,Sağlık Ve Medikal > Yara Ve Yanık Ürünleri,16,3,t,kuteks-steril-gaz-kompres-eko-75-x-75-cm-4x25-100lu-eko
8697595872711,,OUTLET - Ocean Krom Pikolinat 30 Kapsül,,Sağlık Ve Medikal > Zayıflama Ve Diyet Ürünleri,16,1,t,outlet-ocean-krom-pikolinat-30-kapsul
8697595872451,,Ocean Alfa Lipoik Asit 600 mg 30 Tablet,,Besin Takviyeleri > Antioksidanlar > Koenzim Q10 Takviyeleri,16,2,t,ocean-alfa-lipoik-asit-600-mg-30-tablet
8697595872857,,Ocean Iodine 150 μg İyot Takviye Edici Gıda 30 ml,,Besin Takviyeleri > Minareller > İyot,16,2,t,ocean-iodine-150-mg-iyot-takviye-edici-gida-30-ml
8697595871881,,Ocean Orange Portakal Aromalı Balık Yağı Şurup 150ml + Ocean VM Şurup 150ml,,Besin Takviyeleri > Omega Yağ Asitleri > Bebek & Çoçuklar İçin Omega Yağ Asitleri,16,1,t,ocean-orange-portakal-aromali-balik-yagi-surup-150ml-ocean-vm-surup-150ml
8681807005164,,Osisoft Burun Merhemi 10 gr,,Sağlık Ve Medikal > Burun Açıcı Ürünler,16,2,t,osisoft-burun-merhemi-10-gr
8680176001111,,İmuneks Biotin 5000mg 60 Tablet,,Saç Bakımı > Saç Bakım Vitamin Takviyeleri,16,1,t,imuneks-biotin-5000mg-60-tablet
8690088002564,,Avicenna Kırmızı Ginseng 500mg 130 Tablet,Avicenna,Besin Takviyeleri > MultiVitaminler,15,1,t,avicenna-kirmizi-ginseng-500mg-130-tablet
8684891940144,,Argivit Active Plus B12 Maxi Sprey 30ml,HEKİM,Besin Takviyeleri > Vitaminler > B Vitamin Complex % B12,15,1,t,argivit-active-plus-b12-maxi-sprey-30ml
8684891940083,,Argivit Magnizinmore Relax 30 Saşe,HEKİM,Besin Takviyeleri > Minareller > Magnezyum Mineralleri > Magnezyum Bisglisinat,15,1,t,argivit-magnizinmore-relax-30-sase
8699540020047,,NBL Immuno Formula 30 Tablet,NBL,Besin Takviyeleri > Bağışıklık Sistemi Güçlendirme > Yetişkinler İçin Bağışıklık Güçlendirme,15,1,t,nbl-immuno-formula-30-tablet
8697595876138,,Ocean Day2Day The Collagen Beauty Intense 30 Saşe x 12 gr - Ananas -,Ocean,Besin Takviyeleri > Kolajen,15,2,t,ocean-day2day-the-collagen-beauty-intense-30-sase-x-12-gr-ananas
850071952971,,Ocean Day2Day The Collagen Multibalance 540 g,Ocean,Besin Takviyeleri > Kolajen,15,2,t,ocean-day2day-the-collagen-multibalance-540-g
8681571357148,,Suda Collagen Fxone Shot Orange 30x40 ml,Suda Collagen,Besin Takviyeleri > Form Destek Ürünleri,15,1,t,suda-collagen-fxone-shot-orange-30x40-ml
5206892100254,,Sinomarin Yetişkin Deniz Suyu Spreyi 125 ml,Wellcare,Sağlık Ve Medikal > Burun Açıcı Ürünler,15,2,t,sinomarin-yetiskin-deniz-suyu-spreyi-125-ml
8680618036633,,Argivit EPA Damla 10ml,,Besin Takviyeleri > Omega Yağ Asitleri > Bebek & Çoçuklar İçin Omega Yağ Asitleri,15,1,t,argivit-epa-damla-10ml
8681254301734,,"Capicade Capiligo Alfa Lipoik Asit, Löykotomos Eğreltisi ve Glutatyon 30 Tablet",,Besin Takviyeleri > Antioksidanlar > Koenzim Q10 Takviyeleri,15,1,t,capicade-capiligo-alfa-lipoik-asit-loykotomos-egreltisi-ve-glutatyon-30-tablet
8680645530258,,Nbt Life Methyllife 30 Kapsül,,Besin Takviyeleri > Vitaminler > B Vitamin Complex % B12,15,2,t,nbt-life-methyllife-30-kapsul
850081345268,,Ocean ExtraMag Üçlü Kombinasyon P5P ilaveli 60 Tablet Takviye Edici Gıda,,Besin Takviyeleri > Minareller > Magnezyum Mineralleri > Magnezyum Bisglisinat,15,1,t,ocean-extramag-uclu-kombinasyon-p5p-ilaveli-60-tablet-takviye-edici-gida
8680133000546,,Osende 2M Metilfolat Metilkobalamin 30 Tablet,,Besin Takviyeleri > Minareller > İyot,15,2,t,osende-2m-metilfolat-metilkobalamin-30-tablet
5021265248637,,Outlet - Vitabiotics Pregnacare Him & Her Conception 60 Tablet,,Outlet Ürünler > OUTLET - Besin Takviyeleri,15,1,t,outlet-vitabiotics-pregnacare-him-her-conception-60-tablet
8680713008177,,Poblex Silikon Kulak Tıkacı 4'lü,,Sağlık Ve Medikal > Medikal,15,1,t,poblex-silikon-kulak-tikaci-4lu
8682792377366,,Sjomann's B12 30 Çiğnenebilir Jel Tablet,,Besin Takviyeleri > Vitaminler > B Vitamin Complex % B12,15,1,t,sjomanns-b12-30-cignenebilir-jel-tablet
8681571354666,,Suda Vitamin MagneFort Magnesium Complex 60 Tablet,,Besin Takviyeleri > Minareller > Magnezyum Mineralleri > Magnezyum Malat,15,1,t,suda-vitamin-magnefort-magnesium-complex-60-tablet
8681571354765,,Suda Vitamin Resveratrol 200 mg 60 Vegi Kapsül,,Besin Takviyeleri > Antioksidanlar > Koenzim Q10 Takviyeleri,15,1,t,suda-vitamin-resveratrol-200-mg-60-vegi-kapsul
8681571356592,,Suda Vitamin Suda-D D3+K2 Takviye Edici Gıda 30 ml,,Besin Takviyeleri > Vitaminler > D Vitaminleri,15,1,t,suda-vitamin-suda-d-d3k2-takviye-edici-gida-30-ml
8680176000095,,İmuneks Imumax Sprey 30 ml x 3 Adet,,Besin Takviyeleri > Bağışıklık Sistemi Güçlendirme,15,1,t,imuneks-imumax-sprey-30-ml-x-3-adet
8680176000042,,İmuneks Inflamax Optimize Zerdeçöp 60 Kapsül x 3 Adet,,Besin Takviyeleri > Bağışıklık Sistemi Güçlendirme > Yetişkinler İçin Bağışıklık Güçlendirme,15,1,t,imuneks-inflamax-optimize-zerdecop-60-kapsul-x-3-adet
8690088022432,,Avicenna Nemocoll Plus 30 Kapsül,Avicenna,Besin Takviyeleri > Eklem Sağlığı Ürünleri > Glukozamine Ürünleri,14,1,t,avicenna-nemocoll-plus-30-kapsul
8684068088396,,Cronos Pharma Women 90 Kapsül,Cronos Pharma,Besin Takviyeleri > Kadın Besin Takviyeleri,14,1,t,cronos-pharma-women-90-kapsul
8682408684031,,Argivit Smart Sıvı Takviye Edici Gıda 150 ml,HEKİM,Besin Takviyeleri > Hafıza Sağlığı,14,1,t,argivit-smart-sivi-takviye-edici-gida-150-ml
813523000583,,Herbaland Kids Multivitamin and Minerals 60'lı Çiğnenebilir Form,Herbaland,Besin Takviyeleri > Vitaminler & Mineraller,14,1,t,herbaland-kids-multivitamin-and-minerals-60li-cignenebilir-form
8680760092617,,Humanis Energy Max 30 Tablet,Humanis,Besin Takviyeleri > MultiVitaminler,14,1,t,humanis-energy-max-30-tablet
8681807005102,,Quadbiotic Probiyotik 20 Kapsül,MCG PHARMA,Besin Takviyeleri > Sindirim Sistemi Ve Probiyotikler > Yetişkinler İçin Probiyotikler,14,1,t,quadbiotic-probiyotik-20-kapsul
8698973761541,,Nimo Kompresörlü Kompakt Mini Nebulizatör - HNK-NBL-MN -,Nimo,Sağlık Ve Medikal > Medikal > Nebulizatör,14,2,t,nimo-kompresorlu-kompakt-mini-nebulizator-hnk-nbl-mn
850077028724,,Ocean Daily One Energy 30 Tablet + Ocean D3K2 20ml Yılbaşı Set,Ocean,Besin Takviyeleri > Vitaminler & Mineraller,14,1,t,ocean-daily-one-energy-30-tablet-ocean-d3k2-20ml-yilbasi-set
8699546020422,,Redoxon 3'lü Etkili 15 Efervesan Tablet 2 Paket,Redoxon,Besin Takviyeleri > Vitaminler > C Vitaminleri,14,1,t,redoxon-3lu-etkili-15-efervesan-tablet-2-paket
8681571352174,,Suda Vitamin Flexone MSM 90 Tablet,Suda Vitamin,Besin Takviyeleri > Vitaminler > D3 K2 Vitamini,14,1,t,suda-vitamin-flexone-msm-90-tablet
8681571351986,,Suda Vitamin Vitamins Bromelain 500mg 60 Tablet,Suda Vitamin,Sağlık Ve Medikal > Zayıflama Ve Diyet Ürünleri,14,1,t,suda-vitamin-vitamins-bromelain-500mg-60-tablet
8680133002137,,Magnimore GM Magnezyum 60 Tablet 2'li Avantajlı Paket,Tabilaç,Besin Takviyeleri > Minareller > Magnezyum Mineralleri > Magnezyum Malat,14,2,t,magnimore-gm-magnezyum-60-tablet-2li-avantajli-paket
8683229900065,,VeNatura PQQ+ALA+CoQ10 Takviye Edici Gıda 30 Kapsül,VeNatura,Besin Takviyeleri > Antioksidanlar > Koenzim Q10 Takviyeleri,14,2,t,venatura-pqqalacoq10-takviye-edici-gida-30-kapsul
8683229900546,,Venatura Silimarin - Deve Dikeni - Takviye Edici Gıda 60 Kapsül,VeNatura,Besin Takviyeleri > Antioksidanlar > Antioksidan İçeren E Vitaminleri,14,2,t,venatura-silimarin-deve-dikeni-takviye-edici-gida-60-kapsul
8699680150161,,Wellcare Provim Shape Takviye Edici Gıda 30 Kapsül,Wellcare,Besin Takviyeleri > Sindirim Sistemi Ve Probiyotikler,14,2,t,wellcare-provim-shape-takviye-edici-gida-30-kapsul
8690712028373,,Zade Vital Magnezyum Forte 30 Saşe,Zade Vital,Besin Takviyeleri > Minareller > Magnezyum Mineralleri > Magnezyum Bisglisinat,14,1,t,zade-vital-magnezyum-forte-30-sase
8680176000459,,Imuneks Immucan Plus (Afrika Sardunyası) 20 ml,,Besin Takviyeleri > Bağışıklık Sistemi Güçlendirme > Yetişkinler İçin Bağışıklık Güçlendirme,14,1,t,imuneks-immucan-plus-afrika-sardunyasi-20-ml
850081345503,,Ocean Extramag Migra 60 Tablet,,Besin Takviyeleri > Minareller > Magnezyum Mineralleri > Magnezyum Bisglisinat,14,2,t,ocean-extramag-migra-60-tablet
8682792377084,,Outlet - Sjomann's Multivitamin 30 Çiğnenebilir Jel Tablet,,Outlet Ürünler > OUTLET - Besin Takviyeleri,14,1,t,outlet-sjomanns-multivitamin-30-cignenebilir-jel-tablet
8680713008382,,Poblex Kulak Bandı,,Sağlık Ve Medikal > Medikal > Kulak Tıkacı,14,2,t,poblex-kulak-bandi
8682851193050,,Sovital Hair Saç Vitamini 60 Kapsül,,Saç Bakımı > Saç Bakım Vitamin Takviyeleri,14,1,t,sovital-hair-sac-vitamini-60-kapsul
8699313000092,,Viaxi Yeson Magic Drops For Women 15 ml,,Sağlık Ve Medikal > Cinsel Sağlık Ürünleri > Performans Arttırıcılar,14,2,t,viaxi-yeson-magic-drops-for-women-15-ml
8680702309360,,Vimex Glunem-cc 60 Glikozamin,,Besin Takviyeleri > Eklem Sağlığı Ürünleri > Glukozamine Ürünleri,14,1,t,vimex-glunem-cc-60-glikozamin
8699514020258,,Youplus Vitamin C Çinko Propolis 20 Efervesan Tablet x 3 Adet,,Besin Takviyeleri > Bağışıklık Sistemi Güçlendirme > Polen ve Propolis,14,1,t,youplus-vitamin-c-cinko-propolis-20-efervesan-tablet-x-3-adet
8680176001265,,İmuneks Farma Type 2 Collagen Complex Takviye Edici Gıda 30 Tablet,,Besin Takviyeleri > Takviye Edici Gıda Ürünleri,14,1,t,imuneks-farma-type-2-collagen-complex-takviye-edici-gida-30-tablet
8680176001364,,İmuneks Magnezyum Combo 3'lü Etki 60 Tablet,,Besin Takviyeleri > Minareller > Magnezyum Mineralleri > Magnezyum Malat,14,1,t,imuneks-magnezyum-combo-3lu-etki-60-tablet
8682835162225,,BIOJEN LUGOL'S Iodine Solutions %5 Lugol Solüsyon,BIOJEN,Besin Takviyeleri > Minareller > İyot,13,1,t,biojen-lugols-iodine-solutions-5-lugol-solusyon
8683675618408,,LeeRoy Berberis 500mg 30 Tablet,LeeRoy,Besin Takviyeleri > Bitkisel Besin Destekleri,13,1,t,leeroy-berberis-500mg-30-tablet
8699540023673,,NBL Probiotic ATP 10 Saşe,NBL,Besin Takviyeleri > Sindirim Sistemi Ve Probiyotikler,13,1,t,nbl-probiotic-atp-10-sase
8697595872291,,Ocean Proceive Women 30 Şase,Ocean,Besin Takviyeleri > Kadın Besin Takviyeleri,13,1,t,ocean-proceive-women-30-sase
8681917366957,,DellaVita Benfoplus (5-B Vitamini Kompleksi) 60 Kapsül,OnVita,Besin Takviyeleri > Vitaminler > B Vitamin Complex % B12,13,1,t,dellavita-benfoplus-5-b-vitamini-kompleksi-60-kapsul
8470002323636,,Salvelox Yara Bandı şeffaf 20li,Salvelox,Sağlık Ve Medikal > Yara Ve Yanık Ürünleri,13,2,t,salvelox-yara-bandi-seffaf-20li
8681571359456,,Suda Collagen Multiform Toz 2x300gr ; 2 AL 1 ÖDE,Suda Collagen,Besin Takviyeleri > Kolajen,13,1,t,suda-collagen-multiform-toz-2x300gr-2-al-1-ode
3337871324001,,Vichy Deo Stress Resist YoğunTerleme Karşıtı Deodorant Roll-On 72 Saat 50ml,Vichy,Kişisel Bakım > Parfüm Deodorant & Roll-on > Roll-onlar,13,1,t,vichy-deo-stress-resist-yogunterleme-karsiti-deodorant-roll-on-72-saat-50ml
8683655089433,,Voonka Zinc Picolitane 60 Tablet,Voonka,Besin Takviyeleri > Minareller > Çinko Mineralleri,13,1,t,voonka-zinc-picolitane-60-tablet
8684068088525,,Cronos Pharma İnfinity Resveratrol 33 Kapsül,,Besin Takviyeleri > Antioksidanlar > Koenzim Q10 Takviyeleri,13,1,t,cronos-pharma-infinity-resveratrol-33-kapsul
8697781960887,,Dr. Thomson A-Z Ginseng Multi-vitamin + Multi-vitamin 30 Tablet,,Besin Takviyeleri > Vitaminler & Mineraller,13,1,t,dr-thomson-a-z-ginseng-multi-vitamin-multi-vitamin-30-tablet
8680645530180,,Nbt Life Iyotic 30 ml Damla,,Besin Takviyeleri > Minareller > Selenyum Mineralleri,13,1,t,nbt-life-iyotic-30-ml-damla
8697796002849,,OUTLET - Dermoskin NutraFarm Curcumin 100mg Q10 Complex 30 Kapsül,,Besin Takviyeleri > Bağışıklık Sistemi Güçlendirme,13,1,t,outlet-dermoskin-nutrafarm-curcumin-100mg-q10-complex-30-kapsul
850081345053,,Ocean Colflex 30 Saşe,,Besin Takviyeleri > Kolajen,13,2,t,ocean-colflex-30-sase
8697595872062,,Ocean Picozinc Takviye Edici Gıda 30 Kapsül,,Besin Takviyeleri > Minareller > Çinko Mineralleri,13,3,t,ocean-picozinc-takviye-edici-gida-30-kapsul
8681571352198,,Suda Vitamin AlphaMen 90 Kapsül,,Besin Takviyeleri > Minareller > Çinko Mineralleri,13,1,t,suda-vitamin-alphamen-90-kapsul
8697903238634,,Talya Dut Şurubu 25 ml,,Sağlık Ve Medikal > Aromatik ve Bitkisel Yağlar,13,1,t,talya-dut-surubu-25-ml
8697903230126,,Talya Çörekotu Yağı 20 ml,,Cilt Bakımı > Vücut Bakımı > Masaj Kremleri Ve Yağları,13,1,t,talya-corekotu-yagi-20-ml
8680434325270,,Artımed Steril Lancet 28G 100 Adet,Artımed,Sağlık Ve Medikal > Medikal > Tansiyon Aletleri,12,2,t,artimed-steril-lancet-28g-100-adet
8680512634379,,Bioxcin Women's Skin 30 Tablet,Bioxcin,Besin Takviyeleri > Vitaminler > Biotin,12,2,t,bioxcin-womens-skin-30-tablet
8681254301697,,Capicade Molex Dermal Solüsyon 3gr,CAPİCADE,Sağlık Ve Medikal > Yara Ve Yanık Ürünleri,12,1,t,capicade-molex-dermal-solusyon-3gr
8699293110491,,Cistus Antivirüs  Pastil 10 Adet,Cistus,Besin Takviyeleri > Pastiller,12,1,t,cistus-antivirus-pastil-10-adet
8684068088259,,Cronos Pharma Be Sharp 30 Kapsül,Cronos Pharma,Besin Takviyeleri > Hafıza Sağlığı,12,1,t,cronos-pharma-be-sharp-30-kapsul
8684891940090,,Argivit Focus 30 Saşe,HEKİM,Besin Takviyeleri > Hafıza Sağlığı,12,1,t,argivit-focus-30-sase
733739006806,,Now C-1000 With Rose Hips 100 Tablet,Now,Besin Takviyeleri > Vitaminler > C Vitaminleri,12,1,t,now-c-1000-with-rose-hips-100-tablet
8697595873083,,Ocean Passiflora 300 mg 30 Kapsül,Ocean,Besin Takviyeleri > Uyku Destek Ürünleri,12,2,t,ocean-passiflora-300-mg-30-kapsul
8681917366995,,DellaVita Ummun Plus 30 Kapsül,OnVita,Besin Takviyeleri > Bağışıklık Sistemi Güçlendirme > Yetişkinler İçin Bağışıklık Güçlendirme,12,1,t,dellavita-ummun-plus-30-kapsul
8680713008032,,Poblex Uyku Maskesi Mavi - Kulak Tıkacı HEDİYE,Poblex,Sağlık Ve Medikal > Göz Sağlığı Ürünleri,12,1,t,poblex-uyku-maskesi-mavi-kulak-tikaci-hediye
8681571352204,,Suda Vitamin Vitamins B-50 Complex 60 Vegi Kapsül,Suda Vitamin,Besin Takviyeleri > Vitaminler > D3 K2 Vitamini,12,1,t,suda-vitamin-vitamins-b-50-complex-60-vegi-kapsul
8690712015397,,Zade Vital Hindistan Cevizi Yağı 60 Kapsül,Zade Vital,Besin Takviyeleri > Bitkisel Yağlar,12,1,t,zade-vital-hindistan-cevizi-yagi-60-kapsul
8680512634980,,Bioxcin Beauty Collagen 30 Tablet 3 Al 2 Öde,,Besin Takviyeleri > Kolajen,12,1,t,bioxcin-beauty-collagen-30-tablet-3-al-2-ode
8691254301528,,Capicade Collagen Saw Palmetto Biotin 60 Tablet,,Saç Bakımı > Saç Bakım Vitamin Takviyeleri,12,1,t,capicade-collagen-saw-palmetto-biotin-60-tablet
8683675618668,,Leeroy İnülin 10 saşe,,Besin Takviyeleri > Minareller > Çinko Mineralleri,12,1,t,leeroy-inulin-10-sase
8681781620520,,Ligorix Günlük İlaç Saklama Kutusu,,Sağlık Ve Medikal > Medikal > Piller,12,1,t,ligorix-gunluk-ilac-saklama-kutusu
8683873423279,,Nicorette Freshmint 4 mg Naneli Nikotin Sakızı 30 Adet,,Sağlık Ve Medikal > Sigara Bırakma Ürünleri,12,1,t,nicorette-freshmint-4-mg-naneli-nikotin-sakizi-30-adet
8697796002863,,OUTLET - Dermoskin Nutrafarm Sambucus Q10 Complex 30 Kapsül,,Besin Takviyeleri > Bağışıklık Sistemi Güçlendirme > Karamürver,12,1,t,outlet-dermoskin-nutrafarm-sambucus-q10-complex-30-kapsul
8680244470123,,OUTLET - Regiwom Multivitamin & Mineral 30 Kapsül,,Besin Takviyeleri > MultiVitaminler,12,1,t,outlet-regiwom-multivitamin-mineral-30-kapsul
850071952865,,Ocean Glucosamine Complex 60 Tablet - 1 Alana 1 Hediye,,Besin Takviyeleri > Eklem Sağlığı Ürünleri > Eklem Ağrısı İçin Kremler,12,1,t,ocean-glucosamine-complex-60-tablet-1-alana-1-hediye
8697595872826,,Ocean Picozinc Çinko 30+15 Tablet,,Besin Takviyeleri > Vitaminler > C Vitaminleri,12,1,t,ocean-picozinc-cinko-3015-tablet
8699512008912,,Otacı Meyanbalı Bitkisel Pastil 16 Adet,,Besin Takviyeleri > Pastiller,12,1,t,otaci-meyanbali-bitkisel-pastil-16-adet
8684576000040,,TTO İntimen Temizleme Mendili 12 Adet,,Sağlık Ve Medikal > İntim Ürünleri,12,1,t,tto-intimen-temizleme-mendili-12-adet
8697903237675,,Talya Kudret Narı Ekstresi 230g,,Sağlık Ve Medikal > Aromatik ve Bitkisel Yağlar,12,1,t,talya-kudret-nari-ekstresi-230g
8684483423291,,ProcylMag Magnesium 60 Kapsül,Arya,Besin Takviyeleri > Minareller > Magnezyum Mineralleri > Magnezyum Sitrat,11,1,t,procylmag-magnesium-60-kapsul
8690088017711,,Avicenna Venna 30 Yumuşak Kapsül,Avicenna,Besin Takviyeleri > Antioksidanlar > Koenzim Q10 Takviyeleri,11,1,t,avicenna-venna-30-yumusak-kapsul
8690730008142,,Esemmat Bodyguard Zero Sinek Kovucu Losyon 75 ml,Esemmat,Sağlık Ve Medikal > Haşere Kovucular İnteksitit Ürünler,11,1,t,esemmat-bodyguard-zero-sinek-kovucu-losyon-75-ml
8680618036701,,Argivit Classic Takviye Edici 30 Tablet,HEKİM,Besin Takviyeleri > MultiVitaminler,11,1,t,argivit-classic-takviye-edici-30-tablet
813523006417,,Herbaland Gummies Magnezyum ve Vitamin B6 60'lı Çiğnenebilir Form,Herbaland,Besin Takviyeleri > Vitaminler & Mineraller,11,1,t,herbaland-gummies-magnezyum-ve-vitamin-b6-60li-cignenebilir-form
8683675618149,,LeeRoy CoQ10 100mg 30 Tablet,LeeRoy,Besin Takviyeleri > Antioksidanlar > Koenzim Q10 Takviyeleri,11,1,t,leeroy-coq10-100mg-30-tablet
8699540080058,,NBL Probiotic Kids 30 Çiğneme Tableti,NBL,Besin Takviyeleri > Sindirim Sistemi Ve Probiyotikler > Bebek & Çocuklar İçin Probiyotikler,11,1,t,nbl-probiotic-kids-30-cigneme-tableti
8683873980499,,Natuwell Horny Goat Weed 30 Tablet,Natuwell,Besin Takviyeleri > MultiVitaminler,11,1,t,natuwell-horny-goat-weed-30-tablet
8680645531224,,Nbt Life Endofer 60 Kapsül,Nbt İlaç,Besin Takviyeleri > Minareller > Demir Mineralleri,11,1,t,nbt-life-endofer-60-kapsul
8684798450005,,Nutrigen Maxibiotic Probiyotik 10 Saşe,Nutrigen,Besin Takviyeleri > Sindirim Sistemi Ve Probiyotikler > Bebek & Çocuklar İçin Probiyotikler,11,1,t,nutrigen-maxibiotic-probiyotik-10-sase
850084388262,,Ocean Bigflor Probiyotik 10 Kapsül,Ocean,Besin Takviyeleri > Sindirim Sistemi Ve Probiyotikler > Yetişkinler İçin Probiyotikler,11,2,t,ocean-bigflor-probiyotik-10-kapsul
8682851193036,,Sovital Tall Girls & Boys 90 Yumuşak Kapsül,Sovital,Besin Takviyeleri > Kadın Besin Takviyeleri,11,1,t,sovital-tall-girls-boys-90-yumusak-kapsul
8681571352211,,Suda Vitamin Livaxine 60 Kapsül,Suda Vitamin,Besin Takviyeleri > Vitaminler > D3 K2 Vitamini,11,1,t,suda-vitamin-livaxine-60-kapsul
8680133003219,,LifeXtra Bella 30 Tablet - 3AL2ÖDE ; Avantajlı Paket,Tabilaç,Besin Takviyeleri > Antioksidanlar > Antioksidan İçeren E Vitaminleri,11,1,t,lifextra-bella-30-tablet-3al2ode-avantajli-paket
8697903232595,,Talya Relax Bitkisel Karışım İçeren Takviye Edici Gıda 60 Kapsül,Talya,Besin Takviyeleri > Bitkisel Besin Destekleri,11,1,t,talya-relax-bitkisel-karisim-iceren-takviye-edici-gida-60-kapsul
8680702301579,,Alesta Burun Bandı Yetişkin 10'lu,,Sağlık Ve Medikal > Horlama Önleyiciler,11,1,t,alesta-burun-bandi-yetiskin-10lu
8680702301562,,Alesta Burun Bandı Çocuk 10'lu,,Sağlık Ve Medikal > Horlama Önleyiciler,11,1,t,alesta-burun-bandi-cocuk-10lu
8697781960337,,Dr. Thomson Pectopan Kids 150 ml,,Besin Takviyeleri > Bağışıklık Sistemi Güçlendirme > Bebek & Çocuklar İçin Bağışıklık Güçlendirme,11,2,t,dr-thomson-pectopan-kids-150-ml
8684939710043,,Gummylab. Beauty Takviye Edici Gıda 60 Adet Jel Form,,Besin Takviyeleri > Kolajen,11,1,t,gummylab-beauty-takviye-edici-gida-60-adet-jel-form
8684939710050,,Gummylab. Hair & Nail Multiforce Biotin + Keratin Takviye Edici Gıda 60 Adet Jel Form,,Besin Takviyeleri > Vitaminler > Biotin,11,1,t,gummylab-hair-nail-multiforce-biotin-keratin-takviye-edici-gida-60-adet-jel-form
8680400771308,,Haver D3K2 20 ml Sprey / Damla,,Besin Takviyeleri > Vitaminler > D3 K2 Vitamini,11,1,t,haver-d3k2-20-ml-sprey-damla
8683675618675,,Leeroy Çinko Pikolinat 90 Tablet,,Besin Takviyeleri > Minareller > Çinko Mineralleri,11,1,t,leeroy-cinko-pikolinat-90-tablet
8680645531286,,Nbt Life Crealife 60 Stick,,Besin Takviyeleri > Vitaminler > B Vitamin Complex % B12,11,1,t,nbt-life-crealife-60-stick
8680645531217,,Nbt Life DimLife 30 Kapsül,,Besin Takviyeleri > Kadın Besin Takviyeleri,11,1,t,nbt-life-dimlife-30-kapsul
8683873423217,,Nicorette Freshmint 2 mg Naneli Nikotin Sakızı 30 Adet,,Sağlık Ve Medikal > Sigara Bırakma Ürünleri,11,1,t,nicorette-freshmint-2-mg-naneli-nikotin-sakizi-30-adet
733739003652,,Now Vitamin D3 1000 IU Takciye Edici Gıda 180 Kapsül,,Besin Takviyeleri > Vitaminler > D Vitaminleri,11,1,t,now-vitamin-d3-1000-iu-takciye-edici-gida-180-kapsul
8681571354598,,Suda Vitamin Curcubig 60 Bitkisel Kapsül,,Besin Takviyeleri > Bağışıklık Sistemi Güçlendirme > Yetişkinler İçin Bağışıklık Güçlendirme,11,1,t,suda-vitamin-curcubig-60-bitkisel-kapsul
8699514030159,,Youplus Vitamin C Çinko Propolis 20 Efervesan Tablet X 4 ADET,,Besin Takviyeleri > Bağışıklık Sistemi Güçlendirme > Polen ve Propolis,11,1,t,youplus-vitamin-c-cinko-propolis-20-efervesan-tablet-x-4-adet
813523000538,,Herbaland Gummies Vitamin C 60'lı Çiğnenebilir Form,Herbaland,Besin Takviyeleri > Vitaminler & Mineraller,10,1,t,herbaland-gummies-vitamin-c-60li-cignenebilir-form
813523000569,,Herbaland Gummies Vitamin D3 60'lı Çiğnenebilir Form,Herbaland,Besin Takviyeleri > Vitaminler & Mineraller,10,1,t,herbaland-gummies-vitamin-d3-60li-cignenebilir-form
8680176001098,,İmuneks ProbioMax 10 Saşe,Imuneks,Besin Takviyeleri > Sindirim Sistemi Ve Probiyotikler > Yetişkinler İçin Probiyotikler,10,1,t,imuneks-probiomax-10-sase
8683675618378,,LeeRoy ProSmect 12 Saşe,LeeRoy,Besin Takviyeleri > Minareller > Çinko Mineralleri,10,1,t,leeroy-prosmect-12-sase
8683675618415,,LeeRoy Wonder Women Collagen Complex 1200 mg 90 Tablet,LeeRoy,Besin Takviyeleri > Kolajen,10,1,t,leeroy-wonder-women-collagen-complex-1200-mg-90-tablet
8698621592145,,Minion Filtreli Çocuk Maske 2'li MN 954,Minion,Sağlık Ve Medikal > Maskeler,10,1,t,minion-filtreli-cocuk-maske-2li-mn-954
733739012906,,Now Magnesium Citrate 100 Tablet,Now,Besin Takviyeleri > Minareller > Magnezyum Mineralleri > Magnezyum Sitrat,10,1,t,now-magnesium-citrate-100-tablet
8681917366971,,DellaVita Neurocolin Kids Sitikolin 150 ml,OnVita,Besin Takviyeleri > Hafıza Sağlığı,10,1,t,dellavita-neurocolin-kids-sitikolin-150-ml
8681917366940,,DellaVita Neurocolin Plus 500mg Sitikolin 30 Kapsül,OnVita,Besin Takviyeleri > Hafıza Sağlığı,10,1,t,dellavita-neurocolin-plus-500mg-sitikolin-30-kapsul
8680713008207,,Poblex Uyku Kulak Tıkacı Thermoactive 1 Çift - Beden:L - Kutulu,Poblex,Sağlık Ve Medikal > Medikal > Kulak Tıkacı,10,1,t,poblex-uyku-kulak-tikaci-thermoactive-1-cift-bedenl-kutulu
8699592800062,,Roll Plast Tıbbi Bez Flaster 10cm x 5m,Roll,Sağlık Ve Medikal > Yara Ve Yanık Ürünleri,10,2,t,roll-plast-tibbi-bez-flaster-10cm-x-5m
8681571351511,,Suda Vitamin Vitamins Glucosamine Chondroitin MSM Vitamin K2 90 Tablet,Suda Vitamin,Besin Takviyeleri > Vitaminler > D3 K2 Vitamini,10,1,t,suda-vitamin-vitamins-glucosamine-chondroitin-msm-vitamin-k2-90-tablet
5021265248704,,Vitabiotics Neurozan Original 30 Tablet,VITABIOTICS,Besin Takviyeleri > Vitaminler > D3 K2 Vitamini,10,1,t,vitabiotics-neurozan-original-30-tablet
8690797108529,,Wee Baby Klasik PP Biberon 250 ml - 852,Wee Baby,Anne ve Bebek > Biberonlar & Aksesuarları > Biberonlar,10,1,t,wee-baby-klasik-pp-biberon-250-ml-852
8699273577856,,Adeoliv Ademetionin 400 mg 48 Tablet,,Sağlık Ve Medikal > Eklem Sağlığı,10,1,t,adeoliv-ademetionin-400-mg-48-tablet
8684068088310,,Cronos Pharma Be Active 30 Kapsül,,Besin Takviyeleri > MultiVitaminler,10,1,t,cronos-pharma-be-active-30-kapsul
8684939710029,,Gummylab. Sleep Takviye Ediici Gıda 60 Adet Jel Form,,Besin Takviyeleri > Uyku Destek Ürünleri,10,1,t,gummylab-sleep-takviye-ediici-gida-60-adet-jel-form
8680512350019,,Headlice Doğal Kokulu Bit Tokası,,Sağlık Ve Medikal > Bit Ve Sirke Ürünleri,10,1,t,headlice-dogal-kokulu-bit-tokasi
8682279222554,,Hemopropin Merhem 20 gr,,Sağlık Ve Medikal > Kabızlık Ürünleri,10,1,t,hemopropin-merhem-20-gr
9002969872217,,Hyper Immun 44 30 Kapsül,,Besin Takviyeleri > Bağışıklık Sistemi Güçlendirme > Yetişkinler İçin Bağışıklık Güçlendirme,10,1,t,hyper-immun-44-30-kapsul
7070866042080,,Möller's Omega-3 Balık Yağı Doğal Limon Aromalı 150 ml,,Besin Takviyeleri > Omega Yağ Asitleri > Omega 3,10,1,t,mollers-omega-3-balik-yagi-dogal-limon-aromali-150-ml
8692860200015,,Nutrigen Üzüm Çekirdeği Ekstreli Şurup 200 ml - 2AL1ÖDE,,Besin Takviyeleri > MultiVitaminler,10,1,t,nutrigen-uzum-cekirdegi-ekstreli-surup-200-ml-2al1ode
8697796002832,,OUTLET - Dermoskin NutraFarm Beta Glukan Q10 Complex 250mg 30 Kapsül,,Besin Takviyeleri > Bağışıklık Sistemi Güçlendirme,10,1,t,outlet-dermoskin-nutrafarm-beta-glukan-q10-complex-250mg-30-kapsul
8697796000371,,OUTLET - Dermoskin NutraFarm Coenzyme Q10 200mg 30 Kapsül,,Besin Takviyeleri > Antioksidanlar > Koenzim Q10 Takviyeleri,10,1,t,outlet-dermoskin-nutrafarm-coenzyme-q10-200mg-30-kapsul
8680713008474,,Poblex Kulak Rahatlatıcı Damla 10 ml,,Sağlık Ve Medikal > Medikal,10,1,t,poblex-kulak-rahatlatici-damla-10-ml
8684068088419,,Cronos Pharma Men 90 Kapsül,Cronos Pharma,Besin Takviyeleri > Erkek Besin Takviyeleri,9,1,t,cronos-pharma-men-90-kapsul
813523000590,,Herbaland Kids Omega 3 with DHA and EPA 60'lı Çiğnenebilir Form,Herbaland,Besin Takviyeleri > Vitaminler & Mineraller,9,1,t,herbaland-kids-omega-3-with-dha-and-epa-60li-cignenebilir-form
8684556682037,,Extralyte-Ors Potasyum | Sodyum | Çinko Takviye Edici Gıda 10 Saşe,LeeRoy,Besin Takviyeleri > Minareller > Çinko Mineralleri,9,1,t,extralyte-ors-potasyum-sodyum-cinko-takviye-edici-gida-10-sase
8683675618187,,LeeRoy Collagen + Hyaluronic Acid 60 Tablet,LeeRoy,Besin Takviyeleri > Kolajen,9,1,t,leeroy-collagen-hyaluronic-acid-60-tablet
8680512634973,,Nutraxin My Vision Göz Vitamini 60 Yumuşak Kapsül,Nutraxin,Sağlık Ve Medikal > Göz Sağlığı Ürünleri,9,2,t,nutraxin-my-vision-goz-vitamini-60-yumusak-kapsul
8681807005097,,Outlet - Quadbiotic Probiyotik 10 Şase,Outlet,Outlet Ürünler > OUTLET - Besin Takviyeleri,9,1,t,outlet-quadbiotic-probiyotik-10-sase
8680713008351,,Poblex Naturel Balmumu Kulak Tıkacı - Kulak Koruyucu Tıpası 4'lü,Poblex,Sağlık Ve Medikal > Medikal > Kulak Tıkacı,9,1,t,poblex-naturel-balmumu-kulak-tikaci-kulak-koruyucu-tipasi-4lu
8699546020433,,Redoxon 3'lü Etkili 15 Efervesan Tablet 3 Paket,Redoxon,Besin Takviyeleri > Vitaminler > C Vitaminleri,9,1,t,redoxon-3lu-etkili-15-efervesan-tablet-3-paket
8682851193067,,Sovital Red Carpet Collagen Boost 60 Tablet,Sovital,Besin Takviyeleri > Hyalüronik Asit,9,1,t,sovital-red-carpet-collagen-boost-60-tablet
8681571357865,,Suda Vitamin Fiber Cleanse Şase 20x9gr,Suda Vitamin,Besin Takviyeleri > Sindirim Sistemi Ve Probiyotikler > Yetişkinler İçin Probiyotikler,9,1,t,suda-vitamin-fiber-cleanse-sase-20x9gr
8681571351702,,Suda Vitamin Multimen Multivitamin 30 Kapsül,Suda Vitamin,Besin Takviyeleri > Antioksidanlar > Antioksidan İçeren E Vitaminleri,9,1,t,suda-vitamin-multimen-multivitamin-30-kapsul
8681571351528,,Suda Vitamin Suda Probiotic Men Daily Care Probiotics 30 Kapsül,Suda Vitamin,Besin Takviyeleri > Sindirim Sistemi Ve Probiyotikler > Yetişkinler İçin Probiyotikler,9,1,t,suda-vitamin-suda-probiotic-men-daily-care-probiotics-30-kapsul
8683229901086,,VeNatura Kids Vitamin C Takviye Edici Gıda 30 Saşe,VeNatura,Besin Takviyeleri > Vitaminler > C Vitaminleri,9,1,t,venatura-kids-vitamin-c-takviye-edici-gida-30-sase
5206892100292,,Sinomarin Mini Burun Spreyi 50 ml,Wellcare,Sağlık Ve Medikal > Burun Açıcı Ürünler,9,1,t,sinomarin-mini-burun-spreyi-50-ml
8690712026966,,Zade Vital Yer Fıstığı Yağı 150 ml,Zade Vital,Besin Takviyeleri > Bitkisel Besin Destekleri,9,2,t,zade-vital-yer-fistigi-yagi-150-ml
8683675618279,,LeeRoy Calcium 1000mg 120 Tablet,,Besin Takviyeleri > Minareller > Kalsiyum Mineralleri,9,1,t,leeroy-calcium-1000mg-120-tablet
8683675618125,,LeeRoy Zinc (Çinko) 120 Tablet,,Besin Takviyeleri > Minareller > Çinko Mineralleri,9,1,t,leeroy-zinc-cinko-120-tablet
7070866040703,,Möllers Omega-3 - Balık Yağı Sıvı Formu 150 ml - Elmalı,,Besin Takviyeleri > Omega Yağ Asitleri > Omega 3,9,1,t,mollers-omega-3-balik-yagi-sivi-formu-150-ml-elmali
8680645530067,,Nbt Life Mix12 30 Kapsül,,Besin Takviyeleri > Vitaminler > B Vitamin Complex % B12,9,1,t,nbt-life-mix12-30-kapsul
8680512627418,,Nutraxin Keratin Formula 60 Tablet,,Saç Bakımı > Saç Bakım Vitamin Takviyeleri,9,1,t,nutraxin-keratin-formula-60-tablet
8684798450401,,Nutrigen Gummies Üzüm Aromalı 60 Çiğnenebilir Tablet,,Besin Takviyeleri > MultiVitaminler,9,1,t,nutrigen-gummies-uzum-aromali-60-cignenebilir-tablet
8697796000364,,OUTLET - Dermoskin NutraFarm Coenzyme Q10 100mg 60 Kapsül,,Besin Takviyeleri > Antioksidanlar > Koenzim Q10 Takviyeleri,9,1,t,outlet-dermoskin-nutrafarm-coenzyme-q10-100mg-60-kapsul
8697595876091,,Ocean Day2Day The Collagen Beauty Intense 30 Saşe x 12 gr - Çilekli -,,Besin Takviyeleri > Kolajen,9,1,t,ocean-day2day-the-collagen-beauty-intense-30-sase-x-12-gr-cilekli
8850956393983,,Okey Zero Aqua Prezervatif 10 Adet,,Sağlık Ve Medikal > Cinsel Sağlık Ürünleri > Prezervatifler,9,2,t,okey-zero-aqua-prezervatif-10-adet
8690712027704,,Outlet - Zade Vital D3 1000IU Sprey 20 ml,,Outlet Ürünler > OUTLET - Besin Takviyeleri,9,1,t,outlet-zade-vital-d3-1000iu-sprey-20-ml
8681571351931,,Suda Vitamin Omega 3 100 Yumuşak Kapsül,,Besin Takviyeleri > Omega Yağ Asitleri > Omega 3,9,1,t,suda-vitamin-omega-3-100-yumusak-kapsul
8697903230249,,Talya Kakao Yağı 20 ml,,Sağlık Ve Medikal > Aromatik ve Bitkisel Yağlar,9,1,t,talya-kakao-yagi-20-ml
8697903232748,,Talya Ultra Man 60 Kapsül,,Besin Takviyeleri > Bitkisel Besin Destekleri,9,1,t,talya-ultra-man-60-kapsul
8682340346945,,"Atavit Kids Omega 3, D3 K2 | Magnezyum Multivitamin Süper 3'lü Gummies 180 Yumuşak Kapsül",Atavit,Besin Takviyeleri > Vitaminler & Mineraller,8,1,t,atavit-kids-omega-3-d3-k2-magnezyum-multivitamin-super-3lu-gummies-180-yumusak-kapsul
8690998216211,,Apitera Mur 7X7 gr,Balparmak,Besin Takviyeleri > Bağışıklık Sistemi Güçlendirme > Polen ve Propolis,8,1,t,apitera-mur-7x7-gr
8699514570493,,Berroxin Defense Aronya ve Kara Mürver İçeren Sıvı Takviye Edici Gıda 120 ml,Berroxin,Besin Takviyeleri > Bağışıklık Sistemi Güçlendirme > Bağışıklık Sistemi Güçlendirici Şuruplar,8,1,t,berroxin-defense-aronya-ve-kara-murver-iceren-sivi-takviye-edici-gida-120-ml
1234567891235,,Bluewell Maxxi Taşınabilir İlaç Saklama Kutusu 10 Bölmeli Haftalık Günlük,Bluewell,Sağlık Ve Medikal > Medikal > Nebulizatör,8,1,t,herbalife-thermo-complete-789-g
8690605061050,,Dalin Normal Bebek Şampuanı 200 ml,Dalin,Anne ve Bebek > Bebek Ürünleri > Bebek Banyo Ürünleri > Bebek Şampuanları,8,1,t,dalin-normal-bebek-sampuani-200-ml
8697796000417,,Dermoskin NutraFarm Vitamin C Complex 1000 mg 60 Kapsül,Dermoskin,Besin Takviyeleri > Vitaminler > C Vitaminleri,8,1,t,dermoskin-nutrafarm-vitamin-c-complex-1000-mg-60-kapsul
813523000545,,Herbaland Kids Calcium With Vitamin D3 60'Lı Çiğnenebilir Form,Herbaland,Besin Takviyeleri > Vitaminler & Mineraller,8,1,t,herbaland-kids-calcium-with-vitamin-d3-60li-cignenebilir-form
8680176000350,,İmuneks Aller-Max Burun Spreyi 15 ml,Imuneks,Sağlık Ve Medikal > Burun Açıcı Ürünler,8,1,t,imuneks-aller-max-burun-spreyi-15-ml
8684576000088,,TTO Yabani İğde Yağı 10 ml,Jeomed,Sağlık Ve Medikal > Aromatik ve Bitkisel Yağlar,8,1,t,tto-yabani-igde-yagi-10-ml
8684898446601,,Kiperin Calm 30 Kapsül,Kiperin,Besin Takviyeleri > Uyku Destek Ürünleri,8,2,t,kiperin-calm-30-kapsul
8681807005096,,Quadbiotic Probiyotik 10 Şase,MCG PHARMA,Besin Takviyeleri > Sindirim Sistemi Ve Probiyotikler > Yetişkinler İçin Probiyotikler,8,2,t,quadbiotic-probiyotik-10-sase
850081345107,,"Orzax Day2Day Collagen Mag Plus 45 Saşe 12,85 gr",Ocean,Besin Takviyeleri > Kolajen,8,1,t,orzax-day2day-collagen-mag-plus-45-sase-1285-gr
8681072355339,,Marsias Plus 30 Kapsül,Patecon,Besin Takviyeleri > Sindirim Sistemi Ve Probiyotikler,8,1,t,marsias-plus-30-kapsul
8681571352235,,Suda Vitamin Kalm-HD 60 Bitkisel Kapsül,Suda Vitamin,Besin Takviyeleri > Bitkisel Besin Destekleri,8,1,t,suda-vitamin-kalm-hd-60-bitkisel-kapsul
8681571352228,,Suda Vitamin Special Formula Harecare 60 Tablet,Suda Vitamin,Besin Takviyeleri > Vitaminler > D3 K2 Vitamini,8,1,t,suda-vitamin-special-formula-harecare-60-tablet
8681571352051,,Suda Vitamin Vitamins Clamax Thermo Active System 5-90 Softjel,Suda Vitamin,Besin Takviyeleri > Vitaminler > D3 K2 Vitamini,8,1,t,suda-vitamin-vitamins-clamax-thermo-active-system-5-90-softjel
8681317200264,,Alldermo Bio İntim Köpük 100ml,,Sağlık Ve Medikal > İntim Ürünleri,8,1,t,alldermo-bio-intim-kopuk-100ml
8684816593912,,Babaki Colon Detox 30 Kapsül,,Besin Takviyeleri > Sindirim Sistemi Ve Probiyotikler > Yetişkinler İçin Probiyotikler,8,1,t,babaki-colon-detox-30-kapsul
8680512630845,,Bioxcin Collagen Hyaluronic Acid 30 Tablet,,Besin Takviyeleri > Kolajen,8,1,t,bioxcin-collagen-hyaluronic-acid-30-tablet
8684531267280,,Bye Bye Mosquito Yetişkin Sivrisinek Kovucu Bileklik,,Sağlık Ve Medikal > Haşere Kovucular İnteksitit Ürünler,8,1,t,bye-bye-mosquito-yetiskin-sivrisinek-kovucu-bileklik
8680176001494,,Imuneks Immucan Plus (Afrika Sardunyası) 50 ml,,Besin Takviyeleri > Bağışıklık Sistemi Güçlendirme > Yetişkinler İçin Bağışıklık Güçlendirme,8,1,t,imuneks-immucan-plus-afrika-sardunyasi-50-ml
8693283040058,,Kuteks Gazlı Bez 30cm x 80cm,,Sağlık Ve Medikal > Yara Ve Yanık Ürünleri,8,2,t,kuteks-gazli-bez-30cm-x-80cm
8680525628235,,Kuteks Sıcak Soğuk Termojel 13x26 cm,,Besin Takviyeleri > Eklem Sağlığı Ürünleri > Eklem Ağrısı İçin Kremler,8,2,t,kuteks-sicak-soguk-termojel-13x26-cm
8681781620513,,Ligorix Haftalık İlaç Hap Saklama Kutusu,,Sağlık Ve Medikal > Medikal > Piller,8,1,t,ligorix-haftalik-ilac-hap-saklama-kutusu
8680713008214,,Poblex Kulak Temizleme Solüsyonu 30 ml,,Sağlık Ve Medikal > Medikal,8,1,t,poblex-kulak-temizleme-solusyonu-30-ml
8690546011008,,Tibtrap Fare Yapışkanı,,Sağlık Ve Medikal > Haşere Kovucular İnteksitit Ürünler,8,2,t,tibtrap-fare-yapiskani
8684483423321,,ProcylMag Magnesium 120 Kapsül,Arya,Besin Takviyeleri > Minareller > Magnezyum Mineralleri > Magnezyum Sitrat,7,1,t,procylmag-magnesium-120-kapsul
8690088009907,,Avicenna Miforex 60 Kapsül,Avicenna,Besin Takviyeleri > Bitkisel Besin Destekleri,7,2,t,avicenna-miforex-60-kapsul
8690088016400,,Avicenna Propolis Damla 50ml,Avicenna,Besin Takviyeleri > Bitkisel Besin Destekleri,7,1,t,avicenna-propolis-damla-50ml
8680618036220,,Argivit Inferrin Lactoferrin 10 Saşe,HEKİM,Besin Takviyeleri > Minareller > Demir Mineralleri,7,1,t,argivit-inferrin-lactoferrin-10-sase
8682408684109,,Argivit Magnizinmore 60 Tablet,HEKİM,Besin Takviyeleri > Minareller > Magnezyum Mineralleri > Magnezyum Malat,7,1,t,argivit-magnizinmore-60-tablet
8680176001432,,İmuneks Akbaflex10 Advanced 90 Tablet,Imuneks,Besin Takviyeleri > Eklem Sağlığı Ürünleri,7,1,t,imuneks-akbaflex10-advanced-90-tablet
8699540025721,,NBL Collagen Plus 30 Tablet,NBL,Besin Takviyeleri > Kolajen,7,1,t,nbl-collagen-plus-30-tablet
8683873980512,,Natuwell Hepaline 30 Tablet,Natuwell,Besin Takviyeleri > Bitkisel Besin Destekleri,7,1,t,natuwell-hepaline-30-tablet
8680645530838,,Nbt Life Duobalance Adults 30 Kapsül,Nbt İlaç,Besin Takviyeleri > Sindirim Sistemi Ve Probiyotikler > Yetişkinler İçin Probiyotikler,7,1,t,nbt-life-duobalance-adults-30-kapsul
8680512631149,,Nutraxin Beauty Collagen Powder 300gr,Nutraxin,Besin Takviyeleri > Kolajen,7,1,t,nutraxin-beauty-collagen-powder-300gr
8697595873810,,Outlet - Ocean Gummies Multivitamin Adult 60 Yumuşak Jel Kapsül,Outlet,Outlet Ürünler > OUTLET - Besin Takviyeleri,7,1,t,outlet-ocean-gummies-multivitamin-adult-60-yumusak-jel-kapsul
8680713008481,,Poblex Çocuk Kulak Tıkacı,Poblex,Sağlık Ve Medikal > Medikal,7,2,t,poblex-cocuk-kulak-tikaci
8683086160275,,Sidrex Adek All-IN-One Damla 30 ml,Sidrex,Besin Takviyeleri > Vitaminler > A Vitaminleri,7,1,t,sidrex-adek-all-in-one-damla-30-ml
8680057351823,,Sorvagen Double Sitikolin DHA 30 Kapsül,Sorvagen,Besin Takviyeleri > Hafıza Sağlığı,7,1,t,sorvagen-double-sitikolin-dha-30-kapsul
8681571357339,,Suda Vitamin Glutathione 250 mg 30 Kapsül,Suda Vitamin,Besin Takviyeleri > Vitaminler > D3 K2 Vitamini,7,1,t,suda-vitamin-glutathione-250-mg-30-kapsul
8690712011986,,Zade Vital Keten Tohumu Yağı 60 Kapsül,Zade Vital,Besin Takviyeleri > Bitkisel Besin Destekleri,7,1,t,zade-vital-keten-tohumu-yagi-60-kapsul
8682408684161,,Argivit Active Plus B12 Sprey 30ml,,Besin Takviyeleri > Vitaminler > B Vitamin Complex % B12,7,1,t,argivit-active-plus-b12-sprey-30ml
8684891940311,,Argivit Citicoline 30 Çiğneme Tablet,,Besin Takviyeleri > Hafıza Sağlığı,7,1,t,argivit-citicoline-30-cigneme-tablet
8682408684338,,Argivit Focus 30 Tablet,,Besin Takviyeleri > Hafıza Sağlığı,7,1,t,argivit-focus-30-tablet
8684225240322,,Asia's Dreams Ada Çayı Elma Yağı 10ml,,Sağlık Ve Medikal > Aromatik ve Bitkisel Yağlar,7,1,t,asias-dreams-ada-cayi-elma-yagi-10ml
8684225241466,,Asia's Dreams Nar Çekirdeği Soğuk Sıkım Yağ 250ml,,Sağlık Ve Medikal > Aromatik ve Bitkisel Yağlar,7,1,t,asias-dreams-nar-cekirdegi-soguk-sikim-yag-250ml
8683923638448,,Babynose Nazal Aspiratör Yedek Uç 2li,,Sağlık Ve Medikal > Burun Açıcı Ürünler,7,1,t,babynose-nazal-aspirator-yedek-uc-2li
8680512630821,,Bioxcin Collagen Hyaluronic Acid 30 Şase,,Besin Takviyeleri > Kolajen,7,2,t,bioxcin-collagen-hyaluronic-acid-30-sase
8680176001418,,"Imuneks Folinex Hair 24x Vitamin, Mineral ve Bitki Ekstreleri İçeren Takviye Edici Gıda 60 kapsül",,Besin Takviyeleri > Vitaminler > Biotin,7,1,t,imuneks-folinex-hair-24x-vitamin-mineral-ve-bitki-ekstreleri-iceren-takviye-edici-gida-60-kapsul
8699540023666,,NBL Probiotic Gold 10 Stick Saşe,,Besin Takviyeleri > Sindirim Sistemi Ve Probiyotikler > Yetişkinler İçin Probiyotikler,7,1,t,nbl-probiotic-gold-10-stick-sase
8683873980086,,Natuwell İyot 150mg 25ml,,Besin Takviyeleri > Minareller > İyot,7,1,t,natuwell-iyot-150mg-25ml
8680645530524,,Nbt Life Enzymlife BP 60 Kapsül,,Besin Takviyeleri > Sindirim Sistemi Ve Probiyotikler > Yetişkinler İçin Probiyotikler,7,1,t,nbt-life-enzymlife-bp-60-kapsul
8680645530319,,Nbt Life Iyotic Duo 50 ml Damla,,Besin Takviyeleri > Minareller > İyot,7,2,t,nbt-life-iyotic-duo-50-ml-damla
8697595873762,,Ocean Gummies İron - Demir - 60 Yumuşak Tablet,,Besin Takviyeleri > Minareller > Demir Mineralleri,7,1,t,ocean-gummies-iron-demir-60-yumusak-tablet
850081345190,,Ocean Plus 1200 Mg Balık Yağı 50 + 50 Softjel Kapsül,,Besin Takviyeleri > Omega Yağ Asitleri > Omega 3,7,1,t,ocean-plus-1200-mg-balik-yagi-50-50-softjel-kapsul
8683229604833,,Okey Maximum Silikon Jel 50 ml,,Sağlık Ve Medikal > Cinsel Sağlık Ürünleri > Kayganlaştırıcı Jeller,7,2,t,okey-maximum-silikon-jel-50-ml
8699680150240,,Outlet - Wellcare Quercetin 60 Kapsül,,Outlet Ürünler > OUTLET - Besin Takviyeleri,7,1,t,outlet-wellcare-quercetin-60-kapsul
33984005709,,Solgar Maxi L-Carnitine 500 mg 30 Tablet,,Besin Takviyeleri > Sporcu Ürünleri > Form & Enerji Ürünleri,7,2,t,solgar-maxi-l-carnitine-500-mg-30-tablet
8683229609920,,Viaxi Glide Kayganlaştırıcı Jel Sade 5x5 ml,,Sağlık Ve Medikal > Cinsel Sağlık Ürünleri > Kayganlaştırıcı Jeller,7,1,t,viaxi-glide-kayganlastirici-jel-sade-5x5-ml
8680176001197,,İmuneks Kids Multivitamin ve Mineraller Takviye Edici Gıda 250 ml,,Besin Takviyeleri > MultiVitaminler,7,1,t,imuneks-kids-multivitamin-ve-mineraller-takviye-edici-gida-250-ml
8699293110576,,Cistus Antivirus Ballı Limonlu Pastil 10 Adet,Cistus,Besin Takviyeleri > Kadın Besin Takviyeleri,6,1,t,cistus-antivirus-balli-limonlu-pastil-10-adet
8682408684086,,Argivit Bromelain 500mg 60 Tablet,HEKİM,Besin Takviyeleri > Sindirim Sistemi Ve Probiyotikler > Yetişkinler İçin Probiyotikler,6,1,t,argivit-bromelain-500mg-60-tablet
8680176000947,,İmuneks Q10 Multi Complex 60 Kapsül,Imuneks,Besin Takviyeleri > Antioksidanlar > Koenzim Q10 Takviyeleri,6,1,t,imuneks-q10-multi-complex-60-kapsul
8683675618101,,LeeRoy Multivitamin & Multimineral 90 Tablet,LeeRoy,Besin Takviyeleri > MultiVitaminler,6,1,t,leeroy-multivitamin-multimineral-90-tablet
30149632,,Loreal Paris Color Riche Intense Volume Matte Ruj - 550 Nude Unapologetic,Loreal,Makyaj > Ruj Ve Dudak Ürünleri > Rujlar,6,1,t,loreal-paris-color-riche-intense-volume-matte-ruj-550-nude-unapologetic
8699540036710,,NBL Alora Passiflora 30 Tablet,NBL,Besin Takviyeleri > Uyku Destek Ürünleri,6,1,t,nbl-alora-passiflora-30-tablet
8684798450371,,Nutrigen Goodnight 100 ml,Nutrigen,Besin Takviyeleri > Uyku Destek Ürünleri,6,1,t,nutrigen-goodnight-100-ml
8697595873755,,Ocean Cogniven 30 Kapsül,Ocean,Besin Takviyeleri > Hafıza Sağlığı,6,2,t,ocean-cogniven-30-kapsul
8681917366988,,DellaVita Pentazym Enzim 60 Kapsül,OnVita,Besin Takviyeleri > Sindirim Sistemi Ve Probiyotikler > Yetişkinler İçin Probiyotikler,6,1,t,dellavita-pentazym-enzim-60-kapsul
8681072355346,,Sui Generis Nr 30 Kapsül,Patecon,Besin Takviyeleri > Eklem Sağlığı Ürünleri > Glukozamine Ürünleri,6,1,t,sui-generis-nr-30-kapsul
8699592822651,,Rollbant Eko Soft Kesilebilir Ekonomik Yara Bandı 8 cm x 1 mt,Rollbant,Sağlık Ve Medikal > Yara Ve Yanık Ürünleri,6,2,t,rollbant-eko-soft-kesilebilir-ekonomik-yara-bandi-8-cm-x-1-mt
8680287030130,,Sambucol Plus 20 Pastil,Sambucol,Besin Takviyeleri > Bağışıklık Sistemi Güçlendirme > Karamürver,6,1,t,sambucol-plus-20-pastil
8682851193098,,Sovital Happy Mood Sleep Omax 60 Kapsül,Sovital,Besin Takviyeleri > Uyku Destek Ürünleri,6,1,t,sovital-happy-mood-sleep-omax-60-kapsul
8681734110603,,Steriball Elektrikli & Pilli Diş Fırçaları İçin Koruma Kabı 2'li - Şeffaf -Turkuaz,Steriball,Kişisel Bakım > Ağız Bakım Ürünleri > Diş Fırçası Kapları,6,1,t,steriball-elektrikli-pilli-dis-fircalari-icin-koruma-kabi-2li-seffaf-turkuaz
8684225241244,,Asia's Dreams Acı Badem Yağ 50ml,,Sağlık Ve Medikal > Aromatik ve Bitkisel Yağlar,6,1,t,asias-dreams-aci-badem-yag-50ml
8684225240094,,Asia's Dreams Argan Soğuk Sıkım Yağ 20ml,,Sağlık Ve Medikal > Aromatik ve Bitkisel Yağlar,6,1,t,asias-dreams-argan-soguk-sikim-yag-20ml
8684225241251,,Asia's Dreams Argan Soğuk Sıkım Yağ 50ml,,Sağlık Ve Medikal > Aromatik ve Bitkisel Yağlar,6,1,t,asias-dreams-argan-soguk-sikim-yag-50ml
8684225240971,,Asia's Dreams Aynı Sefa Yağı 20ml,,Sağlık Ve Medikal > Aromatik ve Bitkisel Yağlar,6,1,t,asias-dreams-ayni-sefa-yagi-20ml
8680512660453,,Bioxcin Womens Hair 30 Tablet + Seyahat Boy Multivitamin Şampuan Hediye,,Besin Takviyeleri > Kadın Besin Takviyeleri,6,2,t,bioxcin-womens-hair-30-tablet-seyahat-boy-multivitamin-sampuan-hediye
8697781960825,,Dr. Thomson Omega 3 Balık Yağı 1200 mg 50 Kapsül,,Besin Takviyeleri > Omega Yağ Asitleri > Omega 3,6,1,t,dr-thomson-omega-3-balik-yagi-1200-mg-50-kapsul
5052197057768,,Durex Klasik Prezervatif 30 Adet,,Sağlık Ve Medikal > Cinsel Sağlık Ürünleri > Prezervatifler,6,1,t,durex-klasik-prezervatif-30-adet
8680512350026,,Headlice Doğal Kokulu 2'li Bit Rozeti,,Sağlık Ve Medikal > Bit Ve Sirke Ürünleri,6,1,t,headlice-dogal-kokulu-2li-bit-rozeti
8683675618217,,LeeRoy Selenyum 90 Tablet,,Besin Takviyeleri > Minareller > Selenyum Mineralleri,6,1,t,leeroy-selenyum-90-tablet
8683675618637,,Leeroy Alfa Lipoik Asit 30 Tablet,,Besin Takviyeleri > Bitkisel Besin Destekleri,6,1,t,leeroy-alfa-lipoik-asit-30-tablet
8683675618576,,Leeroy K2 Vitamini 60 Tablet,,Besin Takviyeleri > Vitaminler > K Vitaminleri,6,1,t,leeroy-k2-vitamini-60-tablet
8683675618620,,Leeroy Krom Pikolinat 90 Tablet,,Besin Takviyeleri > Minareller > Krom Mineralleri,6,1,t,leeroy-krom-pikolinat-90-tablet
8683675618644,,Leeroy L-Karnıtın 60 Tablet,,Besin Takviyeleri > Form Destek Ürünleri,6,1,t,leeroy-l-karnitin-60-tablet
8683675618583,,Leeroy Lesitin 90 Tablet,,Besin Takviyeleri > Bitkisel Besin Destekleri,6,1,t,leeroy-lesitin-90-tablet
8683675618590,,Leeroy Resveratrol 30 Tablet,,Besin Takviyeleri > Bitkisel Besin Destekleri,6,1,t,leeroy-resveratrol-30-tablet
8683675618569,,Leeroy İyot 90 Tablet,,Besin Takviyeleri > Minareller > İyot,6,1,t,leeroy-iyot-90-tablet
8680702309407,,Msl Vimex Mag 60 Tablet,,Besin Takviyeleri > Minareller > İyot,6,1,t,msl-vimex-mag-60-tablet
8680645531200,,Nbt Life Omegalife Active 30 Kapsül,,Besin Takviyeleri > Omega Yağ Asitleri > Omega 3,6,1,t,nbt-life-omegalife-active-30-kapsul
850077028137,,Ocean OsteoFine Takviye Edici Gıda 60 Tablet 1+1,,Besin Takviyeleri > Kadın Besin Takviyeleri,6,1,t,ocean-osteofine-takviye-edici-gida-60-tablet-11
8680176000764,,Outlet - Imuneks 50 mg 40 Kapsül,,Outlet Ürünler > OUTLET - Besin Takviyeleri,6,1,t,outlet-imuneks-50-mg-40-kapsul
8697903232731,,Talya Tribulus Terrestris Demir Dikeni ve Ekstraktı İçeren Takviye Edici Gıda 60 Kapsül,,Besin Takviyeleri > Bitkisel Besin Destekleri,6,1,t,talya-tribulus-terrestris-demir-dikeni-ve-ekstrakti-iceren-takviye-edici-gida-60-kapsul
8683229901413,,"VeNatura Multivitamin, Multimineral ve DHA Takviye Edici Gıda 30 Kapsül",,Besin Takviyeleri > MultiVitaminler,6,2,t,venatura-multivitamin-multimineral-ve-dha-takviye-edici-gida-30-kapsul
5021265245598,,Vitabiotics Ultra Vitamin D3 1000 IU 96 Tablet,,Besin Takviyeleri > Vitaminler > D Vitaminleri,6,1,t,vitabiotics-ultra-vitamin-d3-1000-iu-96-tablet
8699514590378,,Youplus Vitamin D3K2 Damla 20 ml 2 Adet,Abdi İbrahim,Besin Takviyeleri > Vitaminler > D3 K2 Vitamini,5,1,t,youplus-vitamin-d3k2-damla-20-ml-2-adet
8690088002670,,Avicenna Form 60 Kapsül,Avicenna,Besin Takviyeleri > Form Destek Ürünleri,5,1,t,avicenna-form-60-kapsul
8690088002106,,Avicenna Powmax 90 Tablet,Avicenna,Besin Takviyeleri > Bağışıklık Sistemi Güçlendirme > Yetişkinler İçin Bağışıklık Güçlendirme,5,1,t,avicenna-powmax-90-tablet
8681285102683,,B-Good Hazır Pansuman Örtü 9 cm x 20 cm 5li,B-Good,Sağlık Ve Medikal > Yara Ve Yanık Ürünleri,5,1,t,b-good-hazir-pansuman-ortu-9-cm-x-20-cm-5li
8699546090426,,Elenatal 1 Takviye Edici Gıda 30 Tablet,Bayer,Besin Takviyeleri > Vitaminler > D3 K2 Vitamini,5,1,t,elenatal-1-takviye-edici-gida-30-tablet
8681291004605,,Centrum İmmunity Kara Mürver 60 Kapsül,Centrum,Besin Takviyeleri > Bağışıklık Sistemi Güçlendirme,5,1,t,centrum-immunity-kara-murver-60-kapsul
8684068088532,,Cronos Pharma İnfinity Soothe 93 Kapsül,Cronos Pharma,Besin Takviyeleri > Uyku Destek Ürünleri,5,1,t,cronos-pharma-infinity-soothe-93-kapsul
48107211196,,GNC Glutathione Takviye Edici Gıda 60 Kapsül,GNC,Besin Takviyeleri > Bağışıklık Sistemi Güçlendirme > Bağışıklık Sistemi Güçlendirici Haplar,5,1,t,gnc-glutathione-takviye-edici-gida-60-kapsul
48107165789,,GNC Pro Creatine Monohydrate Takviye Edici Gıda 255 g,GNC,Besin Takviyeleri > Form Destek Ürünleri,5,1,t,gnc-pro-creatine-monohydrate-takviye-edici-gida-255-g
48107225544,,GNC Pro Performance L-Glutamin 5000 mg,GNC,Besin Takviyeleri > Sporcu Ürünleri > Glutamine,5,1,t,gnc-pro-performance-l-glutamin-5000-mg
48107060749,,Gnc Bromelain 60 Tablet,GNC,Besin Takviyeleri > Sindirim Sistemi Ve Probiyotikler > Yetişkinler İçin Probiyotikler,5,1,t,gnc-bromelain-60-tablet
8684939710081,,Gummylab. Süper Multivitamin 60 Sakız Tablet,Gummylab.,Besin Takviyeleri > Bağışıklık Sistemi Güçlendirme > Bebek & Çocuklar İçin Bağışıklık Güçlendirme,5,1,t,gummylab-super-multivitamin-60-sakiz-tablet
8697448359917,,Hardline Shaker - Siyah - 600 ml,Hardline,Besin Takviyeleri > Sporcu Takviyeleri > Shakerlar,5,1,t,hardline-shaker-siyah-600-ml
7350075690266,,Humble Brush Bambu Bebek Fırçası Mavi,Humble Brush,Kişisel Bakım > Ağız Bakım Ürünleri > Diş Fırçaları > Çocuk Diş Fırçası,5,1,t,humble-brush-bambu-bebek-fircasi-mavi
8683675618439,,LeeRoy Kurkumin 500mg 60 Tablet,LeeRoy,Besin Takviyeleri > Bitkisel Besin Destekleri,5,1,t,leeroy-kurkumin-500mg-60-tablet
8683675618392,,LeeRoy Taurin 800mg 60 Tablet,LeeRoy,Besin Takviyeleri > Antioksidanlar > Koenzim Q10 Takviyeleri,5,1,t,leeroy-taurin-800mg-60-tablet
53232112737,,Life Time Q-5-Hydroxy Tryptophan 30 Kapsül,Life time,Besin Takviyeleri > Uyku Destek Ürünleri,5,1,t,life-time-q-5-hydroxy-tryptophan-30-kapsul
7070866013288,,Möller's Omega-3 Cod Liver Oil Tutti Frutti Balık Yağı 250 ml,Möllers,Besin Takviyeleri > Omega Yağ Asitleri > Omega 3,5,1,t,mollers-omega-3-cod-liver-oil-tutti-frutti-balik-yagi-250-ml
6959989131509,,Jazz Taşınabilir ( Ultrasonik ) Mesh Nebulizatör ( NBM-5B ),Nimo,Sağlık Ve Medikal > Medikal > Nebulizatör,5,2,t,jazz-tasinabilir-ultrasonik-mesh-nebulizator-nbm-5b
850077028571,,Ocean Polysitol 400 Mcg 30 Saşe,Ocean,Besin Takviyeleri > Kadın Besin Takviyeleri,5,1,t,ocean-polysitol-400-mcg-30-sase
8697595871379,,Ocean Vitamin D3 400 IU Sprey 20ml,Ocean,Besin Takviyeleri > Vitaminler > D Vitaminleri,5,1,t,ocean-vitamin-d3-400-iu-sprey-20ml
4015672110892,,Omron MicroAir U100 Mesh Nebulizatör,Omron,Sağlık Ve Medikal > Medikal > Nebulizatör,5,2,t,omron-microair-u100-mesh-nebulizator
8681917366964,,DellaVita Pentamag (5-Magnezyum Kompleksi) 60 Tablet,OnVita,Besin Takviyeleri > Minareller > Magnezyum Mineralleri > Magnezyum Bisglisinat,5,1,t,dellavita-pentamag-5-magnezyum-kompleksi-60-tablet
8683148630036,,Onvita Kuersetin 500 mg 60 Kapsül,OnVita,Besin Takviyeleri > Bağışıklık Sistemi Güçlendirme > Yetişkinler İçin Bağışıklık Güçlendirme,5,1,t,onvita-kuersetin-500-mg-60-kapsul
8699680020045,,Outlet - Wellcare Vitamin C + Selenyum 55mcg 15 Efervesan Tablet,Outlet,Outlet Ürünler > OUTLET - Besin Takviyeleri,5,1,t,outlet-wellcare-vitamin-c-selenyum-55mcg-15-efervesan-tablet
32101156,,Promosyon - Etat Pur  Mor Çanta,Promosyon,Promosyonlar - Hediye Ürünler,5,1,t,promosyon-etat-pur-mor-canta
7391899858364,,Boston Simplus Sert Lens Solüsyonu 120 ml,RENU,Sağlık Ve Medikal > Göz Sağlığı Ürünleri,5,1,t,boston-simplus-sert-lens-solusyonu-120-ml
8680057351830,,Sorvagen Grow&Brain for Kids 150 ml,Sorvagen,Besin Takviyeleri > Omega Yağ Asitleri > Bebek & Çoçuklar İçin Omega Yağ Asitleri,5,1,t,sorvagen-growbrain-for-kids-150-ml
8681734110597,,Steriball Elektrikli & Pilli Diş Fırçaları İçin Koruma Kabı 2'li - Kırmızı Siyah,Steriball,Kişisel Bakım > Ağız Bakım Ürünleri > Diş Fırçası Kapları,5,1,t,steriball-elektrikli-pilli-dis-fircalari-icin-koruma-kabi-2li-kirmizi-siyah
8681734110511,,Steriball Elektrikli & Pilli Diş Fırçaları İçin Koruma Kabı 2'li - Mor,Steriball,Kişisel Bakım > Ağız Bakım Ürünleri > Diş Fırçası Kapları,5,1,t,steriball-elektrikli-pilli-dis-fircalari-icin-koruma-kabi-2li-mor
8681571354161,,Suda Probiotic Berrybiotic 60 Vegan Kapsül,Suda Vitamin,Besin Takviyeleri > Sindirim Sistemi Ve Probiyotikler,5,1,t,suda-probiotic-berrybiotic-60-vegan-kapsul
8680133002083,,Krilom Omega-3 Astaksantin Soft Jel 50 Kapsül 3 Al 2 Öde,Tabilaç,Besin Takviyeleri > Omega Yağ Asitleri > Omega 3,5,1,t,krilom-omega-3-astaksantin-soft-jel-50-kapsul-3-al-2-ode
8683229902267,,Venatura L-Glutatyon 250mg 30 Kapsül,VeNatura,Besin Takviyeleri > Antioksidanlar > Koenzim Q10 Takviyeleri,5,1,t,venatura-l-glutatyon-250mg-30-kapsul
8690797107453,,Wee Baby Klasik Kulplu PP Biberon 270 ml - 745,Wee Baby,Anne ve Bebek > Biberonlar & Aksesuarları > Biberonlar,5,1,t,wee-baby-klasik-kulplu-pp-biberon-270-ml-745
8680702301586,,Alesta Burun Bandı Yetişkin XL 10'lu,,Sağlık Ve Medikal > Horlama Önleyiciler,5,1,t,alesta-burun-bandi-yetiskin-xl-10lu
8684225240230,,Asia's Dreams Biberiye Yağı 10ml,,Sağlık Ve Medikal > Aromatik ve Bitkisel Yağlar,5,1,t,asias-dreams-biberiye-yagi-10ml
8684225240025,,Asia's Dreams Sarı Kantaron Yağı 20ml,,Sağlık Ve Medikal > Aromatik ve Bitkisel Yağlar,5,1,t,asias-dreams-sari-kantaron-yagi-20ml
8681285102669,,B-Good Hazır Pansuman Örtü 9 cm x 15 cm 5li,,Sağlık Ve Medikal > Yara Ve Yanık Ürünleri,5,1,t,b-good-hazir-pansuman-ortu-9-cm-x-15-cm-5li
8681285102720,,B-Good Hazır Pansuman Örtü 9 cm x 30 cm - 5 Adet,,Sağlık Ve Medikal > Yara Ve Yanık Ürünleri,5,1,t,b-good-hazir-pansuman-ortu-9-cm-x-30-cm-5-adet
8690605061074,,Dalin Şampuan 100 ml,,Anne ve Bebek > Bebek Ürünleri > Bebek Banyo Ürünleri > Bebek Şampuanları,5,1,t,dalin-sampuan-100-ml
8697781960351,,Dr. Thomson Pectopan Adult 150 ml,,Besin Takviyeleri > Bağışıklık Sistemi Güçlendirme > Yetişkinler İçin Bağışıklık Güçlendirme,5,1,t,dr-thomson-pectopan-adult-150-ml
6938799205396,,Duratape Kinesiyoloji Bandı Siyah 5 cm x 5 m,,Sağlık Ve Medikal > Yara Ve Yanık Ürünleri,5,2,t,duratape-kinesiyoloji-bandi-siyah-5-cm-x-5-m
8684939710036,,Gummylab. Kids Super Gummy 60 Adet Jel Form,,Besin Takviyeleri > MultiVitaminler,5,1,t,gummylab-kids-super-gummy-60-adet-jel-form
8680760010710,,Humanis Saw Palmetto 60 Tablet,,Besin Takviyeleri > Bitkisel Besin Destekleri,5,1,t,humanis-saw-palmetto-60-tablet
8683675618330,,LeeRoy Kids Multivitamin Multimineral (4-10 Yaş) 90 Tablet,,Besin Takviyeleri > MultiVitaminler,5,1,t,leeroy-kids-multivitamin-multimineral-4-10-yas-90-tablet
8683675618224,,LeeRoy Skin | Hair & Nails 90 Tablet,,Saç Bakımı > Saç Bakım Vitamin Takviyeleri,5,1,t,leeroy-skin-hair-nails-90-tablet
8683675618545,,Leeroy Kalcium Potasyum ve Magnezyum 90 Tablet,,Besin Takviyeleri > Minareller > Kalsiyum Mineralleri,5,1,t,leeroy-kalcium-potasyum-ve-magnezyum-90-tablet
53232116056,,Life Time Q-B-50 Complex 60 Kapsül,,Besin Takviyeleri > Vitaminler > B Vitamin Complex % B12,5,1,t,life-time-q-b-50-complex-60-kapsul
8697796000388,,OUTLET - Dermoskin NutraFarm Collagen Hyaluronic Acid Tip2 120mg 60 Kapsül,,Besin Takviyeleri > Kolajen,5,1,t,outlet-dermoskin-nutrafarm-collagen-hyaluronic-acid-tip2-120mg-60-kapsul
8683675618310,,OUTLET - LeeRoy 50+ ProFem 90 Tablet,,Besin Takviyeleri > Kadın Besin Takviyeleri,5,1,t,outlet-leeroy-50-profem-90-tablet
8699546258278,,OUTLET - Mirabalance Kids Probiyotik 12 Saşe,,Besin Takviyeleri > Sindirim Sistemi Ve Probiyotikler > Bebek & Çocuklar İçin Probiyotikler,5,1,t,outlet-mirabalance-kids-probiyotik-12-sase
8697595874042,,Ocean Gummies Omega 3 60 Adet Çiğnenebilir Jel Form,,Besin Takviyeleri > Vitaminler > C Vitaminleri,5,1,t,ocean-gummies-omega-3-60-adet-cignenebilir-jel-form
8699680650051,,Outlet - Wellcare Collagen Beauty Boost Plus - Karpuz & Nane Aromalı - 10.000 mg Likit Form 40mlx30Shot & 30 Kapsül,,Outlet Ürünler > OUTLET - Besin Takviyeleri,5,1,t,outlet-wellcare-collagen-beauty-boost-plus-karpuz-nane-aromali-10000-mg-likit-form-40mlx30shot-30-kapsul
301576062846,,Promosyon - Lierac Sunissime 2026 Güneş Çantası,,Promosyonlar - Hediye Ürünler,5,1,t,promosyon-lierac-sunissime-2026-gunes-cantasi
8699592806514,,"Roll Kohezif Bandaj 5 cm x 4,5 m",,Sağlık Ve Medikal > Yara Ve Yanık Ürünleri,5,2,t,roll-kohezif-bandaj-5-cm-x-45-m
8680176001258,,İmuneks Kids Focus 150 ml,,Besin Takviyeleri > Hafıza Sağlığı,5,1,t,imuneks-kids-focus-150-ml
5060176730038,,Aftamed Sprey 20 ml,Aftamed,Kişisel Bakım > Ağız Bakım Ürünleri > Ağız Yarası(aft ürünleri),4,2,t,aftamed-sprey-20-ml
8680782940026,,MemeThol Bariyer Sprey 10 ml,Almediko,Besin Takviyeleri > Sindirim Sistemi Ve Probiyotikler,4,2,t,memethol-bariyer-sprey-10-ml
8699708011719,,Kondromin ART 90 Tablet,Assos,Besin Takviyeleri > Kadın Besin Takviyeleri,4,2,t,kondromin-art-90-tablet
8699708120084,,Kondromin Takviye Edici Gıda 60 Tablet,Assos,Besin Takviyeleri > Bitkisel Besin Destekleri,4,2,t,kondromin-takviye-edici-gida-60-tablet
8690088002540,,Avicenna Ginkgo Yaprağı 60 Kapsül,Avicenna,Besin Takviyeleri > Hafıza Sağlığı,4,1,t,avicenna-ginkgo-yapragi-60-kapsul
8699546190362,,"Elenatal 3 Multivitamin, Mineral ve Omega-3 İçeren Takviye Edici Gıda 30 Kapsül",Bayer,Besin Takviyeleri > Kadın Besin Takviyeleri,4,1,t,elenatal-3-multivitamin-mineral-ve-omega-3-iceren-takviye-edici-gida-30-kapsul
8690683005793,,Bebedor  Banyo Termometresi 579,Bebedor,Anne ve Bebek > Bebek Aksesuarları,4,1,t,bebedor-banyo-termometresi-579
8684891940052,,Argivit Auti 400gr,HEKİM,Besin Takviyeleri > Hafıza Sağlığı,4,1,t,argivit-auti-400gr
7350075690273,,Humble Brush Bambu Bebek Fırçası Lila,Humble Brush,Kişisel Bakım > Ağız Bakım Ürünleri > Diş Fırçaları > Çocuk Diş Fırçası,4,1,t,humble-brush-bambu-bebek-fircasi-lila
8680176001425,,İmuneks Emetium Plus Zencefil Rizom Ekstresi Ve Aktif B6 Vitamini Içeren Takviye Edici Gıda 20 Tablet,Imuneks,Besin Takviyeleri > Bitkisel Besin Destekleri,4,1,t,imuneks-emetium-plus-zencefil-rizom-ekstresi-ve-aktif-b6-vitamini-iceren-takviye-edici-gida-20-tablet
8683675618422,,LeeRoy Complex Lutein 60 Yumuşak Kapsül,LeeRoy,Sağlık Ve Medikal > Göz Sağlığı Ürünleri,4,1,t,leeroy-complex-lutein-60-yumusak-kapsul
8683675618262,,LeeRoy Saw Pawletto Pro-Sta Mix 90 Tablet,LeeRoy,Besin Takviyeleri > Bitkisel Besin Destekleri,4,1,t,leeroy-saw-pawletto-pro-sta-mix-90-tablet
733739001009,,Now L Lysine 100 Tablet,Now,Besin Takviyeleri > Bitkisel Besin Destekleri,4,1,t,now-l-lysine-100-tablet
8697595873953,,Ocean Capillus Women 60 Tablet + Capillus Şampuan Hediyeli,Ocean,Besin Takviyeleri > Kadın Besin Takviyeleri,4,1,t,ocean-capillus-women-60-tablet-capillus-sampuan-hediyeli
8697595873021,,Ocean Panax Ginseng 60 Kapsül,Ocean,Besin Takviyeleri > MultiVitaminler,4,1,t,ocean-panax-ginseng-60-kapsul
8681291002311,,Parodontax Florürlü Diş Macunu 75 ml.,Parodontax,Kişisel Bakım > Ağız Bakım Ürünleri > Diş Macunları > Yetişkin Diş Macunu,4,1,t,parodontax-florurlu-dis-macunu-75-ml
8680713008443,,Poblex Vazelinli Pamuk Kulak Tıkacı - Kulak Koruyucu Tıpası 2'li,Poblex,Sağlık Ve Medikal > Medikal > Kulak Tıkacı,4,1,t,poblex-vazelinli-pamuk-kulak-tikaci-kulak-koruyucu-tipasi-2li
8690784124515,,Off Sinek Kovar Losyon 100 ml,Raid,Sağlık Ve Medikal > Haşere Kovucular İnteksitit Ürünler,4,1,t,off-sinek-kovar-losyon-100-ml
33984014749,,Solgar Soya Isoflavones 60 Tablet,Solgar,Besin Takviyeleri > Bitkisel Besin Destekleri,4,2,t,solgar-soya-isoflavones-60-tablet
8682851193722,,Sovital Happy Vajin 60 Kapsül,Sovital,Besin Takviyeleri > Sindirim Sistemi Ve Probiyotikler > Yetişkinler İçin Probiyotikler,4,1,t,sovital-happy-vajin-60-kapsul
8681571357315,,Suda Vitamin İmmun-Gard 30 Kapsül,Suda Vitamin,Besin Takviyeleri > Bağışıklık Sistemi Güçlendirme,4,1,t,suda-vitamin-immun-gard-30-kapsul
8680133000363,,Omepa-Q10 Omega3 Ubiquinol 30 Kapsül 3 lü paket,Tabilaç,Besin Takviyeleri > Omega Yağ Asitleri > Omega 3,4,1,t,omepa-q10-omega3-ubiquinol-30-kapsul-3-lu-paket
8680133003202,,Tab İlaç Cognimore 30 Kapsül + Krilom Ultra Krill Oil 30 Kapsül ; Avantajlı Paket,Tabilaç,Besin Takviyeleri > Omega Yağ Asitleri > Omega 3,4,1,t,tab-ilac-cognimore-30-kapsul-krilom-ultra-krill-oil-30-kapsul-avantajli-paket
8680133003226,,Tab İlaç Krilom Omega 3 50 Kapsül + Magnimore All Day 60 Tablet ; Avantajlı Paket,Tabilaç,Besin Takviyeleri > Omega Yağ Asitleri > Omega 3,4,1,t,tab-ilac-krilom-omega-3-50-kapsul-magnimore-all-day-60-tablet-avantajli-paket
8680133003257,,Tab İlaç Nemolix Plus 30 Tablet + Osende D3K2 20ml Damla ; Avantajlı Paket,Tabilaç,Besin Takviyeleri > Eklem Sağlığı Ürünleri,4,1,t,tab-ilac-nemolix-plus-30-tablet-osende-d3k2-20ml-damla-avantajli-paket
8683561415876,,Talya Magnezyum All Day 90 Tablet,Talya,Besin Takviyeleri > Minareller > Magnezyum Mineralleri > Magnezyum Bisglisinat,4,1,t,talya-magnezyum-all-day-90-tablet
8684225240339,,Asia's Dreams Ardıç Yağı 10ml,,Sağlık Ve Medikal > Aromatik ve Bitkisel Yağlar,4,1,t,asias-dreams-ardic-yagi-10ml
8684225240100,,Asia's Dreams Susam Soğuk Sıkım Yağ 20ml,,Sağlık Ve Medikal > Aromatik ve Bitkisel Yağlar,4,1,t,asias-dreams-susam-soguk-sikim-yag-20ml
8684225241282,,Asia's Dreams Tatlı Badem Soğuk Sıkım Yağ 50ml,,Sağlık Ve Medikal > Aromatik ve Bitkisel Yağlar,4,1,t,asias-dreams-tatli-badem-soguk-sikim-yag-50ml
8684225240124,,Asia's Dreams Çörek Otu Soğuk Sıkım Yağ 20ml,,Sağlık Ve Medikal > Aromatik ve Bitkisel Yağlar,4,1,t,asias-dreams-corek-otu-soguk-sikim-yag-20ml
8690088012921,,Avicenna Biotin 60 Tablet,,Besin Takviyeleri > Vitaminler > Biotin,4,1,t,avicenna-biotin-60-tablet
5701780437301,,Comfeel Bariyer Krem 60 ml,,Sağlık Ve Medikal > Yara Ve Yanık Ürünleri,4,2,t,comfeel-bariyer-krem-60-ml
8684068088518,,Cronos Pharma İnfinity Pqr 33 Kapsül,,Besin Takviyeleri > Antioksidanlar > Koenzim Q10 Takviyeleri,4,1,t,cronos-pharma-infinity-pqr-33-kapsul
8697595873885,,Day2Day The Collagen Beauty Çilek Aromalı 10000 mg 30 Saşe - 3 Al 2 Öde,,Besin Takviyeleri > Kolajen,4,2,t,day2day-the-collagen-beauty-cilek-aromali-10000-mg-30-sase-3-al-2-ode
8685121000010,,Imuneks GeLiPthin-1™ Micro 120 Bitkisel Kapsül,,Besin Takviyeleri > Form Destek Ürünleri,4,1,t,imuneks-gelipthin-1-micro-120-bitkisel-kapsul
8683675618200,,LeeRoy Calcium Magnesium Çinko+D3 120 Tablet,,Besin Takviyeleri > Minareller > Magnezyum Mineralleri > Magnezyum Bisglisinat,4,1,t,leeroy-calcium-magnesium-cinkod3-120-tablet
8699540049123,,NBL Omega-3 Fish And Krill Oil 100 Yumuşak Kapsül,,Besin Takviyeleri > Omega Yağ Asitleri > Omega 3,4,1,t,nbl-omega-3-fish-and-krill-oil-100-yumusak-kapsul
8683873980420,,Natuwell İronline Kids Damla 30ml,,Besin Takviyeleri > Minareller > Demir Mineralleri,4,1,t,natuwell-ironline-kids-damla-30ml
733739001085,,Now 5 HTP 200 mg 60 Kapsül,,Besin Takviyeleri > Vitaminler > B Vitamin Complex % B12,4,1,t,now-5-htp-200-mg-60-kapsul
733739013002,,Now Magnesium Malate 180 Tablet,,Besin Takviyeleri > Minareller > Magnezyum Mineralleri > Magnezyum Malat,4,1,t,now-magnesium-malate-180-tablet
8680512631392,,Nutraxin Beauty Gold Collagen 30 Tablet (3 Al 2 Öde),,Besin Takviyeleri > Kolajen,4,1,t,nutraxin-beauty-gold-collagen-30-tablet-3-al-2-ode
8680512635772,,Nutraxin Big Energy Plus 60 Tablet,,Besin Takviyeleri > MultiVitaminler,4,1,t,nutraxin-big-energy-plus-60-tablet
8683148630012,,OnVita Omega 3 30 Kapsül,,Besin Takviyeleri > Omega Yağ Asitleri > Omega 3,4,1,t,onvita-omega-3-30-kapsul
4103040905581,,Sebamed Kırışıklık Karşıtı Göz Çevresi Kremi 15 ml,,Cilt Bakımı > Göz Çevresi Bakımı > Göz Çevresi Kırışıklık Karşıtı,4,1,t,sebamed-kirisiklik-karsiti-goz-cevresi-kremi-15-ml
33984020306,,Solgar Beta Carotene 7 mg 60 Yumuşak Jelatin Kapsül,,Besin Takviyeleri > Antioksidanlar > Antioksidan İçeren C Vitaminleri,4,2,t,solgar-beta-carotene-7-mg-60-yumusak-jelatin-kapsul
33984009677,,Solgar Chewable Vitamin D3 1000 IU 100 Çiğnenebilir Tablet,,Besin Takviyeleri > Vitaminler > D Vitaminleri,4,1,t,solgar-chewable-vitamin-d3-1000-iu-100-cignenebilir-tablet
33984017351,,"Solgar Formula Skin, Nails Hair With Msm Takviye Edici Gıda 60 Tablet",,Besin Takviyeleri > Vitaminler > Biotin,4,2,t,solgar-formula-skin-nails-hair-with-msm-takviye-edici-gida-60-tablet
33984022058,,Solgar Phytosterol Complex 1000 mg 100 Yumuşak Jelatinli Kapsül,,Besin Takviyeleri > Kadın Besin Takviyeleri,4,2,t,solgar-phytosterol-complex-1000-mg-100-yumusak-jelatinli-kapsul
33984030503,,Solgar Vitamin B2 (Riboflavin) 100 Mg 100 Bitkisel Kapsül,,Besin Takviyeleri > Vitaminler > B Vitamin Complex % B12,4,2,t,solgar-vitamin-b2-riboflavin-100-mg-100-bitkisel-kapsul
8680057351793,,Sorvagen Smart Kids Sıvı Form - Sitikolin DHA Omega 3 Norveç Balık Yağı ve B12 - 150 ml,,Besin Takviyeleri > Vitaminler > B Vitamin Complex % B12,4,2,t,sorvagen-smart-kids-sivi-form-sitikolin-dha-omega-3-norvec-balik-yagi-ve-b12-150-ml
8681571357414,,Suda Vitamin Vitamin D3 500IU For Kids 20 ml,,Besin Takviyeleri > Vitaminler > D Vitaminleri,4,1,t,suda-vitamin-vitamin-d3-500iu-for-kids-20-ml
8683229900591,,VeNatura Vitamin D3K2 ve Menaquinon 7 Takviye Edici Gıda 20 ml,,Besin Takviyeleri > Vitaminler > D3 K2 Vitamini,4,2,t,venatura-vitamin-d3k2-ve-menaquinon-7-takviye-edici-gida-20-ml
5021265248643,,Vitabiotics Perfectil Skin | Hair | Nails 30 Tablet,,Besin Takviyeleri > Vitaminler > Biotin,4,1,t,vitabiotics-perfectil-skin-hair-nails-30-tablet
8699514190073,,Youplus Omega 3 30 Kapsül,Abdi İbrahim,Besin Takviyeleri > Kadın Besin Takviyeleri,3,1,t,youplus-omega-3-30-kapsul
8680244420431,,Nazalnem Burun Damlası 30 ml,Abfen Farma,Sağlık Ve Medikal > Burun Açıcı Ürünler,3,1,t,nazalnem-burun-damlasi-30-ml
8680244420486,,Nazalnem Burun Merhemi 10 gr,Abfen Farma,Sağlık Ve Medikal > Burun Açıcı Ürünler,3,1,t,nazalnem-burun-merhemi-10-gr
8680782940316,,Almediko 2-Aticyto Complex Şurup 240 ml,Almediko,Besin Takviyeleri > Bağışıklık Sistemi Güçlendirme > Yetişkinler İçin Bağışıklık Güçlendirme,3,1,t,almediko-2-aticyto-complex-surup-240-ml
8690088016394,,Avicenna Propolis 30 Kapsül,Avicenna,Besin Takviyeleri > Bitkisel Besin Destekleri,3,1,t,avicenna-propolis-30-kapsul
8681285102645,,B-Good Hazır Pansuman Örtü 9cm x 10cm 10lu,B-Good,Sağlık Ve Medikal > Yara Ve Yanık Ürünleri,3,1,t,b-good-hazir-pansuman-ortu-9cm-x-10cm-10lu
8680512632962,,Bioxcin Beauty Booster 60 Tablet,Bioxcin,Besin Takviyeleri > Kolajen,3,1,t,bioxcin-beauty-booster-60-tablet
5489754869133,,Bluewell  Neopren Ayak Bilekliği Bedensiz -BD006-,Bluewell,Sağlık Ve Medikal > Medikal > Ortopedik Ürün Ve Gereçleri > Ortopedik Korseler,3,1,t,bluewell-neopren-ayak-bilekligi-bedensiz-bd006
5489754869132,,Bluewell Aircast Ayak Bilekliği Havalı/Pedli -DG001-,Bluewell,Sağlık Ve Medikal > Medikal > Ortopedik Ürün Ve Gereçleri > Ortopedik Korseler,3,1,t,bluewell-aircast-ayak-bilekligi-havalipedli-dg001
5489754869134,,Bluewell Ayak Bilekliği Ligament Destekli -BD008-,Bluewell,Sağlık Ve Medikal > Medikal > Ortopedik Ürün Ve Gereçleri > Ortopedik Korseler,3,1,t,bluewell-ayak-bilekligi-ligament-destekli-bd008
5489754869135,,Bluewell Ayak Bilekliği Malleol Destekli -BD007-,Bluewell,Sağlık Ve Medikal > Medikal > Ortopedik Ürün Ve Gereçleri > Ortopedik Korseler,3,1,t,bluewell-ayak-bilekligi-malleol-destekli-bd007
5489754869136,,Bluewell Baldırlık Alt Bedensiz -BLU119-,Bluewell,Sağlık Ve Medikal > Medikal > Ortopedik Ürün Ve Gereçleri > Ortopedik Korseler,3,1,t,bluewell-baldirlik-alt-bedensiz-blu119
5489754869138,,Bluewell Balenli Posturex Bandajı BEDENSİZ -BD422-,Bluewell,Sağlık Ve Medikal > Medikal > Ortopedik Ürün Ve Gereçleri > Ortopedik Korseler,3,1,t,bluewell-balenli-posturex-bandaji-bedensiz-bd422
5489754869140,,Bluewell Göğüs Korsesi BEDENSİZ -BD421-,Bluewell,Sağlık Ve Medikal > Medikal > Ortopedik Ürün Ve Gereçleri > Ortopedik Korseler,3,1,t,bluewell-gogus-korsesi-bedensiz-bd421
5489754869141,,Bluewell Hamile Korsesi BEDENSİZ -BD423-,Bluewell,Sağlık Ve Medikal > Medikal > Ortopedik Ürün Ve Gereçleri > Ortopedik Korseler,3,1,t,bluewell-hamile-korsesi-bedensiz-bd423
5489754869142,,Bluewell Karın Korsesi BEDENSİZ -BD420-,Bluewell,Sağlık Ve Medikal > Medikal > Ortopedik Ürün Ve Gereçleri > Ortopedik Korseler,3,1,t,bluewell-karin-korsesi-bedensiz-bd420
5489754869147,,Bluewell Lumbo Sacral Korse Kemerli BEDENSİZ -BD320-,Bluewell,Sağlık Ve Medikal > Medikal > Ortopedik Ürün Ve Gereçleri > Ortopedik Korseler,3,1,t,bluewell-lumbo-sacral-korse-kemerli-bedensiz-bd320
5489754869146,,Bluewell Lumbostad Kemerli Korse BEDENSİZ -BD260-,Bluewell,Sağlık Ve Medikal > Medikal > Ortopedik Ürün Ve Gereçleri > Ortopedik Korseler,3,1,t,bluewell-lumbostad-kemerli-korse-bedensiz-bd260
5489754869143,,Bluewell Metatars Halkalı Ayak Altı Silikon -SLN113M-,Bluewell,Sağlık Ve Medikal > Medikal > Ortopedik Ürün Ve Gereçleri > Ortopedik Korseler,3,1,t,bluewell-metatars-halkali-ayak-alti-silikon-sln113m
5489754869144,,Bluewell Metatars Kamalı Ayak Altı Silikon -SLN112M-,Bluewell,Sağlık Ve Medikal > Medikal > Ortopedik Ürün Ve Gereçleri > Ortopedik Korseler,3,1,t,bluewell-metatars-kamali-ayak-alti-silikon-sln112m
8691889076303,,Cute Faces Dog Beef Bites 80 Gr,Cute Faces,Pet Shop > Köpek Ürünleri > Köpek Ödül Mamaları,3,1,t,cute-faces-dog-beef-bites-80-gr
8691889076327,,Cute Faces Dog Chicken Bites 80 Gr,Cute Faces,Pet Shop > Köpek Ürünleri > Köpek Ödül Mamaları,3,1,t,cute-faces-dog-chicken-bites-80-gr
8691889076334,,Cute Faces Dog Lamb Bites 80 Gr,Cute Faces,Pet Shop > Köpek Ürünleri > Köpek Ödül Mamaları,3,1,t,cute-faces-dog-lamb-bites-80-gr
8691899079090,,Cute Faces Multivitamin Premiks 30cc,Cute Faces,Pet Shop > Kuş Ürünleri > Kuş Bakım ve Sağlık Ürünleri,3,1,t,cute-faces-multivitamin-premiks-30cc
8681889071835,,Daisy Biftek Izgara Köpek Oyuncağı,Daisy,Pet Shop > Köpek Ürünleri > Köpek Oyuncakları ve Diş İpleri,3,1,t,daisy-biftek-izgara-kopek-oyuncagi
8681889071972,,Daisy Dolgulu Kemik Köpek Oyuncak,Daisy,Pet Shop > Köpek Ürünleri > Köpek Oyuncakları ve Diş İpleri,3,1,t,daisy-dolgulu-kemik-kopek-oyuncak
8691889077348,,Daisy Multivitamin Kedi Paste,Daisy,Pet Shop > Kedi Ürünleri > Kedi Mamaları,3,1,t,daisy-multivitamin-kedi-paste
8697796000790,,"Dermoskin NutraFarm MedoHbiotin 2,5 mg 120 Tablet",Dermoskin,Besin Takviyeleri > Kadın Besin Takviyeleri,3,1,t,dermoskin-nutrafarm-medohbiotin-25-mg-120-tablet
8697960000281,,Dermoskin NutraFarm Medobyocomplex-M Biotin 60 Kapsül,Dermoskin,Besin Takviyeleri > Vitaminler > Biotin,3,1,t,dermoskin-nutrafarm-medobyocomplex-m-biotin-60-kapsul
8697960000274,,Dermoskin NutraFarm Medobyocomplex-W Biotin 60 Kapsül,Dermoskin,Besin Takviyeleri > Vitaminler > Biotin,3,1,t,dermoskin-nutrafarm-medobyocomplex-w-biotin-60-kapsul
8680763483078,,Emodex 60 Kapsül,Diğer Bakım Ürünleri,Besin Takviyeleri > Kadın Besin Takviyeleri,3,1,t,emodex-60-kapsul
8682304015137,,Folbiotic 30 Kapsül,Diğer Bakım Ürünleri,Besin Takviyeleri > Sindirim Sistemi Ve Probiyotikler > Yetişkinler İçin Probiyotikler,3,1,t,folbiotic-30-kapsul
8699771000207,,Noprost 60 Tablet Takviye Edici Gıda,Diğer Bakım Ürünleri,Besin Takviyeleri > Bitkisel Besin Destekleri,3,1,t,noprost-60-tablet-takviye-edici-gida
8697412799831,,Pregnom 30 Kapsül,Diğer Bakım Ürünleri,Besin Takviyeleri > Kadın Besin Takviyeleri,3,1,t,pregnom-30-kapsul
8699324010059,,iMom Latte Omega 3 Takviye Edici Gıda 60 Kapsül,Diğer Bakım Ürünleri,Besin Takviyeleri > Kadın Besin Takviyeleri,3,1,t,imom-latte-omega-3-takviye-edici-gida-60-kapsul
6951820133048,,Şeffaf Çekvalf,Diğer Bakım Ürünleri,Pet Shop > Akvaryum Ürünleri > Akvaryum Ekipmanları,3,1,t,seffaf-cekvalf
5052197057997,,Durex Play Çilek Hazzı Jel 50 ml,Durex,Sağlık Ve Medikal > Cinsel Sağlık Ürünleri,3,1,t,durex-play-cilek-hazzi-jel-50-ml
8681889071798,,Bulmaca Köpek Oyuncağı,DİĞER,Pet Shop > Köpek Ürünleri > Köpek Oyuncakları ve Diş İpleri,3,1,t,bulmaca-kopek-oyuncagi
8682368290440,,Fizzy Kemirgen Multivitamin 100 Gr,DİĞER,Pet Shop > Kemirgen Ürünleri > Kemirgen Yemleri,3,1,t,fizzy-kemirgen-multivitamin-100-gr
8681889079039,,Papyonlu Plastik Mama Kabı,DİĞER,Pet Shop > Köpek Ürünleri > Köpek Bakımı ve Sağlığı Ürünleri,3,1,t,papyonlu-plastik-mama-kabi
8681026050167,,Exeltis Regenesis Max Omega-3 30 Kapsül,Exeltis,Besin Takviyeleri > Kadın Besin Takviyeleri,3,1,t,exeltis-regenesis-max-omega-3-30-kapsul
9901830012358,,Hardline Anahtarlık,Hardline,Besin Takviyeleri > Sporcu Ürünleri,3,1,t,hardline-anahtarlik
8697448350228,,Hardline BCAA 4:1:1 120 Tablet,Hardline,Besin Takviyeleri > Sporcu Takviyeleri > Tablet BCCA,3,1,t,hardline-bcaa-411-120-tablet
8697448350144,,Hardline Buff Kırmızı,Hardline,Besin Takviyeleri > Sporcu Takviyeleri > Shakerlar,3,1,t,hardline-buff-kirmizi
8697448350303,,Hardline Carbopure 4000gr,Hardline,Besin Takviyeleri > Sporcu Takviyeleri > Kombinasyonlar,3,1,t,hardline-carbopure-4000gr
8697448351492,,Hardline Creatine %100 Mikronize 300 Gr,Hardline,Besin Takviyeleri > Sporcu Takviyeleri > Kompleks Ürünler,3,1,t,hardline-creatine-100-mikronize-300-gr
8697448350648,,Hardline Hipro Çikolata Aromalı 908 Gr,Hardline,Besin Takviyeleri > Sporcu Takviyeleri > Proteinler,3,1,t,hardline-hipro-cikolata-aromali-908-gr
8697448350396,,"Hardline KGT - Creatine - Kreatin, Glutamin ve Taurin - - Limon 1000 gr.",Hardline,Besin Takviyeleri > Sporcu Takviyeleri > Kompleks Ürünler,3,1,t,hardline-kgt-creatine-kreatin-glutamin-ve-taurin-limon-1000-gr
8697448352024,,Hardline L-Karnitin Thermo - Yeşil Elma Aromalı - 500 ml,Hardline,Besin Takviyeleri > Sporcu Ürünleri > Form & Enerji Ürünleri,3,1,t,hardline-l-karnitin-thermo-yesil-elma-aromali-500-ml
8697448350341,,Hardline NOX2 - Karadut Aromalı - 1090 Gr,Hardline,Besin Takviyeleri > Sporcu Takviyeleri,3,1,t,hardline-nox2-karadut-aromali-1090-gr
8697448351294,,Hardline Omega 3 160 Kapsül,Hardline,Besin Takviyeleri > Sporcu Takviyeleri > Sağlıklı Yaşam,3,1,t,hardline-omega-3-160-kapsul
8697448359993,,Hardline Shaker - Kırmızı - 600 ml,Hardline,Besin Takviyeleri > Sporcu Takviyeleri > Shakerlar,3,1,t,hardline-shaker-kirmizi-600-ml
8697448359995,,Hardline Shaker - Sarı - 600 ml,Hardline,Besin Takviyeleri > Sporcu Takviyeleri > Shakerlar,3,1,t,hardline-shaker-sari-600-ml
8697448359996,,Hardline Shaker - Yeşil - 600 ml,Hardline,Besin Takviyeleri > Sporcu Takviyeleri > Shakerlar,3,1,t,hardline-shaker-yesil-600-ml
8697448353021,,Hardline Tribulus Terrestris 100 Kapsül,Hardline,Besin Takviyeleri > Sporcu Takviyeleri > Kombinasyonlar,3,1,t,hardline-tribulus-terrestris-100-kapsul
8697448351607,,Hardline Whey 3Matrix - Çikolata Aromalı - 30gr x 15Adet - 450 Gr,Hardline,Besin Takviyeleri > Sporcu Takviyeleri > Proteinler,3,1,t,hardline-whey-3matrix-cikolata-aromali-30gr-x-15adet-450-gr
8697448351638,,Hardline Whey 3Matrix - Çikolata Aromalı - 454 Gr,Hardline,Besin Takviyeleri > Sporcu Takviyeleri > Proteinler,3,1,t,hardline-whey-3matrix-cikolata-aromali-454-gr
8697448351645,,Hardline Whey 3Matrix - Çilek Aromalı - 454 Gr,Hardline,Besin Takviyeleri > Sporcu Takviyeleri > Proteinler,3,1,t,hardline-whey-3matrix-cilek-aromali-454-gr
8697448351768,,Hardline Whey 3Matrix Çilek Aromalı 3600 gr,Hardline,Besin Takviyeleri > Sporcu Ürünleri > Protein Tozu,3,1,t,hardline-whey-3matrix-cilek-aromali-3600-gr
8697448350808,,Hardline Whey Zone - Sarı Meyve Aromalı - 2300 gr,Hardline,Besin Takviyeleri > Sporcu Ürünleri,3,1,t,hardline-whey-zone-sari-meyve-aromali-2300-gr
8682511022454,,Kuteks Yün Korse NO:5 XL,Kuteks,Sağlık Ve Medikal > Medikal > Ortopedik Ürün Ve Gereçleri > Ortopedik Korseler,3,2,t,kuteks-yun-korse-no5-xl
8683675618170,,LeeRoy Ginkgo Bilabo 150 Tablet,LeeRoy,Besin Takviyeleri > Hafıza Sağlığı,3,1,t,leeroy-ginkgo-bilabo-150-tablet
8681807005034,,Sinus Box Kids Burun ve Sinüs Temizleme Kiti 25 Saşe,MCG PHARMA,Sağlık Ve Medikal > Burun Açıcı Ürünler,3,2,t,sinus-box-kids-burun-ve-sinus-temizleme-kiti-25-sase
8606014102901,,N&D Prıme Chicken & Pomegranate Kitten Kedi Konserve 70 Gr,N&D,Pet Shop > Kedi Ürünleri > Kedi Mamaları,3,1,t,nd-prime-chicken-pomegranate-kitten-tavuk-nar-kedi-konserve-80-gr
7640128141211,,New Life Bergacol 60 Tablet,New Life,Besin Takviyeleri > Bitkisel Besin Destekleri,3,1,t,new-life-bergacol-60-tablet
8698973761015,,Nimo Med Dijital İç Nem ve Sıcaklık / Dış Sıcaklık Ölçer - SH - 109 -,Nimo,Sağlık Ve Medikal > Medikal > Termometreler,3,2,t,nimo-med-dijital-ic-nem-ve-sicaklik-dis-sicaklik-olcer-sh-109
8680512630340,,Nutraxin Coq-10  Koenzim Q-10 30 Softgel Kapsül,Nutraxin,Besin Takviyeleri > Antioksidanlar > Koenzim Q10 Takviyeleri,3,1,t,nutraxin-coq-10-koenzim-q-10-30-softgel-kapsul
8692860200007,,Nutrigen Üzüm Çekirdeği Ekstresi 200 ml - Aquas Kids Şampuan Hediye -,Nutrigen,Besin Takviyeleri > Kadın Besin Takviyeleri,3,1,t,nutrigen-uzum-cekirdegi-ekstresi-200-ml-aquas-kids-sampuan-hediye
8697595872420,,Ocean Daily One Energy 30 + 30 Tablet,Ocean,Besin Takviyeleri > MultiVitaminler,3,1,t,ocean-daily-one-energy-30-30-tablet
8697595876145,,Ocean Day2Day The Collagen Beauty Plus Mango Takviye Edici Gıda 40 ml x 30 Tüp,Ocean,Besin Takviyeleri > Kadın Besin Takviyeleri,3,1,t,ocean-day2day-the-collagen-beauty-plus-mango-takviye-edici-gida-40-ml-x-30-tup
3337872413026,,Outlet - La Roche Posay Effaclar Matt Creme 40 ml,Outlet,Outlet Ürünler > OUTLET - Cilt Bakımı,3,1,t,outlet-la-roche-posay-effaclar-matt-creme-40-ml
8683642006306,,Paw Star 22551 Sarı Pluvia Yağmurluk,Paw Star,Pet Shop > Köpek Ürünleri > Köpek Giysi ve Aksesuarları,3,1,t,paw-star-22551-sari-pluvia-yagmurluk
8683642006337,,Paw Star 22552 Turuncu Pluvia Yağmurluk,Paw Star,Pet Shop > Köpek Ürünleri > Köpek Giysi ve Aksesuarları,3,1,t,paw-star-22552-turuncu-pluvia-yagmurluk
8683642006429,,Paw Star 22553 Yeşil Pluvia Yağmurluk,Paw Star,Pet Shop > Köpek Ürünleri > Köpek Giysi ve Aksesuarları,3,1,t,paw-star-22553-yesil-pluvia-yagmurluk
8683642015063,,Paw Star 23103 Kırmızı Railway Yelek,Paw Star,Pet Shop > Köpek Ürünleri > Köpek Giysi ve Aksesuarları,3,1,t,paw-star-23103-kirmizi-railway-yelek
8683642016114,,Paw Star 23107 Neon Turuncu Railway Yelek,Paw Star,Pet Shop > Köpek Ürünleri > Köpek Giysi ve Aksesuarları,3,1,t,paw-star-23107-neon-turuncu-railway-yelek
8683642015261,,Paw Star 23153 Kırmızı Railway Büyük Irk Yelek,Paw Star,Pet Shop > Köpek Ürünleri > Köpek Giysi ve Aksesuarları,3,1,t,paw-star-23153-kirmizi-railway-buyuk-irk-yelek
8683642016374,,Paw Star 23157 Neon Turuncu Railway Büyük Irk Yelek,Paw Star,Pet Shop > Köpek Ürünleri > Köpek Giysi ve Aksesuarları,3,1,t,paw-star-23157-neon-turuncu-railway-buyuk-irk-yelek
8683642023365,,Paw Star 23509 Dinosaurum Yağmurluk,Paw Star,Pet Shop > Köpek Ürünleri > Köpek Giysi ve Aksesuarları,3,1,t,paw-star-23509-dinosaurum-yagmurluk
8683642023532,,Paw Star 23512 Tonitruum Yağmurluk,Paw Star,Pet Shop > Köpek Ürünleri > Köpek Giysi ve Aksesuarları,3,1,t,paw-star-23512-tonitruum-yagmurluk
8683642023860,,Paw Star 23514 Flores Tulum Yağmurluk,Paw Star,Pet Shop > Köpek Ürünleri > Köpek Giysi ve Aksesuarları,3,1,t,paw-star-23514-flores-tulum-yagmurluk
8683642029329,,Paw Star 23535 Lacivert Brillante Yağmurluk,Paw Star,Pet Shop > Köpek Ürünleri > Köpek Giysi ve Aksesuarları,3,1,t,paw-star-23535-lacivert-brillante-yagmurluk
8683642029374,,Paw Star 23536 Pembe Brillante Yağmurluk,Paw Star,Pet Shop > Köpek Ürünleri > Köpek Giysi ve Aksesuarları,3,1,t,paw-star-23536-pembe-brillante-yagmurluk
8683642023778,,Paw Star 23561 Tonitruum Büyük Irk Yağmurluk,Paw Star,Pet Shop > Köpek Ürünleri > Köpek Giysi ve Aksesuarları,3,1,t,paw-star-23561-tonitruum-buyuk-irk-yagmurluk
8058090003434,,Pic Aquabloc Su Geçirmez Pedli Antibakteriyel Film Yara Örtüsü 5 cm x 7 cm 5li,Pic Solution,Sağlık Ve Medikal > Yara Ve Yanık Ürünleri,3,2,t,pic-aquabloc-su-gecirmez-pedli-antibakteriyel-film-yara-ortusu-5-cm-x-7-cm-5li
7613038511276,,Pro Plan FelineHydraCareHydrat 85g,Pro Plan,Pet Shop > Kedi Ürünleri > Kedi Mamaları,3,1,t,pro-plan-felinehydracarehydrat-85g
8699856710076,,Ocuvite Complete 60 Kapsül,RENU,Sağlık Ve Medikal > Göz Sağlığı Ürünleri,3,1,t,ocuvite-complete-60-kapsul
8682780652024,,Mhauw MultiVitamin Cream 15g x 4,Ree Flowers,Pet Shop > Kedi Ürünleri > Kedi Mamaları,3,1,t,mhauw-multivitamin-cream-15g-x-4
8682780651935,,Mhauw Salmon Cream 15g x 4,Ree Flowers,Pet Shop > Kedi Ürünleri > Kedi Mamaları,3,1,t,mhauw-salmon-cream-15g-x-4
8698995032650,,Reflex Plus Parça Dana Etli Köpek Konservesi 400 Gr,Reflex,Pet Shop > Köpek Ürünleri > Köpek Mamaları,3,1,t,reflex-plus-parca-dana-etli-kopek-konservesi-400-gr
8680287030123,,Sambucol Plus Likit Şurup 120ml,Sambucol,Besin Takviyeleri > Bağışıklık Sistemi Güçlendirme > Karamürver,3,1,t,sambucol-plus-likit-surup-120ml
33984010420,,Solgar Evening Primrose Oil 500 mg 90 Yumuşak Jelatin Kapsül,Solgar,Besin Takviyeleri > Bitkisel Besin Destekleri,3,1,t,solgar-evening-primrose-oil-500-mg-90-yumusak-jelatin-kapsul
3331300097382,,Sterimar Blocked Nose Burun Spreyi 50 ml,Sterimar,Sağlık Ve Medikal > Burun Açıcı Ürünler,3,1,t,sterimar-blocked-nose-burun-spreyi-50-ml
3331300097214,,Sterimar Deniz Suyu Burun Spreyi 100 ml,Sterimar,Sağlık Ve Medikal > Burun Açıcı Ürünler,3,1,t,sterimar-deniz-suyu-burun-spreyi-100-ml
3331300097771,,Sterimar Stop Protect Alerji 20 ml,Sterimar,Sağlık Ve Medikal > Burun Açıcı Ürünler,3,1,t,sterimar-stop-protect-alerji-20-ml
8681571354178,,Suda Probiotic Digestobiotic 60 Vegan Kapsül,Suda Vitamin,Besin Takviyeleri > Sindirim Sistemi Ve Probiyotikler,3,1,t,suda-probiotic-digestobiotic-60-vegan-kapsul
8681571357896,,Suda Vitamin Berberine Plus 30 Kapsül,Suda Vitamin,Besin Takviyeleri > Form Destek Ürünleri,3,1,t,suda-vitamin-berberine-plus-30-kapsul
8681571352020,,Suda Vitamin Co-Omega Coenzyme Q10 100 mg-30 Yumuşak Kapsül,Suda Vitamin,Besin Takviyeleri > Vitaminler > D3 K2 Vitamini,3,1,t,suda-vitamin-co-omega-coenzyme-q10-100-mg-30-yumusak-kapsul
8699832010152,,Sustenium Triple Action CoQ-10 30 Tablet,Sustenium,Besin Takviyeleri > Kadın Besin Takviyeleri,3,1,t,sustenium-triple-action-coq-10-30-tablet
8697903235251,,Talya Sarı Kantaron Yağı 50ml,Talya,Besin Takviyeleri > Bitkisel Yağlar,3,1,t,talya-sari-kantaron-yagi-50ml
8692195724032,,Variteks Ayak Bilekliği - Large - 724 -,Variteks,Sağlık Ve Medikal > Medikal > Ortopedik Ürün Ve Gereçleri > Ortopedik Korseler,3,1,t,variteks-ayak-bilekligi-large-724
8692195722038,,Variteks Baş Parmaklı Bileklik - Large - 722 -,Variteks,Sağlık Ve Medikal > Medikal > Ortopedik Ürün Ve Gereçleri > Ortopedik Korseler,3,1,t,variteks-bas-parmakli-bileklik-large-722
8692195725022,,Variteks Dizlik - Medium - 725 -,Variteks,Sağlık Ve Medikal > Medikal > Ortopedik Ürün Ve Gereçleri > Ortopedik Korseler,3,1,t,variteks-dizlik-medium-725
8692195881001,,Variteks Nexus El Bilek Bandajı - 881 -,Variteks,Sağlık Ve Medikal > Medikal > Ortopedik Ürün Ve Gereçleri > Ortopedik Korseler,3,1,t,variteks-nexus-el-bilek-bandaji-881
8692195883005,,Variteks Nexus Epikondilit Bandajı - 883 -,Variteks,Sağlık Ve Medikal > Medikal > Ortopedik Ürün Ve Gereçleri > Ortopedik Korseler,3,1,t,variteks-nexus-epikondilit-bandaji-883
8683229900775,,VeNatura Tip 1 Hidrolize Balık Kollajeni Takviye Edici Gıda 30 Saşe,VeNatura,Besin Takviyeleri > Kolajen,3,2,t,venatura-tip-1-hidrolize-balik-kollajeni-takviye-edici-gida-30-sase
8683229901079,,VeNatura Zeaksantin Lutein Resveratrol ve Vitamin C Takviye Edici Gıda 30 Yumuşak Kapsül,VeNatura,Besin Takviyeleri > Antioksidanlar > Antioksidan İçeren E Vitaminleri,3,1,t,venatura-zeaksantin-lutein-resveratrol-ve-vitamin-c-takviye-edici-gida-30-yumusak-kapsul
8690712027109,,Zade Vital Concept Support 60 Kapsül,Zade Vital,Besin Takviyeleri > Vitaminler > C Vitaminleri,3,1,t,zade-vital-concept-support-60-kapsul
8690820720176,,Zerobite Elektrolikit Yedek - 45 Gece 30gr,Zero Bite,Sağlık Ve Medikal > Haşere Kovucular İnteksitit Ürünler,3,1,t,zerobite-elektrolikit-yedek-45-gece-30gr
8699550820020,,Şanlı Kapsikumlu Delikli Yakı  5'li,Şanlı,Sağlık Ve Medikal > Eklem Sağlığı,3,1,t,sanli-kapsikumlu-delikli-yaki-5li
8699555001234,,Şanlı Kapsikumlu Delikli Yakı 50 Adet,Şanlı,Sağlık Ve Medikal > Eklem Sağlığı,3,1,t,sanli-kapsikumlu-delikli-yaki-50-adet
8691889077553,,Ameliyat Boğazlığı -Elizabeth Yakalık-,,Pet Shop > Köpek Ürünleri > Köpek Bakımı ve Sağlığı Ürünleri,3,1,t,ameliyat-bogazligi-elizabeth-yakalik
8691889077379,,Ameliyat Boğazlığı -Yakalık- No:1,,Pet Shop > Köpek Ürünleri > Köpek Bakımı ve Sağlığı Ürünleri,3,1,t,ameliyat-bogazligi-yakalik-no1
8691889077386,,Ameliyat Boğazlığı -Yakalık- No:2,,Pet Shop > Köpek Ürünleri > Köpek Bakımı ve Sağlığı Ürünleri,3,1,t,ameliyat-bogazligi-yakalik-no2
8691889077393,,Ameliyat Boğazlığı -Yakalık- No:3,,Pet Shop > Köpek Ürünleri > Köpek Bakımı ve Sağlığı Ürünleri,3,1,t,ameliyat-bogazligi-yakalik-no3
8691889077409,,Ameliyat Boğazlığı -Yakalık- No:4,,Pet Shop > Köpek Ürünleri > Köpek Bakımı ve Sağlığı Ürünleri,3,1,t,ameliyat-bogazligi-yakalik-no4
8691889077416,,Ameliyat Boğazlığı -Yakalık- No:5,,Pet Shop > Köpek Ürünleri > Köpek Bakımı ve Sağlığı Ürünleri,3,1,t,ameliyat-bogazligi-yakalik-no5
8691889077423,,Ameliyat Boğazlığı -Yakalık- No:6,,Pet Shop > Köpek Ürünleri > Köpek Bakımı ve Sağlığı Ürünleri,3,1,t,ameliyat-bogazligi-yakalik-no6
8691889077430,,Ameliyat Boğazlığı -Yakalık- No:7,,Pet Shop > Köpek Ürünleri > Köpek Bakımı ve Sağlığı Ürünleri,3,1,t,ameliyat-bogazligi-yakalik-no7
8684225241268,,Asia's Dreams At Kestanesi Yağı 50ml,,Sağlık Ve Medikal > Aromatik ve Bitkisel Yağlar,3,1,t,asias-dreams-at-kestanesi-yagi-50ml
8684225240049,,Asia's Dreams Hint Yağı Soğuk Sıkım 20ml,,Sağlık Ve Medikal > Aromatik ve Bitkisel Yağlar,3,1,t,asias-dreams-hint-yagi-soguk-sikim-20ml
8684225240360,,Asia's Dreams Nane Yağı 10ml,,Sağlık Ve Medikal > Aromatik ve Bitkisel Yağlar,3,1,t,asias-dreams-nane-yagi-10ml
8684225241725,,Asia’s Dreams Nirvana Aromaterapi Yağ 10 ml,,Sağlık Ve Medikal > Aromatik ve Bitkisel Yağlar,3,1,t,asias-dreams-nirvana-aromaterapi-yag-10-ml
8699009467796,,Barbaris Pure Saffron Takviye Edici Gıda 60 Bitkisel Kapsül,,Besin Takviyeleri > Sindirim Sistemi Ve Probiyotikler > Yetişkinler İçin Probiyotikler,3,1,t,barbaris-pure-saffron-takviye-edici-gida-60-bitkisel-kapsul
8680067142022,,Beaks Papağan Krakeri - 2 ad,,Pet Shop > Kuş Ürünleri > Kuş Yemleri,3,1,t,beaks-papagan-krakeri-2-ad
8699956513812,,Bioderma Cicabio Creme+ 40 ml,,Sağlık Ve Medikal > Yara Ve Yanık Ürünleri,3,1,t,bioderma-cicabio-creme-40-ml
8699153016888,,Borifem Vajinal Duş 200 ml,,Sağlık Ve Medikal > Cinsel Sağlık Ürünleri > Kadın Cinsel Ürünleri,3,1,t,borifem-vajinal-dus-200-ml
8684531267235,,Bye Bye Bit Doğal Kokulu Lastikli Bit Tokası 2'li,,Sağlık Ve Medikal > Bit Ve Sirke Ürünleri,3,1,t,bye-bye-bit-dogal-kokulu-lastikli-bit-tokasi-2li
8691889073609,,Cute Faces Cat Beef Bites 60 Gr,,Pet Shop > Kedi Ürünleri > Kedi Mamaları,3,1,t,cute-faces-cat-beef-bites-60-gr
8691889073616,,Cute Faces Cat Chicken Bites 60 Gr,,Pet Shop > Kedi Ürünleri > Kedi Mamaları,3,1,t,cute-faces-cat-chicken-bites-60-gr
8691889073548,,Cute Faces Cat Lamb Stick 3*5 gr,,Pet Shop > Kedi Ürünleri > Kedi Mamaları,3,1,t,cute-faces-cat-lamb-stick-35-gr
8691889073593,,Cute Faces Cat Salmon Bites 60 Gr,,Pet Shop > Kedi Ürünleri > Kedi Mamaları,3,1,t,cute-faces-cat-salmon-bites-60-gr
8691889075986,,Cute Faces Cat Somon Stick 3*5 gr,,Pet Shop > Kedi Ürünleri > Kedi Mamaları,3,1,t,cute-faces-cat-somon-stick-35-gr
8691889070486,,Daisy Basic Kuzulu Yetişkin Köpek  Açık Mama 1Kg,,Pet Shop > Köpek Ürünleri > Köpek Mamaları,3,1,t,daisy-basic-kuzu-etli-yetiskin-kopek-mamasi-15-kg
8681889071965,,Daisy Kedi Yaylı Dumbell 16 cm,,Pet Shop > Kedi Ürünleri > Kedi Oyuncakları,3,1,t,daisy-kedi-yayli-dumbell-16-cm
8691889075733,,Daisy Panda Başlıklı Minderli Yatak,,Pet Shop > Köpek Ürünleri > Köpek Yatakları,3,1,t,daisy-panda-baslikli-minderli-yatak
8691889070370,,Daisy Premium Kuzulu Puppy 1 Kg,,Pet Shop > Köpek Ürünleri > Köpek Mamaları,3,1,t,daisy-premium-kuzu-etli-yavru-kopek-mamasi-15-kg
8683175762526,,Daisy Veteriner Plus For Paws,,Pet Shop > Köpek Ürünleri > Köpek Bakımı ve Sağlığı Ürünleri,3,1,t,daisy-veteriner-plus-for-paws
8683561175060,,Delta MagnePure Kids 150 ml,,Besin Takviyeleri > Minareller > Magnezyum Mineralleri > Magnezyum Bisglisinat,3,1,t,delta-magnepure-kids-150-ml
6938799205426,,Duratape Kinesiyoloji Bandı Kırmızı 5 cm x 5 m,,Sağlık Ve Medikal > Yara Ve Yanık Ürünleri,3,2,t,duratape-kinesiyoloji-bandi-kirmizi-5-cm-x-5-m
5052197053074,,Durex Chill Karma Paket 20’li Prezervatif,,Sağlık Ve Medikal > Cinsel Sağlık Ürünleri > Prezervatifler,3,1,t,durex-chill-karma-paket-20li-prezervatif
8587240010300,,GlacoVis 30 Kapsül,,Besin Takviyeleri > MultiVitaminler,3,1,t,glacovis-30-kapsul
8681221003357,,GÖZLÜ TÜYLÜ MISIR KOÇANI KEDİ OYUNCAĞI 14 X 3.5 CM,,Pet Shop > Kedi Ürünleri > Kedi Oyuncakları,3,1,t,fizzy-misir-granulu-taban-malzemesi
8697448350075,,Hardline AOL 120 Kapsül,,Besin Takviyeleri > Sporcu Ürünleri > Amino Asitler,3,1,t,hardline-aol-120-kapsul
8697448350112,,Hardline Arginine Fusıon - Portakal Aromalı - 650 Gr,,Besin Takviyeleri > Sporcu Ürünleri > Amino Asitler,3,1,t,hardline-arginine-fusion-portakal-aromali-650-gr
8697448350310,,Hardline Arginine Liquid - Yeşil Elma Aromalı - 1000 ml,,Besin Takviyeleri > Sporcu Ürünleri > Amino Asitler,3,1,t,hardline-arginine-liquid-yesil-elma-aromali-1000-ml
8697448350211,,Hardline Bcaa 4:1:1 300gr,,Besin Takviyeleri > Sporcu Ürünleri > Amino Asitler,3,1,t,hardline-bcaa-411-300gr
8697448350259,,Hardline Bcaa Fusion - Nar Aromalı - 500 Gr,,Besin Takviyeleri > Sporcu Ürünleri > Amino Asitler,3,1,t,hardline-bcaa-fusion-nar-aromali-500-gr
8697448350068,,Hardline Bcaa Matrix - Tropikal Meyve Aromalı - 630gr,,Besin Takviyeleri > Sporcu Ürünleri > Amino Asitler,3,1,t,hardline-bcaa-matrix-tropikal-meyve-aromali-630gr
8697448350051,,Hardline Citrulline 300 Gr,,Besin Takviyeleri > Sporcu Ürünleri > Amino Asitler,3,1,t,hardline-citrulline-300-gr
8697448350266,,Hardline Cla One 100 Jel Kapsül,,Besin Takviyeleri > Sporcu Ürünleri > Form & Enerji Ürünleri,3,1,t,hardline-cla-one-100-jel-kapsul
8697448358903,,Hardline Glucosamine  Msm 120 Tablet,,Besin Takviyeleri > Sporcu Ürünleri > Glukozamin,3,1,t,hardline-glucosamine-msm-120-tablet
8697448351928,,Hardline L-Karnitin Sıvı - Limon Aromalı - 1000ml,,Besin Takviyeleri > Sporcu Ürünleri > Form & Enerji Ürünleri,3,1,t,hardline-l-karnitin-sivi-limon-aromali-1000ml
8697448352017,,Hardline L-Karnitin Thermo - Karpuz Aromalı - 500 ml,,Besin Takviyeleri > Sporcu Ürünleri > Form & Enerji Ürünleri,3,1,t,hardline-l-karnitin-thermo-karpuz-aromali-500-ml
8697448351973,,Hardline L-Karnitin Thermo Şeftali 1000 ml,,Besin Takviyeleri > Sporcu Ürünleri > Form & Enerji Ürünleri,3,1,t,hardline-l-karnitin-thermo-seftali-1000-ml
8697448359900,,Hardline Nutrition Carnifit Ananas Aromalı 500 ml,,Besin Takviyeleri > Sporcu Ürünleri > Form & Enerji Ürünleri,3,1,t,hardline-nutrition-carnifit-ananas-aromali-500-ml
8697448359902,,Hardline Nutrition Carnifit Ananas Aromalı 500 ml - 24 Adet,,Besin Takviyeleri > Sporcu Ürünleri > Form & Enerji Ürünleri,3,1,t,hardline-nutrition-carnifit-ananas-aromali-500-ml-24-adet
8697448350150,,Hardline Nutrition Glutapure 120 Kapsül,,Besin Takviyeleri > Sporcu Ürünleri > Amino Asitler,3,1,t,hardline-nutrition-glutapure-120-kapsul
8697448351935,,Hardline Thermo L-Karnitin Sıvı 1000ml,,Besin Takviyeleri > Sporcu Ürünleri > Form & Enerji Ürünleri,3,1,t,hardline-thermo-l-karnitin-sivi-1000ml
8684898446694,,Kiperin Flexura 60 Kapsül,,Besin Takviyeleri > Eklem Sağlığı Ürünleri > Glukozamine Ürünleri,3,1,t,kiperin-flexura-60-kapsul
8683675618309,,LeeRoy 50+ ProFem 90 Tablet,,Besin Takviyeleri > Kadın Besin Takviyeleri,3,2,t,leeroy-50-profem-90-tablet
8683675618156,,LeeRoy Biotin 5000mg 120 Tablet,,Saç Bakımı > Saç Bakım Vitamin Takviyeleri,3,1,t,leeroy-biotin-5000mg-120-tablet
8683675618194,,LeeRoy Folic Acid 90 Tablet,,Besin Takviyeleri > Vitaminler > Folic Acid,3,1,t,leeroy-folic-acid-90-tablet
8683675618132,,LeeRoy Vitamin B12 120 Tablet,,Besin Takviyeleri > Vitaminler > B Vitamin Complex % B12,3,1,t,leeroy-vitamin-b12-120-tablet
8683675618552,,Leeroy D3 ve K2 Vitamini 120 Tablet,,Besin Takviyeleri > Vitaminler > D3 K2 Vitamini,3,1,t,leeroy-d3-ve-k2-vitamini-120-tablet
8683675618651,,Leeroy Kalsium kids 60 Tablet,,Besin Takviyeleri > Minareller > Kalsiyum Mineralleri,3,1,t,leeroy-kalsium-kids-60-tablet
8684674190780,,Metal Kum Eleme Küreği,,Pet Shop > Kedi Ürünleri > Kedi Bakımı ve Sağlığı Ürünleri,3,1,t,metal-kum-eleme-kuregi
3504105041595,,Mustela Kompostlanabilir Parfümsüz Temizleme Mendili 60 Adet,,Anne ve Bebek > Bebek Ürünleri > Islak Mendiller,3,1,t,mustela-kompostlanabilir-parfumsuz-temizleme-mendili-60-adet
8680645531040,,Nbt Life Magneffer P5P 60 Kapsül,,Besin Takviyeleri > Minareller > Magnezyum Mineralleri > Magnezyum Bisglisinat,3,2,t,nbt-life-magneffer-p5p-60-kapsul
7640128141167,,New Life Folifor Duo 30 Tablet,,Besin Takviyeleri > Vitaminler > Folic Acid,3,1,t,new-life-folifor-duo-30-tablet
8682911314005,,Nondo ATP 90 30 Tablet,,Besin Takviyeleri > MultiVitaminler,3,1,t,nondo-atp-90-30-tablet
8682911314050,,Nondo Biotin 5000mcg 30 Kapsül,,Besin Takviyeleri > Vitaminler > Biotin,3,1,t,nondo-biotin-5000mcg-30-kapsul
8682911314241,,Nondo Nondoflex 90 Tablet,,Besin Takviyeleri > Eklem Sağlığı Ürünleri > Glukozamine Ürünleri,3,1,t,nondo-nondoflex-90-tablet
768990891038,,Nordic Naturals Daily DHA Fish Oil 60 Kapsül,,Besin Takviyeleri > Omega Yağ Asitleri > Omega 3,3,1,t,nordic-naturals-daily-dha-fish-oil-60-kapsul
8697595872391,,OUTLET - Ocean Capillus Women 60 Tablet,,Besin Takviyeleri > Kadın Besin Takviyeleri,3,1,t,outlet-ocean-capillus-women-60-tablet
8683148630074,,OnVita Selenyum 200mcg 60 Tablet,,Besin Takviyeleri > Minareller > Selenyum Mineralleri,3,1,t,onvita-selenyum-200mcg-60-tablet
8680287030124,,Outlet - Sambucol Plus Likit Şurup 120ml,,Outlet Ürünler > OUTLET - Besin Takviyeleri,3,1,t,outlet-sambucol-plus-likit-surup-120ml
8683642044711,,Paw Star 24562 Pekin Büyük Irk Yağmurluk,,Pet Shop > Köpek Ürünleri > Köpek Giysi ve Aksesuarları,3,1,t,paw-star-24562-pekin-buyuk-irk-yagmurluk
8683642044797,,Paw Star 24564 Ottawa Büyük Irk Yağmurluk,,Pet Shop > Köpek Ürünleri > Köpek Giysi ve Aksesuarları,3,1,t,paw-star-24564-ottawa-buyuk-irk-yagmurluk
8683642045824,,Paw Star 24954 Rose Angers Büyük Irk Tulum,,Pet Shop > Köpek Ürünleri > Köpek Giysi ve Aksesuarları,3,1,t,paw-star-24954-rose-angers-buyuk-irk-tulum
8690632707297,,Pro Plan Junior Tavuklu Yavru Kedi Konserve 4 Al 3 Öde,,Pet Shop > Kedi Ürünleri > Kedi Mamaları,3,1,t,pro-plan-junior-tavuklu-yavru-kedi-konserve-4-al-3-ode
8698995032803,,Reflex Plus Jöle İçinde Et Parçacıklı Msc Morinabalıklı Ve Alabalıklı Yetişkin Kedi Maması 85 G,,Pet Shop > Kedi Ürünleri > Kedi Mamaları,3,1,t,reflex-plus-jole-icinde-et-parcacikli-msc-morinabalikli-ve-alabalikli-yetiskin-kedi-mamasi-85-g
8698995032759,,Reflex Plus Jöle İçinde Et Parçacıklı Msc Ringabalıklı Ve Msc Karidesli Mini Ve Küçük Irklar İçin Yetişkin Köpek Maması,,Pet Shop > Köpek Ürünleri > Köpek Mamaları,3,1,t,reflex-plus-jole-icinde-et-parcacikli-msc-ringabalikli-ve-msc-karidesli-mini-ve-kucuk-irklar-icin-yetiskin-kopek-mamasi
3662042005282,,Resvega 60 Kapsül,,Besin Takviyeleri > Antioksidanlar > Koenzim Q10 Takviyeleri,3,1,t,resvega-60-kapsul
33984001008,,Solgar Amino 75 Amino Asit 30 Kapsül,,Besin Takviyeleri > Sporcu Ürünleri > Amino Asitler,3,2,t,solgar-amino-75-amino-asit-30-kapsul
33984013193,,Solgar Glucosamine Chondroitin MSM 120 Tablet,,Besin Takviyeleri > Eklem Sağlığı Ürünleri > Glukozamine Ürünleri,3,1,t,solgar-glucosamine-chondroitin-msm-120-tablet
33984009820,,Solgar Passiflora Complex Takviye Edici Gıda 30 Kapsül,,Besin Takviyeleri > Kadın Besin Takviyeleri,3,1,t,solgar-passiflora-complex-takviye-edici-gida-30-kapsul
8682851193715,,Sovital Libox Horny 60 Kapsül,,Sağlık Ve Medikal > Cinsel Sağlık Ürünleri > Performans Arttırıcılar,3,1,t,sovital-libox-horny-60-kapsul
8698995032315,,Spectrum Care Anne ve Yavru İçin Multivitamin Paste 30g,,Pet Shop > Kedi Ürünleri > Kedi Mamaları,3,1,t,spectrum-care-anne-ve-yavru-icin-multivitamin-paste-30g
8684939710067,,Suda Collagen Super Glaze 60 Çiğnenebilir Form,,Besin Takviyeleri > Kolajen,3,1,t,suda-collagen-super-glaze-60-cignenebilir-form
8699832250084,,Sustenium Plus 14 Saşe,,Besin Takviyeleri > Minareller > İyot,3,1,t,sustenium-plus-14-sase
8683229901321,,VeNatura Fosfotidilserin ve DHA Sıvı Takviye Edici Gıda 150 ml,,Besin Takviyeleri > Omega Yağ Asitleri,3,2,t,venatura-fosfotidilserin-ve-dha-sivi-takviye-edici-gida-150-ml
3548960030110,,Viaxi P Development Cream 75 ml,,Sağlık Ve Medikal > Cinsel Sağlık Ürünleri > Performans Arttırıcılar,3,1,t,viaxi-p-development-cream-75-ml
8681889079022,,Yapışkanlı Kedi Oyuncağı Olta Kelebek,,Pet Shop > Kedi Ürünleri > Kedi Oyuncakları,3,1,t,yapiskanli-kedi-oyuncagi-olta-kelebek
8682689228412,,Zampa Frost Hamster Kafesi 23x17x25,,Pet Shop > Kemirgen Ürünleri > Kemirgen Kafesleri,3,1,t,zampa-frost-hamster-kafesi-23x17x25
8680176001142,,İmuneks Bromelain 220mg 60 Tablet,,Besin Takviyeleri > Bitkisel Besin Destekleri,3,1,t,imuneks-bromelain-220mg-60-tablet
8680176001067,,İmuneks OsteoNext Plus 30 Tablet,,Besin Takviyeleri > Eklem Sağlığı Ürünleri > Glukozamine Ürünleri,3,1,t,imuneks-osteonext-plus-30-tablet
8699220000154,,Abfen Sinüs Rinse Kit Pediatric 50 Yedek Poşet,Abfen,Sağlık Ve Medikal > Burun Açıcı Ürünler,2,1,t,abfen-sinus-rinse-kit-pediatric-50-yedek-poset
8680782941221,,Almediko KidsThol 2-Aticyto Complex Şurup 240 ml,Almediko,Besin Takviyeleri > Sindirim Sistemi Ve Probiyotikler,2,1,t,almediko-kidsthol-2-aticyto-complex-surup-240-ml
8690088022296,,Avicenna Ferula Plus Men 30 Saşe,Avicenna,Besin Takviyeleri > Erkek Besin Takviyeleri,2,1,t,avicenna-ferula-plus-men-30-sase
8690088010224,,Avicenna Remifrau 30 Kapsül,Avicenna,Besin Takviyeleri > Kadın Besin Takviyeleri,2,1,t,avicenna-remifrau-30-kapsul
3701129807386,,OUTLET - Bioderma Photoderm Aquafluid SPF50+ Tüm Ciltler Renksiz Güneş Kremi 40 ml,Bioderma,Güneş Kremleri > Yetişkinler İçin Güneş Kremleri > Spf 50+ & spf 50,2,1,t,outlet-bioderma-photoderm-aquafluid-spf50-tum-ciltler-renksiz-gunes-kremi-40-ml
5489754869139,,Bluewell Dizlik Patella Destekli -Açık- -BD001-,Bluewell,Sağlık Ve Medikal > Medikal > Ortopedik Ürün Ve Gereçleri > Ortopedik Korseler,2,1,t,bluewell-dizlik-patella-destekli-acik-bd001
810071800405,,Breathe Right Şeffaf Küçük/Orta Burun Bandı 10 Adet,Breath Right,Sağlık Ve Medikal > Horlama Önleyiciler,2,1,t,breathe-right-seffaf-kucukorta-burun-bandi-10-adet
8690605084004,,Dalin Islak Havlu 3lü Paket - 56 Adet x 3,Dalin,Anne ve Bebek > Bebek Ürünleri > Islak Mendiller,2,1,t,dalin-islak-havlu-3lu-paket-56-adet-x-3
8682974981009,,DBAND Bileklik Dezenfektan Spreyi Beyaz - Kutusuz,Dband,Sağlık Ve Medikal > Covid 19 Ürünleri,2,1,t,dband-bileklik-dezenfektan-spreyi-beyaz-kutusuz
8682974981060,,DBAND Bileklik Dezenfektan Spreyi Kayışı Turuncu,Dband,Sağlık Ve Medikal > Covid 19 Ürünleri,2,1,t,dband-bileklik-dezenfektan-spreyi-kayisi-turuncu
8967796003061,,Dermoskin NutraFarm Collagen Peptides 360 Tip 1-2-3 Çilek Aromalı 30 Saşe,Dermoskin,Besin Takviyeleri > Kolajen,2,1,t,dermoskin-nutrafarm-collagen-peptides-360-tip-1-2-3-cilek-aromali-30-sase
8697796000219,,Dermoskin Nutrafarm MedobioHtin 5 Mg 60 Tablet,Dermoskin,Besin Takviyeleri > Vitaminler > Biotin,2,1,t,dermoskin-nutrafarm-medobiohtin-5-mg-60-tablet
8681480370160,,Resetin Alıç Ekstraktı 250 ml,Enoant,Besin Takviyeleri > Bağışıklık Sistemi Güçlendirme > Bağışıklık Sistemi Güçlendirici Şuruplar,2,1,t,resetin-alic-ekstrakti-250-ml
9701830012589,,Hardline Pillbox Toz Saklama Kabı,Hardline,Besin Takviyeleri > Sporcu Ürünleri,2,1,t,hardline-pillbox-toz-saklama-kabi
8436574360912,,Heliocare Heliocaps Plus 30 Kapsül,Heliocare,Besin Takviyeleri > Vitaminler & Mineraller,2,1,t,heliocare-heliocaps-plus-30-kapsul
8680176000428,,İmuneks Q10 30 Kapsül,Imuneks,Besin Takviyeleri > Antioksidanlar > Koenzim Q10 Takviyeleri,2,1,t,imuneks-q10-30-kapsul
8680176000251,,İmuneks Sambunex 20 Efervesan Tablet,Imuneks,Besin Takviyeleri > Bağışıklık Sistemi Güçlendirme > Karamürver,2,1,t,imuneks-sambunex-20-efervesan-tablet
8683675618163,,LeeRoy Artichoke & Milk Thistle 120 Tablet,LeeRoy,Besin Takviyeleri > Bitkisel Besin Destekleri,2,1,t,leeroy-artichoke-milk-thistle-120-tablet
8683675618255,,LeeRoy Passiflora & Valerian 60 Tablet,LeeRoy,Besin Takviyeleri > Uyku Destek Ürünleri,2,1,t,leeroy-passiflora-valerian-60-tablet
8683675618040,,LeeRoy Vitamin C 1000mg 90 Tablet,LeeRoy,Besin Takviyeleri > Vitaminler > C Vitaminleri,2,1,t,leeroy-vitamin-c-1000mg-90-tablet
53232117824,,Life Time Q-Ginseng Complex 60 Kapsül,Life time,Besin Takviyeleri > Sporcu Ürünleri,2,1,t,life-time-q-ginseng-complex-60-kapsul
8698621592572,,Minion Maske 3 Katlı Çocuk 10lu Pembe,Minion,Sağlık Ve Medikal > Maskeler,2,1,t,minion-maske-3-katli-cocuk-10lu-pembe
7070866027766,,Möller's Omega Şurup Limon Aromalı 250 ml,Möllers,Besin Takviyeleri > Omega Yağ Asitleri > Omega 3,2,1,t,mollers-omega-surup-limon-aromali-250-ml
7070866040734,,Möller's Omega-3 Cod Liver Oil Tutti Frutti Balık Yağı 150 ml,Möllers,Besin Takviyeleri > Omega Yağ Asitleri > Bebek & Çoçuklar İçin Omega Yağ Asitleri,2,1,t,mollers-omega-3-cod-liver-oil-tutti-frutti-balik-yagi-150-ml
8699540029651,,NBL Probiotic Comfort 10 Saşe,NBL,Besin Takviyeleri > Sindirim Sistemi Ve Probiyotikler > Yetişkinler İçin Probiyotikler,2,1,t,nbl-probiotic-comfort-10-sase
733739024107,,Now Brewers Yeast 200 Tablet,Now,Besin Takviyeleri > Bitkisel Besin Destekleri,2,1,t,now-brewers-yeast-200-tablet
8697595873779,,Ocean Hepalex 60 Kapsül,Ocean,Besin Takviyeleri > Bitkisel Besin Destekleri,2,1,t,ocean-hepalex-60-kapsul
8697595871201,,Ocean Menaquinone-7 30 Kapsül,Ocean,Besin Takviyeleri > Vitaminler > K Vitaminleri,2,1,t,ocean-menaquinone-7-30-kapsul
8697595872994,,Ocean Saw Palmetto 60 Kapsül,Ocean,Besin Takviyeleri > Erkek Besin Takviyeleri,2,2,t,ocean-saw-palmetto-60-kapsul
8680713008033,,Poblex Uyku Maskesi Kırmızı - Kulak Tıkacı HEDİYE,Poblex,Sağlık Ve Medikal > Göz Sağlığı Ürünleri,2,1,t,poblex-uyku-maskesi-kirmizi-kulak-tikaci-hediye
8680713009037,,Poblex Çocuk Çam Tipi Kulak Tıkacı,Poblex,Sağlık Ve Medikal > Medikal > Kulak Tıkacı,2,1,t,poblex-cocuk-cam-tipi-kulak-tikaci
8697438674068,,Sinkov Toks Kokusuz Sivrisinek ve Karasinek Aerosol Sprey 300 ml,Sinkov,Sağlık Ve Medikal > Haşere Kovucular İnteksitit Ürünler,2,1,t,sinkov-toks-kokusuz-sivrisinek-ve-karasinek-aerosol-sprey-300-ml
33984014176,,Solgar Hyaluronic Acid Collagen Complex 30 Tablet,Solgar,Besin Takviyeleri > Hyalüronik Asit,2,2,t,solgar-hyaluronic-acid-collagen-complex-30-tablet
8681734110573,,Steriball Elektrikli & Pilli Diş Fırçaları İçin Koruma Kabı 2'li - Şeffaf - Kırmızı,Steriball,Kişisel Bakım > Ağız Bakım Ürünleri > Diş Fırçası Kapları,2,1,t,steriball-elektrikli-pilli-dis-fircalari-icin-koruma-kabi-2li-seffaf-kirmizi
8681571351504,,Suda Probiotic Fembiotic 30 Kapsül,Suda Vitamin,Besin Takviyeleri > Vitaminler > D3 K2 Vitamini,2,1,t,suda-probiotic-fembiotic-30-kapsul
8681571351924,,Suda Vitamin Omega 3 - Fish Oil 2000mg 50 Softgel Kapsül,Suda Vitamin,Besin Takviyeleri > Omega Yağ Asitleri > Omega 3,2,1,t,suda-vitamin-omega-3-fish-oil-2000mg-50-softgel-kapsul
8680133001109,,Osende Beauty Collagen 30x40 ml Tüp,Tabilaç,Besin Takviyeleri > Kolajen,2,2,t,osende-beauty-collagen-30x40-ml-tup
8680133001314,,Osende Collagen 10000Plus 30x40ml Tüp,Tabilaç,Besin Takviyeleri > Kolajen,2,1,t,osende-collagen-10000plus-30x40ml-tup
8697903232465,,Talya Hemoclean 60 Kapsül,Talya,Sağlık Ve Medikal > Kabızlık Ürünleri,2,1,t,talya-hemoclean-60-kapsul
8692195724049,,Variteks Ayak Bilekliği - XLarge - 724 -,Variteks,Sağlık Ve Medikal > Medikal > Ortopedik Ürün Ve Gereçleri > Ortopedik Korseler,2,1,t,variteks-ayak-bilekligi-xlarge-724
8692195721048,,Variteks Dirseklik - XLarge - 721 -,Variteks,Sağlık Ve Medikal > Medikal > Ortopedik Ürün Ve Gereçleri > Ortopedik Korseler,2,1,t,variteks-dirseklik-xlarge-721
8692195892007,,Variteks Nexus Alt Baldırlık - 892 -,Variteks,Sağlık Ve Medikal > Medikal > Ortopedik Ürün Ve Gereçleri > Ortopedik Korseler,2,1,t,variteks-nexus-alt-baldirlik-892
8692195879008,,Variteks Nexus El Bilek Ateli - 879 -,Variteks,Sağlık Ve Medikal > Medikal > Ortopedik Ürün Ve Gereçleri > Ortopedik Korseler,2,1,t,variteks-nexus-el-bilek-ateli-879
8680807008625,,Voonka Beauty Collagen Hyaluronic Acid 32 Tablet,Voonka,Besin Takviyeleri > Hyalüronik Asit,2,1,t,voonka-beauty-collagen-hyaluronic-acid-32-tablet
8683655089358,,Voonka Melatonin 60 Kapsül,Voonka,Besin Takviyeleri > Uyku Destek Ürünleri,2,1,t,voonka-melatonin-60-kapsul
5999522670455,,Aden Lipliner Pencil - 45 Papaya -,,Makyaj > Ruj Ve Dudak Ürünleri > Dudak Kalemleri,2,1,t,aden-lipliner-pencil-45-papaya
8684225240315,,Asia's Dreams Kekik Yağı 10ml,,Sağlık Ve Medikal > Aromatik ve Bitkisel Yağlar,2,1,t,asias-dreams-kekik-yagi-10ml
8684225240155,,Asia's Dreams Keten Tohum Soğuk Sıkım Yağ 20ml,,Sağlık Ve Medikal > Aromatik ve Bitkisel Yağlar,2,1,t,asias-dreams-keten-tohum-soguk-sikim-yag-20ml
8684225240278,,Asia's Dreams Okaliptus Yağı 10ml,,Sağlık Ve Medikal > Aromatik ve Bitkisel Yağlar,2,1,t,asias-dreams-okaliptus-yagi-10ml
8680512627654,,Bioxcin Forte Keratin Complex Tablet Takviye Edici Gıda 60 Tablet,,Saç Bakımı > Saç Bakım Vitamin Takviyeleri,2,1,t,bioxcin-forte-keratin-complex-tablet-takviye-edici-gida-60-tablet
8681911156011,,Immuzinc 20 Kapsül,,Besin Takviyeleri > Bağışıklık Sistemi Güçlendirme > Yetişkinler İçin Bağışıklık Güçlendirme,2,1,t,immuzinc-20-kapsul
8685035174043,,Kiperin Shenmush Mushroom Complex 30 Kapsül,,Besin Takviyeleri > Bitkisel Besin Destekleri,2,1,t,kiperin-shenmush-mushroom-complex-30-kapsul
8683675618057,,LeeRoy Magnezyum Complex 120 Tablet,,Besin Takviyeleri > Minareller > Magnezyum Mineralleri > Magnezyum Malat,2,1,t,leeroy-magnezyum-complex-120-tablet
5702071503057,,Möller's Omega 3 30 Kapsül,,Besin Takviyeleri > Omega Yağ Asitleri > Omega 3,2,1,t,mollers-omega-3-30-kapsul
8680645531293,,Nbt Life N-Urolit Urolithin A 60 Kapsül,,Sağlık Ve Medikal > Eklem Sağlığı,2,1,t,nbt-life-n-urolit-urolithin-a-60-kapsul
768990891144,,Nordics Natural Prenatal Omega-3 DHA 90 Yumuşak Kapsül,,Besin Takviyeleri > Kadın Besin Takviyeleri,2,1,t,nordics-natural-prenatal-omega-3-dha-90-yumusak-kapsul
733739023117,,Now Sunflower Lecithin Ayçiçeği Lesitini İçeren Takviye Edici Gıda 100 Kapsül,,Besin Takviyeleri > Bitkisel Besin Destekleri,2,1,t,now-sunflower-lecithin-aycicegi-lesitini-iceren-takviye-edici-gida-100-kapsul
3548960030714,,Nymphorgasmic Kadınlara Özel Krem 15 ml,,Sağlık Ve Medikal > Cinsel Sağlık Ürünleri > Performans Arttırıcılar,2,2,t,nymphorgasmic-kadinlara-ozel-krem-15-ml
8680287030162,,OUTLET - Sambucol Plus 15 Kapsül,,Besin Takviyeleri > Bağışıklık Sistemi Güçlendirme > Karamürver,2,1,t,outlet-sambucol-plus-15-kapsul
8683210460289,,OUTLET - Sovital No Cry Takviye Edici Gıda 48 Kapsül,,Besin Takviyeleri > Vitaminler & Mineraller,2,1,t,outlet-sovital-no-cry-takviye-edici-gida-48-kapsul
8680145085105,,OUTLET - TTO İntim Mendil 12 Adet,,Sağlık Ve Medikal > İntim Ürünleri,2,1,t,outlet-tto-intim-mendil-12-adet
5021265222408,,OUTLET - Vitabiotics Jointace Original 30 Tablet,,Besin Takviyeleri > Eklem Sağlığı Ürünleri > Glukozamine Ürünleri,2,1,t,outlet-vitabiotics-jointace-original-30-tablet
850081345275,,Ocean Gummies Multivitamin Kids 120 Çiğnenebilir Jel Form,,Besin Takviyeleri > MultiVitaminler,2,1,t,ocean-gummies-multivitamin-kids-120-cignenebilir-jel-form
8697595871966,,Ocean Methyl Folat 400mg 30 Tablet,,Besin Takviyeleri > Vitaminler > Folic Acid,2,1,t,ocean-methyl-folat-400mg-30-tablet
8697595870687,,Ocean Vitamin C 1000 mg 30 Tablet x 2 Adet,,Besin Takviyeleri > Vitaminler > C Vitaminleri,2,1,t,ocean-vitamin-c-1000-mg-30-tablet-x-2-adet
8699592803667,,Roll Film Pedli Şeffaf Film Yara Örtüsü 8 x 15 cm Tekli,,Sağlık Ve Medikal > Yara Ve Yanık Ürünleri,2,2,t,roll-film-pedli-seffaf-film-yara-ortusu-8-x-15-cm-tekli
8680287030125,,Sambucol Plus Likit Şurup 120ml 2 Al 1 Öde,,Besin Takviyeleri > Bağışıklık Sistemi Güçlendirme > Karamürver,2,1,t,sambucol-plus-likit-surup-120ml-2-al-1-ode
8682792377342,,Sjomann's D3 1000IU 30 Çiğnenebilir Jel Tablet,,Besin Takviyeleri > Vitaminler > D Vitaminleri,2,1,t,sjomanns-d3-1000iu-30-cignenebilir-jel-tablet
8683229902281,,Venatura Dim Kompleks 60 Kapsül,,Besin Takviyeleri > Minareller > Kalsiyum Mineralleri,2,1,t,venatura-dim-kompleks-60-kapsul
8699708011573,,Assos Bio Chlorella 240 Tablet,Assos,Besin Takviyeleri > Kadın Besin Takviyeleri,1,2,t,assos-bio-chlorella-240-tablet
8690088020612,,Avicenna Çörekotu Yağı 90 Yumuşak Kapsül,Avicenna,Besin Takviyeleri > Bitkisel Besin Destekleri,1,1,t,avicenna-corekotu-yagi-90-yumusak-kapsul
8681644703223,,Bee & You PhenoliX-Kids Propolis Sprey 30ml,Bee'o Up,Besin Takviyeleri > Bağışıklık Sistemi Güçlendirme > Polen ve Propolis,1,1,t,bee-you-phenolix-kids-propolis-sprey-30ml
8681644700529,,Beeo Up Propolis Ballı Çocuk Şurubu 160 ml,Bee'o Up,Besin Takviyeleri > Bağışıklık Sistemi Güçlendirme > Bağışıklık Sistemi Güçlendirici Şuruplar,1,1,t,beeo-up-propolis-balli-cocuk-surubu-160-ml
8680371992979,,Bluewell Bedensiz Flexible Balenli Dizlik - BD002 -,Bluewell,Sağlık Ve Medikal > Medikal > Ortopedik Ürün Ve Gereçleri > Ortopedik Korseler,1,1,t,bluewell-bedensiz-flexible-balenli-dizlik-bd002
8697677010061,,Breathe Better Şeffaf Burun Bandı 10 Adet - Medium,Breath Right,Sağlık Ve Medikal > Burun Açıcı Ürünler,1,1,t,breathe-better-seffaf-burun-bandi-10-adet-medium
7878787855534,,Cistus Antivirüs  Pastil 10 Adet - 12li Kutu,Cistus,Besin Takviyeleri > Pastiller,1,1,t,cistus-antivirus-pastil-10-adet-12li-kutu
8684802633066,,Uroprotect Takviye Edici Gıda 24 Çiğneme Tableti,Diğer Bakım Ürünleri,Besin Takviyeleri > Bitkisel Besin Destekleri,1,1,t,uroprotect-takviye-edici-gida-24-cigneme-tableti
4043752174793,,Duracell Activair İşitme Cihazı Pili 6'lı No: 10,Duracell,Sağlık Ve Medikal > Medikal > Piller,1,2,t,duracell-activair-isitme-cihazi-pili-6li-no-10
5000394157071,,Duracell Optimum Alkalin AA Kalem Piller 4'lü Paket,Duracell,Sağlık Ve Medikal > Medikal > Piller,1,1,t,duracell-optimum-alkalin-aa-kalem-piller-4lu-paket
8699009540529,,Exxe Sıcak Soğuk Jel Kompres Kılıfsız 27x35 cm,Exxe,Besin Takviyeleri > Eklem Sağlığı Ürünleri > Eklem Ağrısı İçin Kremler,1,2,t,exxe-sicak-soguk-jel-kompres-kilifsiz-27x35-cm
8697448350280,,Hardline Burner 120 Tablet,Hardline,Besin Takviyeleri > Sporcu Takviyeleri > Kombinasyonlar,1,1,t,hardline-burner-120-tablet
8697448350402,,Hardline Creatine Creapure 120 Kapsül,Hardline,Besin Takviyeleri > Sporcu Takviyeleri > Kompleks Ürünler,1,1,t,hardline-creatine-creapure-120-kapsul
8697448353038,,Hardline Mct Oil 500 ml,Hardline,Besin Takviyeleri > Sporcu Takviyeleri > Sağlıklı Yaşam,1,1,t,hardline-mct-oil-500-ml
8697448350389,,Hardline NOX2 - Yeşil Elma Aromalı - 1090 Gr,Hardline,Besin Takviyeleri > Sporcu Takviyeleri,1,1,t,hardline-nox2-yesil-elma-aromali-1090-gr
8697448359997,,Hardline Shaker - Pembe - 600 ml,Hardline,Besin Takviyeleri > Sporcu Takviyeleri > Shakerlar,1,1,t,hardline-shaker-pembe-600-ml
8697448353045,,Hardline ZMA 180 Kapsül,Hardline,Besin Takviyeleri > Sporcu Takviyeleri > Kompleks Ürünler,1,1,t,hardline-zma-180-kapsul
8680760092600,,Humanis Guard 60 Tablet,Humanis,Besin Takviyeleri > Bağışıklık Sistemi Güçlendirme,1,1,t,humanis-guard-60-tablet
8682304243516,,Kiperin Collagen Purple 576gr,Kiperin,Besin Takviyeleri > Kolajen,1,1,t,kiperin-collagen-purple-576gr
8683675618385,,LeeRoy Magnezyum Sitrat 600mg 120 Tablet,LeeRoy,Besin Takviyeleri > Minareller > Magnezyum Mineralleri > Magnezyum Bisglisinat,1,1,t,leeroy-magnezyum-sitrat-600mg-120-tablet
8410885074591,,Marnys Hepalive Enginar Özlü 20x10 ml Flakon,Marnys,Besin Takviyeleri > Bitkisel Besin Destekleri,1,2,t,marnys-hepalive-enginar-ozlu-20x10-ml-flakon
8680434220018,,Passif Mood  Passiflora Ekstraktı Takviye Edici Gıda 30 Kapsül,Matriks İlac,Besin Takviyeleri > Uyku Destek Ürünleri,1,1,t,passif-mood-passiflora-ekstrakti-takviye-edici-gida-30-kapsul
8680645530241,,Nbt Life Lipopure C 30 Kapsül,Nbt İlaç,Besin Takviyeleri > Vitaminler > C Vitaminleri,1,1,t,nbt-life-lipopure-c-30-kapsul
8699241770722,,Nbt Life İmunca 20 Duo Kapsül,Nbt İlaç,Besin Takviyeleri > Bağışıklık Sistemi Güçlendirme > Yetişkinler İçin Bağışıklık Güçlendirme,1,1,t,nbt-life-imunca-20-duo-kapsul
733739047380,,Now Milk Thistle Extract 300 mg Silymarin (240 mg) With Artichoke Dandelion 50 Kapsül,Now,Besin Takviyeleri > Bitkisel Besin Destekleri,1,1,t,now-milk-thistle-extract-300-mg-silymarin-240-mg-with-artichoke-dandelion-50-kapsul
8697595874059,,Ocean Multi Şurup Ballı ve Portakal Aromalı 150 ml - Matara Hediyeli,Ocean,Besin Takviyeleri > Omega Yağ Asitleri > Bebek & Çoçuklar İçin Omega Yağ Asitleri,1,1,t,ocean-multi-surup-balli-ve-portakal-aromali-150-ml-matara-hediyeli
8697595872407,,Outlet - Ocean Capillus Men 60 Tablet,Outlet,Outlet Ürünler > OUTLET - Besin Takviyeleri,1,1,t,outlet-ocean-capillus-men-60-tablet
8690570110044,,Outlet - Strepsils C Vitaminli Portakal Aromalı Pastil 24 Adet,Outlet,Outlet Ürünler > OUTLET - Besin Takviyeleri,1,1,t,outlet-strepsils-c-vitaminli-portakal-aromali-pastil-24-adet
8683229900806,,Outlet - Venatura Kids Vitamin D3 400 IU Takviye Edici Gıda 20 ml,Outlet,Outlet Ürünler > OUTLET - Besin Takviyeleri,1,1,t,outlet-venatura-kids-vitamin-d3-400-iu-takviye-edici-gida-20-ml
8699592822057,,Roll Emici Ped 30x80 cm,Roll,Sağlık Ve Medikal > Yara Ve Yanık Ürünleri,1,1,t,roll-emici-ped-30x80-cm
8699592800635,,Roll Termojel Cırtcırtlı Sıcak - Soğuk Kompres 17 cm x 25 cm,Roll,Sağlık Ve Medikal > Eklem Sağlığı,1,1,t,roll-termojel-cirtcirtli-sicak-soguk-kompres-17-cm-x-25-cm
8682792377397,,Sjomann's Koenzim Q10 100mg 30 Çiğnenebilir Jel Tablet,Sjomanns,Besin Takviyeleri > Antioksidanlar > Koenzim Q10 Takviyeleri,1,1,t,sjomanns-koenzim-q10-100mg-30-cignenebilir-jel-tablet
8692195722021,,Variteks Baş Parmaklı Bileklik - Medium - 722 -,Variteks,Sağlık Ve Medikal > Medikal > Ortopedik Ürün Ve Gereçleri > Ortopedik Korseler,1,1,t,variteks-bas-parmakli-bileklik-medium-722
8692195721024,,Variteks Dirseklik - Medium - 721 -,Variteks,Sağlık Ve Medikal > Medikal > Ortopedik Ürün Ve Gereçleri > Ortopedik Korseler,1,1,t,variteks-dirseklik-medium-721
8692195897002,,Variteks Nexus Fleksible Balenli Ayak Bilekliği - 897 -,Variteks,Sağlık Ve Medikal > Medikal > Ortopedik Ürün Ve Gereçleri > Ortopedik Korseler,1,1,t,variteks-nexus-fleksible-balenli-ayak-bilekligi-897
4043752393569,,Varta Kulak Pili No: 312 6lı,Varta,Sağlık Ve Medikal > Medikal > Piller,1,2,t,varta-kulak-pili-no-312-6li
8683655089526,,OUTLET - Voonka Saw Palmetto 60 Tablet,Voonka,Besin Takviyeleri > Bitkisel Besin Destekleri,1,1,t,outlet-voonka-saw-palmetto-60-tablet
8683655089136,,Voonka Kids Bright Takviye Edici Gıda 150 ml,Voonka,Besin Takviyeleri > Vitaminler & Mineraller,1,1,t,voonka-kids-bright-takviye-edici-gida-150-ml
8683391100355,,Xtracare Kusma ve Bulantı Önleyici Bileklik 1 Çift,Xtracare,Sağlık Ve Medikal > Zayıflama Ve Diyet Ürünleri,1,1,t,xtracare-kusma-ve-bulanti-onleyici-bileklik-1-cift
8684225240063,,Asia's Dreams Kuşburnu Soğuk Sıkım Yağ 20ml,,Sağlık Ve Medikal > Aromatik ve Bitkisel Yağlar,1,1,t,asias-dreams-kusburnu-soguk-sikim-yag-20ml
8684225240285,,Asia's Dreams Lavanta Yağı 10ml,,Sağlık Ve Medikal > Aromatik ve Bitkisel Yağlar,1,1,t,asias-dreams-lavanta-yagi-10ml
3282770149499,,Avene Creme Kuru Ciltler için SPF 50+ Güneş Koruyucu 50ml - 2AL1ÖDE,,Güneş Kremleri > Cilt Tipine Göre Güneş Kremleri > Kuru Atopik Ciltler için Güneş Kremi,1,1,t,avene-creme-kuru-ciltler-icin-spf-50-gunes-koruyucu-50ml-2al1ode
8690092625506,,Avicenna D3 Vitamini 1000IU 20ml,,Besin Takviyeleri > Vitaminler > D Vitaminleri,1,1,t,avicenna-d3-vitamini-1000iu-20ml
8690088023392,,Avicenna Glukozamin & Kondroitin & MSM & Hyaluronik Asit 60 Tablet,,Besin Takviyeleri > Eklem Sağlığı Ürünleri > Glukozamine Ürünleri,1,1,t,avicenna-glukozamin-kondroitin-msm-hyaluronik-asit-60-tablet
8690088022029,,Avicenna Omevip Kids 150ml,,Besin Takviyeleri > Omega Yağ Asitleri > Bebek & Çoçuklar İçin Omega Yağ Asitleri,1,1,t,avicenna-omevip-kids-150ml
8684816593905,,Babaki Testomen Ultra 30 Kapsül,,Besin Takviyeleri > Antioksidanlar > Antioksidan İçeren E Vitaminleri,1,1,t,babaki-testomen-ultra-30-kapsul
8680512632764,,Bioxcin Women’s Hair 30 Tablet,,Saç Bakımı > Saç Bakım Vitamin Takviyeleri,1,1,t,bioxcin-womens-hair-30-tablet
8681158205992,,Chondurax Glucosamine Chondroitin Msm 200 Tablet - Glukozamin Kondroitin,,Besin Takviyeleri > Eklem Sağlığı Ürünleri > Glukozamine Ürünleri,1,1,t,chondurax-glucosamine-chondroitin-msm-200-tablet-glukozamin-kondroitin
8683561175053,,Delta NattoPro Max 30 Kapsül,,Besin Takviyeleri > Bitkisel Besin Destekleri,1,1,t,delta-nattopro-max-30-kapsul
8699546190386,,"Elenatal 2 Hamilelik Multivitamin, Mineral ve Omega 3 Kapsül 30 luk",,Besin Takviyeleri > Omega Yağ Asitleri > Omega 3,1,1,t,elenatal-2-hamilelik-multivitamin-mineral-ve-omega-3-kapsul-30-luk
8684408000057,,Elipse Kulak Tıkacı İpli Silikon Çocuk,,Sağlık Ve Medikal > Medikal > Kulak Tıkacı,1,2,t,elipse-kulak-tikaci-ipli-silikon-cocuk
8697448350105,,Hardline ARG 1250 120 Tablet,,Besin Takviyeleri > Sporcu Ürünleri > Amino Asitler,1,1,t,hardline-arg-1250-120-tablet
8697448350242,,Hardline Amino Full 300 Tablet,,Besin Takviyeleri > Sporcu Ürünleri > Amino Asitler,1,1,t,hardline-amino-full-300-tablet
8697448350501,,Hardline Beta Alanıne 300 Gr,,Besin Takviyeleri > Sporcu Ürünleri > Amino Asitler,1,1,t,hardline-beta-alanine-300-gr
8697448358910,,Hardline Glucosamine Chondroitin Msm 120 Tablet,,Besin Takviyeleri > Sporcu Ürünleri > Glukozamin,1,1,t,hardline-glucosamine-chondroitin-msm-120-tablet
8697448351980,,Hardline L-Karnitin Thermo - Yeşil Elma Aromalı - 1000 ml,,Besin Takviyeleri > Sporcu Ürünleri > Form & Enerji Ürünleri,1,1,t,hardline-l-karnitin-thermo-yesil-elma-aromali-1000-ml
8697448350518,,Hardline Taurine Powder 300 Gr,,Besin Takviyeleri > Sporcu Ürünleri > Protein Tozu,1,1,t,hardline-taurine-powder-300-gr
8682304243530,,Kiperin Multivitamin Lipozomal 30 Kapsül,,Besin Takviyeleri > MultiVitaminler,1,1,t,kiperin-multivitamin-lipozomal-30-kapsul
8410885080219,,Marnys Arı Sütü 1000mg 30 Kapsül,,Besin Takviyeleri > Kadın Besin Takviyeleri,1,2,t,marnys-ari-sutu-1000mg-30-kapsul
8692860200054,,Nutrigen Balık Yağı 200 ml,,Besin Takviyeleri > Omega Yağ Asitleri > Bebek & Çoçuklar İçin Omega Yağ Asitleri,1,1,t,nutrigen-balik-yagi-200-ml
8690088002541,,OUTLET - Avicenna Ginkgo Yaprağı 60 Kapsül,,Besin Takviyeleri > Hafıza Sağlığı,1,1,t,outlet-avicenna-ginkgo-yapragi-60-kapsul
8680133000998,,OUTLET - OmePa PS Omega3 & Fosfatidilserin 30 Kapsül,,Besin Takviyeleri > Omega Yağ Asitleri > Omega 3,1,1,t,outlet-omepa-ps-omega3-fosfatidilserin-30-kapsul
8681807005202,,OUTLET - Osisoft Burun Spreyi 20 ml,,Sağlık Ve Medikal > Burun Açıcı Ürünler,1,1,t,outlet-osisoft-burun-spreyi-20-ml
33984015402,,OUTLET - Solgar Lecithin 1360 mg 100 Yumuşak Jelatin Kapsül,,Besin Takviyeleri > Hafıza Sağlığı,1,1,t,outlet-solgar-lecithin-1360-mg-100-yumusak-jelatin-kapsul
8681571356258,,OUTLET - Suda Probiotic Pregno Biotic Takviye Edici Gıda 30 Tablet,,Besin Takviyeleri > Sindirim Sistemi Ve Probiyotikler > Yetişkinler İçin Probiyotikler,1,1,t,outlet-suda-probiotic-pregno-biotic-takviye-edici-gida-30-tablet
8680145081360,,OUTLET - TTO Ux Uçuk Dudak Kremi 10ml,,Sağlık Ve Medikal > Uçuk Ürünleri,1,1,t,outlet-tto-ux-ucuk-dudak-kremi-10ml
8697595870688,,Ocean Vitamin C 1000 mg 30 Tablet x 3 Adet,,Besin Takviyeleri > Vitaminler > C Vitaminleri,1,1,t,ocean-vitamin-c-1000-mg-30-tablet-x-3-adet
30768004668,,Osteo Bi-Flex 5-Loxin Adv 120 Tablet,,Besin Takviyeleri > Eklem Sağlığı Ürünleri > Eklem Ağrısı İçin Kremler,1,2,t,osteo-bi-flex-5-loxin-adv-120-tablet-2
8699245890402,,Otifleks Deniz Gözlüğü,,Sağlık Ve Medikal > Medikal,1,1,t,otifleks-deniz-gozlugu
3504105025787,,Outlet - Mustela Vitamin Barrier 1-2-3 Cream 50 ml Pişik Kremi,,Outlet Ürünler > OUTLET - Anne ve Bebek,1,1,t,outlet-mustela-vitamin-barrier-1-2-3-cream-50-ml-pisik-kremi
8201830012347,,Outlet - NBL Probiotic ATP 20 Saşe,,Outlet Ürünler > OUTLET - Besin Takviyeleri,1,1,t,outlet-nbl-probiotic-atp-20-sase
8697595873534,,Outlet - Ocean VM Arginin PS 150 ml,,Outlet Ürünler > OUTLET - Besin Takviyeleri,1,1,t,outlet-ocean-vm-arginin-ps-150-ml
8683060090154,,Pharmaton Essential Men Takviye Edici Gıda 30 Tablet,,Besin Takviyeleri > MultiVitaminler,1,1,t,pharmaton-essential-men-takviye-edici-gida-30-tablet
8699592806538,,Roll Kohezif Bandaj 10 cm x 4.5 cm,,Sağlık Ve Medikal > Yara Ve Yanık Ürünleri,1,2,t,roll-kohezif-bandaj-10-cm-x-45-cm
33984007765,,Solgar Advanced 40+ Acidophilus 60 Kapsül,,Besin Takviyeleri > Sindirim Sistemi Ve Probiyotikler > Yetişkinler İçin Probiyotikler,1,2,t,solgar-advanced-40-acidophilus-60-kapsul
33984023154,,Solgar Psyllium Husks Fibre 200 Kapsül,,Besin Takviyeleri > Kadın Besin Takviyeleri,1,2,t,solgar-psyllium-husks-fibre-200-kapsul
33984036031,,Solgar Vitamin K2 100 mcg 50 Kapsül,,Besin Takviyeleri > Vitaminler > K Vitaminleri,1,2,t,solgar-vitamin-k2-100-mcg-50-kapsul
8680057351687,,Sorvagen Smart Sitikolin DHA Omega 3 ve B12 30 Kapsül,,Besin Takviyeleri > Vitaminler > B Vitamin Complex % B12,1,1,t,sorvagen-smart-sitikolin-dha-omega-3-ve-b12-30-kapsul
8682851193166,,Sovital Ultra Omega 3 60 Kapsül,,Besin Takviyeleri > Omega Yağ Asitleri > Omega 3,1,1,t,sovital-ultra-omega-3-60-kapsul
3661434009693,,Uriage Pruriced Sos Soothing - Rahatlatıcı Roll-On 15ml,,Sağlık Ve Medikal > Haşere Kovucular İnteksitit Ürünler,1,1,t,uriage-pruriced-sos-soothing-rahatlatici-roll-on-15ml
8692195893004,,Variteks Nexus Fleksible Balenli Dizlik - 893 -,,Sağlık Ve Medikal > Medikal > Ortopedik Ürün Ve Gereçleri > Ortopedik Korseler,1,1,t,variteks-nexus-fleksible-balenli-dizlik-893
5021265249817,,Vitabiotics Ultra Magnesium 60 Tablet,,Besin Takviyeleri > Minareller > Magnezyum Mineralleri > Magnezyum Bisglisinat,1,1,t,vitabiotics-ultra-magnesium-60-tablet
8682241302055,,Voonka Active Men Collagen 250 gr,,Besin Takviyeleri > Erkek Besin Takviyeleri,1,1,t,voonka-active-men-collagen-250-gr
8690797109486,,Wee Baby Damaklı Safari Emzik 18+ Ay 948,,Anne ve Bebek > Emzikler & Aksesuarları > Emzikler,1,2,t,wee-baby-damakli-safari-emzik-18-ay-948
1111111112121,,ÖDEME ALINMASI,,Kategorisiz Urunler,1,1,t,odeme-alinmasi
8680176000756,,İmuneks 10 mg 40 Kapsül,,Besin Takviyeleri > Bağışıklık Sistemi Güçlendirme > Yetişkinler İçin Bağışıklık Güçlendirme,1,1,t,imuneks-10-mg-40-kapsul
8680176001180,,İmuneks Kids Multivitamin ve Mineraller Takviye Edici Gıda 150 ml,,Besin Takviyeleri > MultiVitaminler,1,1,t,imuneks-kids-multivitamin-ve-mineraller-takviye-edici-gida-150-ml
