gtin,varyant_barkod,baslik,marka,kategori,stok,teklif_sayisi,satilabilir,slug
8693283010525,,Kuteks Sargı Bezi 10 cm X 10 M,Kuteks,Sağlık Ve Medikal > Medikal & Sağlık Ürünleri > Pansuman Örtüleri,1004,3,t,kuteks-sargi-bezi-10-cm-x-10-m
8850956073786,,Okey Prezervatif Gerçek Haz 12li,Okey,Kişisel Bakım > Cinsel Sağlık > Prezervatif,1004,3,t,okey-prezervatif-gercek-haz-12li
8699546020461,,Redoxon Vitamin C 1000 mg Efervesan 15 Tablet,Redoxon,Besin Takviyeleri > Vitamin > C Vitamini,972,3,t,redoxon-c-vitamini-1000-mg-15-efervesan-tablet
7640128140931,,New Life 4 Hepa 30 Softgel Kapsül,New Life,Besin Takviyeleri > Takviye Edici Gıdalar > Bitkisel Ürünler,969,3,t,new-life-4-hepa-30-kapsul
8699546020454,,Redoxon 3lü Etkili 30 Efervesan Tablet,Redoxon,Besin Takviyeleri > Mineral > Çinko,954,3,t,redoxon-3lu-etkili-30-efervesan-tablet
8850956073793,,Okey Prezervatif Gerçek Zevk 12li,Okey,Kişisel Bakım > Cinsel Sağlık > Prezervatif,913,3,t,okey-prezervatif-gercek-zevk-12li
8699284270562,,Baybay Night Melisa İçeren Bitkisel Damla 50 ml,Ena Farma,Anne Bebek,907,3,t,baybay-night-melisa-takviye-edici-gida-50ml
8690088010231,,Shiffa Home Omega 3 200 Kapsül,Shiffa Home,Besin Takviyeleri > Takviye Edici Gıdalar > Omega 3 & Balık Yağı,879,3,t,shiffa-home-omega-3-200-kapsul
4103040905505,,Sebamed İntim PH3.8 200 ml,Sebamed,Kişisel Bakım > Kadın Hijyeni > Genital Bölge Temizliği,803,3,t,sebamed-intim-likit-yikama-jeli-ph38-200-ml
8690088024511,,Shiffa Home Omega 3-6-9 1000 mg 200 Kapsül,Shiffa Home,Besin Takviyeleri > Takviye Edici Gıdalar > Omega 3 & Balık Yağı,773,3,t,shiffa-home-omega-3-6-9-1000-mg-200-kapsul
8699546159512,,Priorin Intense Avantajlı Paket 120 + 60 Kapsül,Priorin,Saç Bakım > Saç Bakım Ürünleri & Saç Vitaminleri > Saç Vitamini,758,3,t,priorin-intense-avantajli-paket-120-60-kapsul
8690530009967,,Detan Sinekkıran Kokusuz 275 ml,Detan,Ev & Yaşam,749,3,t,detan-sinekkiran-kokusuz-275-ml
8697595872222,,Ocean Microfer 30 Tablet,Ocean,Besin Takviyeleri > Mineral > Demir,729,3,t,ocean-microfer-30-tablet-takviye-edici-gida
8699546090396,,Supradyn Koenzim Q10 30 Film Kaplı Tablet,Supradyn,Besin Takviyeleri > Mineral > Bakır,723,2,t,supradyn-koenzim-q10-multivitamin-30-tablet
8697595872710,,Ocean Krom Pikolinat 200 mcg 90 Kapsül,Ocean,Besin Takviyeleri > Mineral > Krom,720,3,t,ocean-krom-pikolinat-90-kapsul
8699546094134,,Supradyn Focus 30 Tablet,Supradyn,Besin Takviyeleri > Mineral > Bakır,693,3,t,supradyn-focus-30-tablet
8697595871812,,Ocean Daily One Energy 30 Tablet,Ocean,Besin Takviyeleri > Mineral > Bakır,683,3,t,ocean-daily-one-energy-30-tablet-takviye-edici-gida
8680287030154,,Sambucol Plus Kids Yummies 60 Çigneme Tableti,Sambucol,Besin Takviyeleri > Mineral > Çinko,672,2,t,sambucol-plus-kids-yummies-gida-takviyesi-60-adet
3331300097450,,Sterimar Baby Blocked Nose Hipertonik Sprey 100 ml,Sterimar,Anne Bebek > Bebek Bakım > Bebek Burun Spreyi,672,3,t,sterimar-baby-blocked-nose-100-ml-bebek-cocuk-icin-tikali-burun-hipertonik-okyanus-suyu
8697409379879,,"Kuteks Sargı Bezi 10 cm x 1,5m",Bioxcin,Sağlık Ve Medikal > Medikal & Sağlık Ürünleri > Pansuman Örtüleri,664,3,t,kuteks-sargi-bezi-10-cm-x-15m
8680512635345,,Nutraxin Vitamin D3K2 1000 IU 120 Tablet,Nutraxin,Besin Takviyeleri > Takviye Edici Gıdalar,635,3,t,nutraxin-vitamin-d3k2-120-tablet
8680133000669,,Magnimore Plus 60 Tablet,Magnimore,Besin Takviyeleri > Mineral > Magnezyum,631,3,t,magnimore-plus-60-tablet
8699546080069,,Supradyn Kids 60 Tablet,Supradyn,Besin Takviyeleri > Mineral > Çinko,623,3,t,supradyn-kids-multivitamin-ve-mineral-60-cignenebilir-tablet
8680512627364,,Nutraxin B12 Vitamin 60 Tablet,Nutraxin,Besin Takviyeleri > Vitamin > Vitamin B12,619,3,t,nutraxin-b12-vitamin-60-tablet
8697595870686,,Ocean Vitamin C 1000 mg 30 Tablet,Ocean,Besin Takviyeleri > Takviye Edici Gıdalar,619,3,t,ocean-vitamin-c-1000-mg-30-tablet
8683060010220,,Pharmaton Vitality 30 Tablet,Pharmaton,Besin Takviyeleri > Mineral > Bakır,619,2,t,pharmaton-vitality-multivitamin-30-tablet-takviye-edici-gida
8680512605881,,Nutraxin Omega-3 2000 mg 60 Kapsül,Nutraxin,Besin Takviyeleri > Takviye Edici Gıdalar > Omega 3 & Balık Yağı,618,3,t,nutraxin-omega-3-balik-yagi-2000-mg-60-softgel
8690570557312,,Strepsils Şekersiz Elderberry 24 Pastil,Strepsils,Besin Takviyeleri > Takviye Edici Gıdalar > Pastil,618,3,t,strepsils-sekersiz-elderberry-24-pastil
8680512629566,,Nutraxin Vitamin C 1000 mg 30 Tablet,Nutraxin,Besin Takviyeleri > Takviye Edici Gıdalar,603,3,t,nutraxin-vitamin-c-1000-mg-takviye-edici-gida-30-tablet
8680512632108,,Nutraxin Magnesium Complex Vitamin B6 60 Tablet,Nutraxin,Besin Takviyeleri > Mineral > Magnezyum,590,2,t,nutraxin-magnesium-complex-vitamin-b6-125mg-60-kapsul
8699546080045,,Redoxon Kids 60 Tablet,Redoxon,Besin Takviyeleri > Mineral > Çinko,587,3,t,redoxon-kids-cignenebilir-takviye-edici-gida-60-adet
4015672114258,,Omron M2 Essential Blood Pressure Monitor,Omron,Sağlık Ve Medikal > Medikal & Sağlık Ürünleri > Tansiyon Aleti,581,2,t,omron-m2-essential-tansiyon-aleti
8699546020447,,Redoxon 3lü Etkili 15 Efervesan Tablet,Redoxon,Besin Takviyeleri > Mineral > Çinko,579,3,t,redoxon-3lu-etkili-15-efervesan-tablet
8680287030116,,Sambucol Plus Efervesan 15 Tablet,Sambucol,Besin Takviyeleri > Mineral > Çinko,573,2,t,sambucol-plus-efervesan-15-tablet
8699546093939,,Supradyn Koenzim Q10 60 Film Kaplı Tablet,Supradyn,Besin Takviyeleri > Mineral > Bakır,571,2,t,supradyn-koenzim-q10-multivitamin-60-tablet
8850956093807,,Okey Klasik Prezervatif Ekonomik 20li,Okey,Kişisel Bakım > Cinsel Sağlık > Prezervatif,567,3,t,okey-klasik-20-adet
8699546020492,,Redoxon Pro 15 Efervesan Tablet,Redoxon,Besin Takviyeleri > Mineral > Bakır,564,2,t,redoxon-pro-efervesan-15-tablet
8697595870563,,Ocean Multi Şurup (Ballı Portakal Konsantreli) 150 ml,Ocean,Besin Takviyeleri > Mineral > Manganez,563,3,t,ocean-multi-surup-balik-yagi-bal-ve-portakal-aromali-150-ml
4710944881158,,Barbaris Liquid Collagen Takviye Edici Gıda 50 ml 10lu,Barbaris,Besin Takviyeleri > Kolajen > Kolajen Tip 1-3,561,2,t,barbaris-liquid-collagen-50-ml-10-adet
8680512634584,,Nutraxin Multi Mineral Complex 60 Tablet,Nutraxin,Besin Takviyeleri > Mineral > Bakır,561,2,t,nutraxin-multi-mineral-complex-60-tablet
4015672114333,,Omron M4 Connect A Fib Tansiyon Aleti,Omron,Sağlık Ve Medikal > Medikal & Sağlık Ürünleri > Tansiyon Aleti,560,3,t,omron-m4-connect-a-fib-tansiyon-aleti
4015672111097,,Omron RS1 Bilekten Tansiyon Aleti,Omron,Sağlık Ve Medikal > Medikal & Sağlık Ürünleri > Tansiyon Aleti,554,3,t,omron-rs1-tansiyon-aleti-dijital-bilekten-olcer
8699546020553,,Supradyn Energy Boost Taef 15 Efervesan Tablet,Supradyn,Besin Takviyeleri > Mineral > Magnezyum,550,2,t,supradyn-energy-boost-15-efervesan-tablet
8699514020158,,Youplus Vitamin C Çinko Propolis 20 Efervesan Tablet,Youplus,Besin Takviyeleri > Mineral > Çinko,546,3,t,youplus-vitamin-c-cinko-propolis-20-efervesan-tablet
8693283010051,,Kuteks Sargı Bezi 20 cm,Kuteks,Sağlık Ve Medikal > Medikal & Sağlık Ürünleri > Pansuman Örtüleri,545,3,t,kuteks-sargi-bezi-20-cm
8058090019541,,Pic Solution Vedocolor Renkli Dijital Beden Derecesi,Pic Solution,Sağlık Ve Medikal > Medikal & Sağlık Ürünleri > Ateş Ölçer,545,3,t,pic-solution-vedocolor-renkli-dijital-beden-derecesi
8680512631590,,Nutraxin Vitamin D3K2 Sprey 30 ml,Nutraxin,Besin Takviyeleri > Vitamin > D3 ve K2 Vitamin,542,2,t,nutraxin-vitamin-d3k2-30-ml
8693283010044,,Kuteks Sargı Bezi 15 cm,Kuteks,Sağlık Ve Medikal > Medikal & Sağlık Ürünleri > Pansuman Örtüleri,540,3,t,kuteks-sargi-bezi-15-cm
8680512627265,,Nutraxin Probiota Advanced 60 Tablet,Nutraxin,Besin Takviyeleri > Probiyotik & Prebiyotik,537,3,t,nutraxin-probiota-advanced-60-tablet
8680645530869,,NBT Life Cognilife 60 Kapsül,Nbt Life,Besin Takviyeleri,535,2,t,nbt-life-cognilife-60-kapsul
4015672114135,,Omron Mini Air 360+ Taşınabilir Nebilizatör,Omron,Anne Bebek > Bebek Bakım > Bebek Buhar Makinası,535,3,t,omron-mini-air-360-tasinabilir-mesh-nebulizator
8690998215481,,Apitera Propolisli Çocuk Spreyi 20 ml,Balparmak,Besin Takviyeleri > Takviye Edici Gıdalar > Ağız & Boğaz Spreyi,532,2,t,balparmak-apitera-plus-propolisli-cocuk-spreyi-20-ml
4015672113985,,Omron M2+ Digital Koldan Ölçer Tansiyon Aleti,Omron,Sağlık Ve Medikal > Medikal & Sağlık Ürünleri > Tansiyon Aleti,529,2,t,omron-m2-digital-koldan-olcer-tansiyon-aleti
8680287030185,,Sambucol Plus Sekersiz Takviye Edici Gida 120 ml,Sambucol,Besin Takviyeleri > Mineral > Çinko,527,2,t,sambucol-kara-murver-plus-sekersiz-120ml
8697595871775,,Efervit Defence 20 Efervesan Tablet - 2.si %50 İndirimli,Orzax,Besin Takviyeleri > Mineral > Çinko,526,3,t,ocean-efervit-defence-2x20-efervesan-tablet
8680512630357,,Nutraxin Collagen 30 Tablet,Nutraxin,Besin Takviyeleri > Kolajen > Kolajen Tip 1-3,525,3,t,nutraxin-beauty-collagen-gold-30-tablet
8680512628392,,Nutraxin Mens Multi Vitamin Complex 60 Tablet,Nutraxin,Besin Takviyeleri > Takviye Edici Gıdalar > Multivitamin,523,2,t,nutraxin-mens-multi-vitamin-complex-60-tablets
7391899857527,,Renu Advanced Lens Solüsyon 360 ml + 100 ml,RENU,Sağlık Ve Medikal,522,2,t,renu-advanced-lens-solusyonu-360-100-ml-tanisma-paketi
850069594817,,Ocean Extramag 60 Tablet,Ocean,Besin Takviyeleri > Mineral > Magnezyum,519,3,t,ocean-extramag-uclu-kombinasyon-takviye-edici-gida-60-tablet
8680512627012,,Nutraxin Zinc 15 mg 100 Tablet,Nutraxin,Besin Takviyeleri > Mineral > Çinko,516,2,t,nutraxin-zinc-15-mg-100-tablet
8680512627463,,Nutraxin Calcium Magnesium Plus Collagen B 90 Tablet,Nutraxin,Besin Takviyeleri > Kolajen,515,3,t,nutraxin-osteo-b-one-formula-kolajen-takviye-edici-gida-90-tablet
850077028496,,Ocean Methyl B12 Sprey 1000 mcg 5 ml,Ocean,Besin Takviyeleri > Vitamin > B Vitamini,515,2,t,ocean-methyl-b12-1000-mg-sprey-5-ml
8697432095616,,Nutraxin L-Carnitine 60 Kapsül,Nutraxin,Besin Takviyeleri > Takviye Edici Gıdalar > L- Karnitine,514,2,t,nutraxin-l-carnitine-700-mg-60-kapsul
8699546610044,,Bepanthol Eye Göz Damlası 10 ml,Bepanthol,Cilt Bakım > Yüz Bakımı > Göz Bakımı,512,2,t,bepanthol-eye-nemlendirici-goz-damlasi-10-ml
8680512628385,,Nutraxin Womens Multi Vitamin Complex 60 Tablet,Nutraxin,Besin Takviyeleri > Takviye Edici Gıdalar > Multivitamin,511,2,t,nutraxin-womens-multi-vitamin-complex-60-tablets
8693239212751,,Okey Rötar Prezervatif Ekonomik 20li,Okey,Kişisel Bakım > Cinsel Sağlık > Prezervatif,511,2,t,okey-rotar-20-adet
8680512614296,,Nutraxin Vitals Omega-3 + Co-Q10 60 Softgel,Nutraxin,Besin Takviyeleri > Takviye Edici Gıdalar > Koenzim Q10,510,3,t,nutraxin-omega-3-coq-10-60-kapsul
3662042001376,,Theapharma Nutrof Total 30 Kapsül,Thea Pharma,Besin Takviyeleri > Takviye Edici Gıdalar > Göz Vitamin Ve Minaralleri,509,3,t,theapharma-nutrof-total-30-kapsul
4015672111110,,Omron RS2 Bilekten Tansiyon Aleti,Omron,Sağlık Ve Medikal > Medikal & Sağlık Ürünleri > Tansiyon Aleti,507,3,t,omron-rs2-bilekten-tansiyon-aleti
8680131758692,,Venatura Beta Glukan Ekinezya Kuşburnu C Vitamini çinko 30 Kapsül,VeNatura,Besin Takviyeleri > Mineral > Çinko,506,2,t,venatura-beta-glukan-ekinezya-kusburnu-vitamin-c-ve-cinko-30-kapsul
8690712026935,,Zade Vital Çörek Otu Yağı 150 ml,Zade Vital,Besin Takviyeleri > Takviye Edici Gıdalar > Bitkisel Ürünler,506,2,t,zade-vital-corek-otu-yagi-150-ml
8680512636014,,Nutraxin Vitamin B12 Sprey 15 ml,Nutraxin,Besin Takviyeleri > Vitamin > Vitamin B12,505,2,t,nutraxin-vitamin-b12-spray-15-ml
8680512613152,,Nutraxin Vitamin D3 1000 IU 120 Tablet,Nutraxin,Besin Takviyeleri > Takviye Edici Gıdalar,505,2,t,nutraxin-vitamin-d3-1000-iu-120-tablet
4015672113978,,Omron M6 Comfort AFib,Omron,Sağlık Ve Medikal > Medikal & Sağlık Ürünleri > Tansiyon Aleti,505,3,t,omron-m6-comfort-afib
8690797105587,,Wee Baby Anne Sütü Saklama Poşeti 20li,Wee Baby,Anne Bebek > Emzirme > Süt Saklama Poşeti,505,2,t,wee-baby-anne-sutu-saklama-poseti-20li
8681227070681,,Artımed Nebulizatör Maske Seti Çocuk,Artımed,Sağlık Ve Medikal > Medikal & Sağlık Ürünleri > Nebulizatör,504,2,t,artimed-nebulizator-maske-seti-cocuk
8680434323948,,Artımed Sargı Bezi 10 cm x 150 cm,Artımed,Sağlık Ve Medikal > Medikal & Sağlık Ürünleri > Medikal Sarf Ürünleri,504,2,t,artimed-sargi-bezi-10-cm-x-150-cm
8680434324440,,Artımed İngiliz Karbonatı 100 gr,Artımed,Sağlık Ve Medikal > Medikal & Sağlık Ürünleri > Karbonat,504,2,t,artimed-ingiliz-karbonati-100-gr
8681285105691,,B-Good Elastik Sargı Bezi 10cm x 2m Tekli,B-Good,Sağlık Ve Medikal > Ortopedi Ürünleri > Sargı ve Sargı Bezi,504,2,t,b-good-elastik-sargi-bezi-10cm-x-2m-tekli
8681285105677,,"B-Good Sargı Bezi 10 cm x 1,5m",B-Good,Sağlık Ve Medikal > Ortopedi Ürünleri > Sargı ve Sargı Bezi,504,2,t,b-good-sargi-bezi-10-cm-x-15m
8699546000067,,Baygon Sinek Öldürücü 300 ml,Baygon,Ev & Yaşam,504,2,t,baygon-sinek-oldurucu-300-ml
8683249000257,,Betafix 10m x 10cm (5110),Betafix,Sağlık Ve Medikal > Medikal & Sağlık Ürünleri > Kinesioloji Bantları,504,2,t,betafix-10m-x-10cm-5110
8683249000295,,Betafix 5m x 10cm (5510),Betafix,Sağlık Ve Medikal > Medikal & Sağlık Ürünleri > Kinesioloji Bantları,504,2,t,betafix-5m-x-10cm-5510
8683249000219,,Betafix 5m x 2.5cm (5502),Betafix,Sağlık Ve Medikal > Medikal & Sağlık Ürünleri > Kinesioloji Bantları,504,2,t,betafix-5m-x-25cm-5502
8683249000226,,Betafix 5m x 5cm (5505),Betafix,Sağlık Ve Medikal > Medikal & Sağlık Ürünleri > Kinesioloji Bantları,504,2,t,betafix-5m-x-5cm-5505
8681158205473,,Chondurax Jel 75 ml,Chondurax,Sağlık Ve Medikal > Medikal & Sağlık Ürünleri > Kas Ve Eklem Sağlığı,504,2,t,chondurax-jel-krem-75-ml
8699080225209,,DS Plus Hidrofil Gazlı Bez 30cm x 80cm,DS Plus,Sağlık Ve Medikal > Gaz Kompres,504,2,t,ds-plus-hidrofil-gazli-bez-30cm-x-80cm
8699080225469,,DS Plus Sargı Bezi 10x150 cm,DS Plus,Sağlık Ve Medikal > Ortopedi Ürünleri > Sargı ve Sargı Bezi,504,2,t,ds-plus-sargi-bezi-10x150-cm
8693086100072,,Elite Kulak Tıkayıcı Çam Tipi,Elite,Kişisel Bakım > Kulak & Burun Tıkacları,504,2,t,elite-kulak-tikayici-cam-tipi
8693086100034,,Elite İpli Silikon Kulak Tıkayıcı,Elite,Kişisel Bakım > Kulak & Burun Tıkacları,504,2,t,elite-ipli-silikon-kulak-tikayici
8699080222543,,Exxe Gazlı Bez 30 cm x 80 cm (2 Parça 30x40),Exxe,Sağlık Ve Medikal > Medikal & Sağlık Ürünleri > Medikal Sarf Ürünleri,504,2,t,exxe-gazli-bez-30-cm-x-80-cm-2-parca-30x40
8699514570332,,Grintuss Pediatrik Öksürük Şurubu 128 gr,Grintuss,Besin Takviyeleri > Takviye Edici Gıdalar > Boğaz şurupları,504,2,t,grintuss-pediatrik-oksuruk-surubu-kids-128-gr
8699514570325,,Grintuss Yetişkin Öksürük Şurubu 128 gr,Grintuss,Besin Takviyeleri > Takviye Edici Gıdalar > Bitkisel Ürünler,504,2,t,grintuss-yetiskin-oksuruk-surubu-128-gr
8693283010020,,Kuteks Sargı Bezi 7 cm,Kuteks,Sağlık Ve Medikal > Medikal & Sağlık Ürünleri > Pansuman Örtüleri,504,2,t,kuteks-sargi-bezi-7-cm
8699844191955,,Ocunet 30 Tablet,Ocunet,Besin Takviyeleri > Mineral > Bakır,504,2,t,ocunet-30-tablet
8684623000535,,OFF Sinekkovar Pro Care Vücut Sprey 100 ml,Off,Ev & Yaşam > Cilt Sinek Kovucu,504,2,t,off-sinekkovar-pro-care-vucut-sprey-100-ml
8690784311663,,Raid Sinek Savar Kokusuz 300 ml,Raid,Ev & Yaşam > Sinek Kovucu,504,2,t,raid-sinek-savar-kokusuz-300-ml
8699592806026,,"Roll Elast Bandaj Ten Rengi 10 cm x 3,5m",Roll,Sağlık Ve Medikal > Ortopedi Ürünleri > Bandaj,504,2,t,roll-elast-bandaj-ten-rengi-10-cm-x-35m
8699592806002,,"Roll Elast Bandaj Ten Rengi 6cm x 3,5m",Roll,Sağlık Ve Medikal,504,2,t,roll-elast-bandaj-ten-rengi-6cm-x-35m
8699592806637,,"Roll Flex Sargı Bezi 10 cm x 1,5 m",Roll,Sağlık Ve Medikal,504,2,t,roll-flex-sargi-bezi-10-cm-x-15-m
8699592820015,,Roll Yakı,Roll,Kişisel Bakım,504,2,t,roll-yaki
33984003132,,Solgar Biotin 5000 mcg 50 Kapsül,Solgar,Besin Takviyeleri > Takviye Edici Gıdalar > Saç ve Tırnak Sağlığı,504,2,t,solgar-biotin-5000-mcg-50-kapsul
33984005204,,Solgar Calcium Magnesium Plus Zinc 100 Tablet,Solgar,Besin Takviyeleri > Mineral > Kalsiyum,504,2,t,solgar-calcium-magnesium-plus-zinc-100-tablet
33984781337,,Solgar Gentle Iron 17 mg 90 Kapsül,Solgar,Besin Takviyeleri > Mineral > Demir,504,2,t,solgar-gentle-iron-17-mg-90-kapsul
33984017108,,Solgar Magnesium Citrate 200 mg 60 Tablet,Solgar,Besin Takviyeleri > Mineral > Magnezyum,504,2,t,solgar-magnesium-citrate-200-mg-60-tablet
33984015555,,Solgar Magnesium Glycinate 60 Kapsül,Solgar,Besin Takviyeleri > Mineral > Magnezyum,504,2,t,solgar-magnesium-glycinate-60-kapsul
33984020580,,Solgar Omega-3 950 mg 100 Kapsül,Solgar,Besin Takviyeleri > Takviye Edici Gıdalar > Omega 3 & Balık Yağı,504,2,t,solgar-omega-3-950-mg-100-yumusak-jelatinli-kapsul
8690570552690,,Strepsils Herbal Zencefil Aromalı 16 Pastil,Strepsils,Besin Takviyeleri > Takviye Edici Gıdalar > Pastil,504,2,t,strepsils-herbal-zencefil-16-pastil
8699546020577,,Supradyn Koenzim Q10 15 Efervesan Tablet,Supradyn,Besin Takviyeleri > Mineral > Bakır,504,2,t,supradyn-daily-efervesan-15-tablet
8690797107215,,Süper Süzen 92 Slim 27 Adet,SÜZEN 92,Ev & Yaşam > Sigara Aksesuarları > Sigara Ağızlığı,504,2,t,super-suzen-92-slim-27-adet
8690797117634,,Süzen 92 Slender Sigara Ağızlığı 144lü Mavi,SÜZEN 92,Ev & Yaşam > Sigara Aksesuarları > Sigara Ağızlığı,504,2,t,super-suzen-92-slender-filtreli-agizli-144-adet
8681863200107,,Bestiron Plus 100 ml,Valens İlaç,Besin Takviyeleri > Mineral > Demir,504,2,t,bestiron-plus-100-ml
8683229900324,,Venatura Omega-3 1600 mg 30 Kapsül,VeNatura,Besin Takviyeleri > Takviye Edici Gıdalar > Omega 3 & Balık Yağı,504,2,t,venatura-omega-3-1600-balik-yagi-30-yumusak-kapsul
8690797103217,,Wee baby Bebek Temizleme Pamuğu 60’lı,Wee Baby,Anne Bebek > Bebek Bakım > Bebek Temizleme Pamuğu,504,2,t,wee-baby-bebek-temizleme-pamugu-60li
8683989410484,,Envu Habitro Karınca Granülü 80 gr,envu,Sağlık Ve Medikal > Haşere Kovucular İnteksitit Ürünler,504,2,t,envu-habitro-karinca-granulu-80-gr
8683989410385,,Racumin 100Gr Fare Pastası,envu,Anne Bebek > Bebek Bakım > Haşere Karşıtı Ürünler,504,2,t,racumin-100gr-fare-pastasi
8699546340057,,Bepanjel Yara İyileştirici Jel 50 gr,Bepanjel,Cilt Bakım > Vücut Bakım,503,2,t,bepanjel-yara-iyilestirici-jel-50-gr
8680512634140,,Nutraxin Vitamin C D Zinc 15 Efervesan Tablet - İkili Kofre,Nutraxin,Besin Takviyeleri > Mineral > Çinko,503,2,t,nutraxin-vitamin-c-d-zinc-15-efervesan-tablet-ikili-kofre
8690712012037,,Zade Vital çörek Otu Yağı 60 Kapsül,Zade Vital,Besin Takviyeleri > Takviye Edici Gıdalar > Bitkisel Ürünler,503,2,t,zade-vital-corek-otu-yagi-60-kapsul
8680512627098,,Nutraxin Saw Palmetto Formula 60 Tablet,Nutraxin,Besin Takviyeleri > Mineral > Selenyum,502,2,t,nutraxin-plus-saw-palmetto-formula-60-tablet
3595899728083,,Paranit Bit Sprey 100 ml,Paranit,Saç Bakım > şampuan > Bit şampuanları,502,2,t,paranit-bit-ve-sirke-spreyi-100ml
5391520949319,,Paranit Bit Şampuanı 100 ml,Paranit,Saç Bakım,502,2,t,paranit-bit-sampuani-100ml
33984032293,,Solgar Vitamin B12 1000 mcg 100 Tablet,Solgar,Besin Takviyeleri > Vitamin > B Vitamini,501,2,t,solgar-vitamin-b12-1000-mcg-100-dilalti-tablet
6942284612149,,Artımed Beden Derecesi -DMT 101,Artımed,Sağlık Ve Medikal > Medikal & Sağlık Ürünleri > Ateş Ölçer,500,1,t,artimed-beden-derecesi-dmt-101
8698846068005,,Artımed Gazlı Bez 30*80 Cm,Artımed,Sağlık Ve Medikal > Ortopedi Ürünleri > Sargı ve Sargı Bezi,500,1,t,artimed-gazli-bez-3080-cm
8680434325522,,Artımed Ovülasyon Testi 5li,Artımed,Kişisel Bakım > Cinsel Sağlık > Gebelik Testi,500,1,t,artimed-ovulasyon-testi-5li
8680434325263,,Artımed Serum Seti,Artımed,Sağlık Ve Medikal > Medikal & Sağlık Ürünleri > Medikal Sarf Ürünleri,500,1,t,artimed-serum-seti
8699546370580,,Bepanthol Derma Onarıcı Bakım Merhemi 30g,Bepanthol,Cilt Bakım > Cilt ve İhtiyaç Tipi > Kuru Cilt,500,1,t,bepanthol-derma-onarici-bakim-merhemi-30g
8699546370412,,Bepanthol Derma Onarıcı Bakım Merhemi 50 gr,Bepanthol,Cilt Bakım > Cilt ve İhtiyaç Tipi > Kuru Cilt,500,1,t,bepanthol-derma-onarici-bakim-merhemi-50-gr
8699546630004,,"Bepanthol Lipstick 4,5 gr",Bepanthol,Cilt Bakım > Yüz Bakımı > Dudak Bakımı,500,1,t,bepanthol-lipstick-45-gr
4064273120045,,Bepanthol Sensiderm Krem 20 gr,Bepanthol,Cilt Bakım > Akne Ve Sivilce Ürünleri > Akne Ve Yağlı Cilt Serumları,500,1,t,bepanthol-sensiderm-krem-20-gr
4064273150073,,Bepanthol Sensiderm Krem 50 gr,Bepanthol,Cilt Bakım > Akne Ve Sivilce Ürünleri > Akne Ve Yağlı Cilt Serumları,500,1,t,bepanthol-sensiderm-krem-50-gr
8699514600039,,Bruno Serum Fizyolojik 5 ml x 20 Flakon,Bruno,Anne Bebek > Bebek Bakım > Serum Fizyolojik Ürünleri,500,1,t,bruno-serum-fizyolojik-5-ml-x-20-flakon
8697788513574,,Chrysamed Hamam Böceği ve karınca Jeli 5 gr,Chrysamed,Sağlık Ve Medikal > Haşere Kovucular İnteksitit Ürünler,500,1,t,chrysamed-hamam-bocegi-ve-karinca-jeli-5-gr
8682102201510,,Chrysamed İnsektisit Max Sprey 500 ml,Chrysamed,Sağlık Ve Medikal > Haşere Kovucular İnteksitit Ürünler,500,1,t,chrysamed-insektisit-max-sprey-500-ml
5054563016423,,Corega Bio Diş Protezi Temizleme Tabletleri 30 Tablet,Corega,Kişisel Bakım > Diş tozu,500,1,t,corega-bio-dis-protezi-temizleme-tabletleri-30-tablet
8690605061012,,Dalin Bebek Şampuanı 700 ml,Dalin,Anne Bebek > Bebek Bakım > Bebek şampuanı,500,1,t,dalin-bebek-sampuani-700-ml
8690605073817,,Dalin Kolay Tarama Bebek Şampuanı Badem Özlü 700 ml,Dalin,Anne Bebek > Bebek Bakım > Bebek şampuanı,500,1,t,dalin-kolay-tarama-bebek-sampuani-badem-ozlu-700-ml
8690605073848,,Dalin Saç ve Vücut Şampuanı Rahat ve Mutlu 700 ml,Dalin,Anne Bebek > Bebek Bakım > Bebek şampuanı,500,1,t,dalin-sac-ve-vucut-sampuani-rahat-ve-mutlu-700-ml
8690605062057,,Dalin Vazelin Avokado Yağı 100 ml,Dalin,Sağlık Ve Medikal > Medikal & Sağlık Ürünleri > Vazelin,500,1,t,dalin-vazelin-avokado-yagi-100-ml
850077028649,,Day2Day The Collagen Beauty Intense Çilek Aromalı 30 Saşe,Day2Day,Besin Takviyeleri > Kolajen > Toz Kolajen,500,1,t,day2day-the-collagen-beauty-intense-cilek-aromali-30-sase
8693086100041,,Elite Ear Plug İpli Köpük Kulak Tıkacı,Elite,Kişisel Bakım > Kulak & Burun Tıkacları,500,2,t,elite-ear-plug-ipli-kopuk-kulak-tikaci
8938503458009,,Jellia Klasik Prezervatif 12li,Jellia,Kişisel Bakım,500,1,t,jellia-klasik-prezervatif-12li
8681715344324,,Konix El Dezenfektanı Jel 100 ml (Biyosidal Ruhsatlı),Konix,Ev & Yaşam > Temizlik Ürünleri,500,1,t,konix-el-dezenfektani-jel-100-ml-biyosidal-ruhsatli
8682162006018,,Move On Probiyotik 10 Milyar Probiyotik 30 Kapsül,Move On,Besin Takviyeleri > Probiyotik & Prebiyotik,500,1,t,move-on-probiyotik-10-milyar-probiyotik-30-kapsul
4005808369966,,Nivea Lip Stick Hydro Care SPF15 24 Saat Nem - Eski Ambalaj,Nivea,Cilt Bakım > Yüz Bakımı > Dudak Bakımı,500,1,t,nivea-lip-stick-hydro-care-spf15-24-saat-nem-eski-ambalaj
4005900468291,,Nivea Lip Stick Kiraz 24 Saat Nem,Nivea,Cilt Bakım > Yüz Bakımı > Dudak Bakımı,500,1,t,nivea-lip-stick-kiraz-24-saat-nem
4005900468352,,Nivea Lip Stick Çilek 24 Saat Nem,Nivea,Cilt Bakım > Yüz Bakımı > Dudak Bakımı,500,1,t,nivea-lip-stick-cilek-24-saat-nem
4006000216881,,Nivea Men Deodorant Deep Dimension Darkwood Sprey 150ml,Nivea,Kişisel Bakım > Parfüm & Deodorant & Kozmetik > Erkek Deodorant > Erkek Parfüm,500,1,t,nivea-men-deodorant-deep-dimension-darkwood-sprey-150ml
4006000217253,,Nivea Men Deodorant Sprey Fresh Active 150 ml,Nivea,Kişisel Bakım > Parfüm & Deodorant & Kozmetik > Erkek Deodorant > Erkek Parfüm,500,1,t,nivea-men-deodorant-sprey-fresh-active-150-ml
42495093,,Nivea Roll-On Deep Dimension For Men 50 ml,Nivea,Kişisel Bakım > Parfüm & Deodorant & Kozmetik > Erkek Deodorant > Erkek Roll-On,500,1,t,nivea-roll-on-deep-dimension-for-men-50-ml
4005900615701,,Nivea Sun Hassas Anında Koruma Güneş Koruyucu Sprey SPF50 200 ml,Nivea,Güneş Bakım > Vücut Güneş Kremleri > Vücut Güneş Spreyi,500,1,t,nivea-sun-hassas-aninda-koruma-gunes-koruyucu-sprey-spf50-200-ml
4005900253972,,Nivea Sun Çocuk SPF50+ Nemlendirici Güneş Spreyi 200 ml,Nivea,Güneş Bakım > Vücut Güneş Kremleri > Vücut Güneş Spreyi,500,1,t,nivea-sun-cocuk-spf50-nemlendirici-gunes-spreyi-200-ml
3574661592022,,O.B ProComfort Ultimate Tampon Mini 16lı,O.B. Tampon,Kişisel Bakım > Kadın Hijyeni > Tampon,500,1,t,ob-procomfort-ultimate-tampon-mini-16li
3574660234428,,O.B. Ultimate Comfort Tampon Normal 16lı,O.B. Tampon,Kişisel Bakım,500,1,t,ob-ultimate-comfort-tampon-normal-16li
850077028557,,Ocean D3K2 Damla 20 ml,Ocean,Besin Takviyeleri > Takviye Edici Gıdalar > Bağışıklık Sistemi,500,1,t,ocean-d3k2-damla-20-ml
850081345251,,Ocean Extramag 30 Tablet,Ocean,Besin Takviyeleri > Mineral > Magnezyum,500,1,t,ocean-extramag-30-tablet
8697595871003,,Ocean Plus 1200 mg 30 Kapsül,Ocean,Besin Takviyeleri > Takviye Edici Gıdalar > Omega 3 & Balık Yağı,500,1,t,ocean-plus-1200-mg-30-kapsul
8697595871423,,Ocean Vitamin D3 1000 IU Damla 50 ml,Ocean,Besin Takviyeleri > Takviye Edici Gıdalar,500,1,t,ocean-vitamin-d3-1000-iu-damla-50-ml
850077028533,,Ocean Vitamin D3 1000 IU Oral Sprey 20 ml,Ocean,Besin Takviyeleri > Takviye Edici Gıdalar,500,1,t,ocean-vitamin-d3-1000-iu-oral-sprey-20-ml
4015672112230x,,Omron M2 Basic tansiyon aleti,Omron,Sağlık Ve Medikal > Medikal & Sağlık Ürünleri > Tansiyon Aleti,500,1,t,omron-m2-basic-tansiyon-aleti
4015672113923,,Omron M7 Intelli It Afib Üst Kol Tansiyon Aleti,Omron,Sağlık Ve Medikal > Medikal & Sağlık Ürünleri > Tansiyon Aleti,500,1,t,omron-m7-intelli-it-afib-ust-kol-tansiyon-aleti
4210201378617,,Oral-B MD20 Professional Care Oxyjet Agiz Dusu,Oral-b,Kişisel Bakım > Ağız Bakım Ürünleri,500,1,t,oral-b-md20-professional-care-oxyjet-agiz-dusu
8690530261327,,Selpak Losyonlu Mendil 10lu,Selpak,Ev & Yaşam > Kolonyalı Mendiller,500,1,t,selpak-losyonlu-mendil-10lu
8699546020386,,Supradyn Koenzim Q10 30 Efervesan Tablet,Supradyn,Besin Takviyeleri > Mineral > Bakır,500,2,t,supradyn-daily-efervesan-koenzim-q10-30-tablet
3583316027505,,Symbiosis Alflorex Probiyotik 30 Kapsül,Symbiosys,Besin Takviyeleri > Probiyotik & Prebiyotik,500,1,t,symbiosis-alflorex-probiyotik-30-kapsul
8681863200015,,Bestlak Damla 50 ml,Valens İlaç,Anne Bebek > Emzirme,500,1,t,bestlak-damla-50-ml
8683229900058,,VeNatura Magnezyum (Bisglisinat+Sitrat) ve P5P (Vitamin B6) 60 Kapsül,VeNatura,Besin Takviyeleri > Mineral > Magnezyum,500,2,t,venatura-magnezyum-bisglisinatsitrat-ve-p5p-vitamin-b6-60-kapsul
3337871322595,,Vichy 24H Dry Touch Deodorant for Sensitive Skin – 50ml,Vichy,Kişisel Bakım > Parfüm & Deodorant & Kozmetik > Erkek Deodorant > Erkek Roll-On,500,1,t,vichy-24h-dry-touch-deodorant-for-sensitive-skin-50ml
8690595149059,,Vichy Roll-On Deodorant Terleme Karşıtı 50 ml,Vichy,Kişisel Bakım > Parfüm & Deodorant & Kozmetik > Erkek Deodorant > Erkek Roll-On,500,1,t,vichy-roll-on-deodorant-terleme-karsiti-50-ml
383017049737,,Microfine Plus Kalem İğnesi Embecta 0.23 mm 32G x 4 mm 100lü,Zynde,Sağlık Ve Medikal > Haşere Kovucular İnteksitit Ürünler,500,1,t,microfine-plus-kalem-ignesi-embecta-023-mm-32g-x-4-mm-100lu
8680434323863,,Artımed Sıcak Soğuk Jel Kompres 13 x 13 cm Özel Kılıflı,Artımed,Sağlık Ve Medikal > Medikal & Sağlık Ürünleri > Kas Ve Eklem Sağlığı,498,2,t,artimed-sicak-soguk-jel-kompres-13-x-13-cm-ozel-kilifli
6001159117773,,Bio-Oil Cilt Bakım Yağı 125 ml,Bio Oil,Cilt Bakım > Cilt ve İhtiyaç Tipi > Anti Age - Yaşlanma Karşıtı,498,1,t,bio-oil-cilt-bakim-yagi-125-ml
8683229900102,,Venatura 5-HTP 30 Kapsül,VeNatura,Besin Takviyeleri > Vitamin > 5-HTP,497,2,t,venatura-5-htp-takviye-edici-gida-30-kapsul
8680512634713,,Nutraxin Kids Multivitamin Mineral Şurup 150 ml,Nutraxin,Besin Takviyeleri > Mineral > Çinko,488,2,t,nutraxin-kids-multivitamin-mineral-surup-150-ml
8680645530586,,Bestiron Damla 30 ml,Valens İlaç,Anne Bebek > Bebek Bakım > Takviye Edici Damla ve şuruplar,483,2,t,bestiron-damla-30-ml
8697595872864,,Ocean 5-HTP 100 mg 30 Kapsül,Ocean,Besin Takviyeleri > Takviye Edici Gıdalar,482,3,t,ocean-5-htp-takviye-edici-gida-30-kapsul
850081345022,,Ocean Vitamin D3 Sprey 1000 IU 20 ml + 10 ml - %50 Daha Fazla,Ocean,Besin Takviyeleri > Vitamin > D3 ve K2 Vitamin,479,2,t,ocean-vitamin-d3-sprey-1000-iu-30-ml
8680434325638,,Artımed İdrar Kollektörü Erkek,Artımed,Sağlık Ve Medikal > Medikal & Sağlık Ürünleri > İdrar Torbaları,477,1,t,artimed-idrar-kollektoru-erkek
8680434325621,,Artımed İdrar Kollektörü Kız,Artımed,Sağlık Ve Medikal > Medikal & Sağlık Ürünleri > İdrar Torbaları,477,1,t,artimed-idrar-kollektoru-kiz
8682408311128,,Artımed Dijital Oda Derecesi,Artımed,Sağlık Ve Medikal > Medikal & Sağlık Ürünleri > Termometreler,476,1,t,artimed-dijital-oda-derecesi
8699592806033,,"Roll Elast Bandaj Ten Rengi 12cm x 3,5m",Roll,Sağlık Ve Medikal > Ortopedi Ürünleri > Bandaj,475,2,t,roll-elast-bandaj-ten-rengi-12cm-x-35m
8699273578723,,Green Store Umbrella Plus Omega 3-6-9 Norveç Balık Yağı 1300 mg 200 Kapsül,Mnc İlaç,Besin Takviyeleri > Takviye Edici Gıdalar > Omega 3 & Balık Yağı,470,1,t,green-store-umbrella-plus-omega-3-6-9-norvec-balik-yagi-1300-mg-200-kapsul
5000394039988,,Duracell 2032 Lityum Pil 5li - Şeker Ölçüm Cihazları İçin,Duracell,Sağlık Ve Medikal > Medikal & Sağlık Ürünleri > Pil,469,3,t,duracell-2032-lityum-pil-5li-seker-olcum-cihazlari-icin
8698995031301,,Enjoy Tavuklu Yetişkin Kedi Maması 10 kg,Enjoy,Ev & Yaşam > Pet Shop > Kedi Ürünleri,468,1,t,enjoy-tavuklu-yetiskin-kedi-mamasi-10-kg
8850956393945,,Okey Prezervatif Hisset 10lu,Okey,Kişisel Bakım > Cinsel Sağlık > Uzun Gece,468,3,t,okey-prezervatif-hisset-10lu
8697409379930,,Kuteks Elastik Sargı 10X200 Cm,Kuteks,Sağlık Ve Medikal > Ortopedi Ürünleri > Sargı ve Sargı Bezi,463,1,t,kuteks-elastik-sargi-10x200-cm
858745005190,,Vivachek Eco Strip Kan Sekeri Ölçüm Çubugu 50li,Zynde,Sağlık Ve Medikal > Haşere Kovucular İnteksitit Ürünler,463,1,t,vivachek-eco-strip-kan-sekeri-olcum-cubugu-50li
8680512633181,,Nutraxin Multivitamin Mineral Energy 60 Tablet,Nutraxin,Besin Takviyeleri > Takviye Edici Gıdalar > Bağışıklık Sistemi,461,2,t,nutraxin-multivitamin-mineral-energy-60-tablet
8682241302864,,Voonka Sambucus Nigra Propolis Complex 15 Efervesan Tablet,Voonka,Besin Takviyeleri > Takviye Edici Gıdalar > Sambucus Nigra & Karamürver,460,3,t,voonka-sambucus-nigra-propolis-complex-15-efervesan-tablet
8690797108519,,Wee Baby PP Biberon 125 ml 851,Wee Baby,Anne Bebek > Bebek Beslenme Ürünleri > Biberon,457,1,t,wee-baby-pp-biberon-125-ml-851
8680512629849,,Nutraxin Vitamin Max C + D Zinc 60 Tablet,Nutraxin,Besin Takviyeleri > Mineral > Çinko,456,3,t,nutraxin-vitamin-max-cdzinc-60-tablet
8690605074821,,Dalin Bebek Kolonyası Deniz Esintisi 150 ml,Dalin,Anne Bebek > Bebek Bakım > Bebek Kolonyası,455,1,t,dalin-bebek-kolonyasi-deniz-esintisi-150-ml
8690605065744,,Dalin Orman Esintili Bebek Kolonyası 150 ml,Dalin,Anne Bebek > Bebek Bakım > Bebek Kolonyası,454,1,t,dalin-orman-esintili-bebek-kolonyasi-150-ml
7391899856759,,Renu Advanced Çok Amaçlı Lens Solüsyonu 360 ml,RENU,Sağlık Ve Medikal,452,2,t,renu-advanced-lens-solusyonu-360-ml
8698995011662,,Trendline Somonlu Yetişkin Kedi Maması 1 kg,Trendlıne,Ev & Yaşam > Pet Shop > Kedi Ürünleri,450,1,t,trendline-somonlu-yetiskin-kedi-mamasi-1-kg
8690605055899,,Dalin Vazelin Hindistan Cevizli 100 ml,Dalin,Sağlık Ve Medikal > Medikal & Sağlık Ürünleri > Vazelin,449,1,t,dalin-vazelin-hindistan-cevizli-100-ml
8680133002595,,Krilom Omega-3 30 Yumuşak Kapsül,Tab İlaç,Besin Takviyeleri > Takviye Edici Gıdalar > Omega 3 & Balık Yağı,448,3,t,krilom-omega-3-30-yumusak-kapsul
8683229901338,,Venatura Magnezyum Sitrat 60 Kapsül,VeNatura,Besin Takviyeleri > Mineral > Magnezyum,445,2,t,venatura-magnezyum-sitrat-60-kapsul
8693086100065,,Elite İpsiz Silikon Kulak Tıkayıcı,Elite,Kişisel Bakım > Kulak & Burun Tıkacları,444,2,t,elite-ipsiz-silikon-kulak-tikayici
8698856340023,,Dermatix Ultra Jel 15 gr,Dermatix,Cilt Bakım > Vücut Bakım > Vücut Kremi,434,1,t,dermatix-ultra-jel-15-gr
8470001571434,,Heliocare Color SPF 50 Gelcream Brown 50 ml,Heliocare,Güneş Bakım > Yüz Güneş Kremi > Kuru Ciltler İçin Güneş Kremi,433,1,t,heliocare-color-spf-50-gelcream-brown-50-ml
8680133000317,,Krilom Omega-3 50 Yumuşak Kapsül,Tab İlaç,Besin Takviyeleri > Takviye Edici Gıdalar > Omega 3 & Balık Yağı,425,2,t,krilom-omega-3-astaksantin-soft-jel-50-kapsul
33984005181,,Solgar Calcium Magnesium Vitamin D3 150 Tablet,Solgar,Besin Takviyeleri > Mineral > Kalsiyum,424,2,t,solgar-calcium-magnesium-with-vitamin-d3-150-tablet
8684382901586,,Kuteks Steril Gaz Kompres Eko 7.5 x 7.5 cm (2x25) 50li,Kuteks,Sağlık Ve Medikal > Gaz Kompres,422,2,t,kuteks-steril-gaz-kompres-eko-75-x-75-cm-2x25-50li
8680434326925,,Artımed Pudra 100gr,Artımed,Ev & Yaşam > Pudra,420,1,t,artimed-pudra-100gr
8680512632153,,Nutraxin Artroflex Easy Move 30 Saşe,Nutraxin,Besin Takviyeleri > Kolajen > Kolajen Tip 1-3,418,2,t,nutraxin-artroflex-easy-move-30-sase
33984018358,,Solgar Nero Nutrients 30 Tablet,Solgar,Besin Takviyeleri > Mineral > Çinko,418,2,t,solgar-nero-nutrients-30-kapsul
8680512607649,,Nutraxin Artroflex 90 Tablet,Nutraxin,Besin Takviyeleri > Takviye Edici Gıdalar > Bromelain,416,3,t,nutraxin-artroflex-90-tablet
8690797108212,,Wee Baby Silikon Biberon Emzik No: 2 K821,Wee Baby,Anne Bebek > Bebek Beslenme Ürünleri > Biberon,411,1,t,wee-baby-silikon-biberon-emzik-no-2-k821
8680512602644,,Nutraxin COQ-10 100 mg 30 Softgel,Nutraxin,Besin Takviyeleri > Takviye Edici Gıdalar > Koenzim Q10,408,1,t,nutraxin-coq-10-100-mg-30-softgel
8682328782305,,Duratest Erken Gebelik Testi,Duratest,Kişisel Bakım > Cinsel Sağlık > Gebelik Testi,407,3,t,duratest-erken-gebelik-testi
8697595870594,,Cosakondrin Plus 60 Tablet,Ocean,Besin Takviyeleri > Kolajen > Kolajen Tip 2,399,3,t,ocean-cosakondrin-plus-60-tablet
8699293253853,,Sidefer 20 Sticks,Sidefer,Besin Takviyeleri > Mineral > Demir,397,2,t,sidefer-20-sticks
8699080225438,,DS Plus Sargı Bezi Hidrofil 10 cm x 10 m,DS Plus,Sağlık Ve Medikal > Ortopedi Ürünleri > Sargı ve Sargı Bezi,393,1,t,ds-plus-sargi-bezi-hidrofil-10-cm-x-10-m
8693239205180,,Okey Prezervatif Rötar 10lu,Okey,Kişisel Bakım > Cinsel Sağlık > Uzun Gece,393,3,t,okey-rotar-prezervatif-10-lu-paket
8690570557299,,Strepsils Ginger Zencefil 24 Pastil,Strepsils,Besin Takviyeleri > Takviye Edici Gıdalar > Pastil,393,3,t,strepsils-ginger-zencefil-24-pastil
8697595870273,,Ocean Omega 3 Balık Yağı 500 mg 60 Kapsül,Ocean,Besin Takviyeleri > Takviye Edici Gıdalar > Omega 3 & Balık Yağı,389,3,t,ocean-500-mg-saf-balik-yagi-60-kapsul
33984014480,,Solgar 5-HTP 30 Kapsül,Solgar,Besin Takviyeleri > Takviye Edici Gıdalar,389,2,t,solgar-5-htp-30-kapsul
8699546002405,,K-Othrine AL Böcek İlacı 1 lt,envu,Anne Bebek > Bebek Bakım > Haşere Karşıtı Ürünler,389,2,t,k-othrine-al-bocek-ilaci-1-lt
8699514011774,,Youplus Energy 12 Vitamin 8 Minarel Ginseng 30 Tablet,Youplus,Besin Takviyeleri > Mineral > Bakır,388,2,t,youplus-energy-30-tablet
8680434324006,,Artımed Elastik Bandaj 10x150 cm,Artımed,Sağlık Ve Medikal > Ortopedi Ürünleri > Bandaj,385,2,t,artimed-elastik-bandaj-10x150-cm
8680512634706,,Nutraxin Collagen Complex Tip 1-2-3-5-10 3120 mg 90 Tablet,Nutraxin,Besin Takviyeleri > Kolajen > Balık Kolajeni,383,2,t,nutraxin-collagen-complex-90-tablet
8690797108601,,Wee Baby Silikon Burun Aspiratörü 860,Wee Baby,Anne Bebek > Bebek Bakım > Burun Aspiratörü,383,2,t,wee-baby-silikon-burun-aspiratoru-860
8683229902229,,Venatura Alfa Lipoik Asit 600 Mg 30 Yumuşak Kapsül,VeNatura,Besin Takviyeleri > Takviye Edici Gıdalar > Alfa Lipoik Asit,381,2,t,venatura-alfa-lipoik-asit-600-mg-30-yumusak-kapsul
8001841392646,,Vicks First Defence Burun Spreyi 15 ml,Vicks,Sağlık Ve Medikal > Medikal & Sağlık Ürünleri > Burun Spreyi,376,3,t,vicks-first-defence-sprey-15ml
8680512602651,,Nutraxin Ginko Biloba 60 Tablet,Nutraxin,Besin Takviyeleri > Takviye Edici Gıdalar > Bitkisel Ürünler,375,2,t,nutraxin-ginkgo-biloba-60-kapsul
8683060770131,,Enterogermina Kids 5 ml × 20 Flakon,Enterogermina,Besin Takviyeleri,371,3,t,enterogermina-kids-2-10-yas-probiyotik-5-ml-x-20-flakon
8690712025488,,Zade Vital D3+K2 Vitamini 30 Kapsül,Zade Vital,Besin Takviyeleri > Vitamin > D3 ve K2 Vitamin,367,2,t,zade-vital-d3-k2-vitamini-30-kapsul
8682241302857,,Voonka Vitamin C 1000 mg Glutathione Complex 15 Efervesan Tablet,Voonka,Besin Takviyeleri > Vitamin > C Vitamini,366,2,t,voonka-vitamin-c-glytathione-complex-15-efervesan-tablet
33984004009,,Solgar Brewers Yeast with Vitamin B12 250 Tablet,Solgar,Besin Takviyeleri > Probiyotik & Prebiyotik,361,2,t,solgar-brewers-yeast-with-vitamin-b-12-250-tablet
7310610010652,,Salvelox Suya Dayanıklı Yara Bandı 14lü,Salvelox,Sağlık Ve Medikal > Medikal & Sağlık Ürünleri > Yara Bandı,359,2,t,salvelox-suya-dayanikli-yara-bandi-14lu
6957683732305,,B-Good Erken Gebelik Testi,B-Good,Kişisel Bakım > Cinsel Sağlık > Gebelik Testi,355,1,t,b-good-erken-gebelik-testi
8697595871959,,Ocean Selenyum 200 mcg 60 Tablet,Ocean,Besin Takviyeleri > Mineral > Selenyum,355,2,t,ocean-selenyum-200-mg-60-tablet
8690784812115,,Raid Böcek Savar Max 300 ml,Raid,Ev & Yaşam > Haşere Spreyi,355,2,t,raid-boceksavar-max-300-ml
8699680590028,,Wellcare Vitamin D3 400 IU 5 ml,Wellcare,Besin Takviyeleri > Vitamin > D3 ve K2 Vitamin,354,2,t,wellcare-vitamin-d3-400-iu-5ml
8699680590035,,Wellcare Vitamin D3 600 IU 5 ml,Wellcare,Besin Takviyeleri > Vitamin > D3 ve K2 Vitamin,354,2,t,wellcare-vitamin-d3-600-iu-5ml
8683060770070,,Enterogermina Family 5 ml x 20 Flakon,Enterogermina,Besin Takviyeleri,352,3,t,enterogermina-family-probiyotik-5-ml-x-20-flakon
8698751001142,,İmubest Pelargonium Sidoides - Afrika Sardunyası Damla 50 ml Alkolsüz,İmubest,Besin Takviyeleri > Takviye Edici Gıdalar > Ağız & Boğaz Spreyi,350,2,t,imubest-afrika-sardunyasi-damla-50ml
8698619573460,,Artımed Gaz Kompres 25li,Artımed,Sağlık Ve Medikal > Gaz Kompres,348,2,t,artimed-gaz-kompres-25li
8699009540147,,Exxe Tıbbi İpek Flaster 5 m x 2.5 cm,Exxe,Sağlık Ve Medikal > Medikal & Sağlık Ürünleri > Flaster,348,2,t,exxe-tibbi-ipek-flaster-5-m-x-25-cm
850077028519,,Ocean Vitamin D3 400 IU Oral Sprey 20 ml,Ocean,Besin Takviyeleri > Takviye Edici Gıdalar,346,1,t,ocean-vitamin-d3-400-iu-oral-sprey-20-ml
33984012653,,Solgar Taurine 500 mg 50 Kapsül,Solgar,Besin Takviyeleri > Takviye Edici Gıdalar > Amino Asitler,346,2,t,solgar-taurine-500-mg-50-bitkisel-kapsul
8850956093821,,Okey Prezervatif Nirvana 20li,Okey,Kişisel Bakım > Cinsel Sağlık > Uzun Gece,344,3,t,okey-prezervatif-nirvana-20li
8690712027703,,Zade Vital D3 + Çörek Otu Yağı Sprey 20 ml,Zade Vital,Besin Takviyeleri > Vitamin > D3 ve K2 Vitamin,342,2,t,zade-vital-d3-1000iu-sprey-20-ml
8680512602767,,Nutraxin B Complex Vitamin 60 Kapsül,Nutraxin,Besin Takviyeleri > Takviye Edici Gıdalar > Folik Asit,339,2,t,nutraxin-b-complex-vitamin-60-kapsul
8680434324051,,Artımed Elastik Bandaj 8 x 150 cm,Artımed,Sağlık Ve Medikal > Ortopedi Ürünleri > Bandaj,336,2,t,artimed-elastik-bandaj-8-x-150-cm
8699680590042,,Wellcare Vitamin D3 1000 IU 5 ml,Wellcare,Besin Takviyeleri > Vitamin > D3 ve K2 Vitamin,335,2,t,wellcare-vitamin-d3-1000-iu-5-ml
5011417592649,,Durex Play Masaj 2 in 1 Sensual Jel 200 ml,Durex,Kişisel Bakım > Cinsel Sağlık > Kayganlaştırıcı Jel,333,2,t,durex-play-masaj-2-in-1-sensual-jel-200-ml
8699680010052,,Wellcare Gaspass Plus 20 Tablet,Wellcare,Besin Takviyeleri > Takviye Edici Gıdalar > Sindirim Sistemi,333,3,t,wellcare-gaspass-plus-20-tablet
8699680570099,,Wellcare Omega 3 Fish Oil Karışık Meyve Aromalı Balık Yağı 150 ml,Wellcare,Besin Takviyeleri > Takviye Edici Gıdalar > Omega 3 & Balık Yağı,329,2,t,wellcare-omega-3-karisik-meyve-aromali-balik-yagi-150-ml
8699009540574,,Exxe Sargı Bezi 10cm x 150cm,Exxe,Sağlık Ve Medikal > Medikal & Sağlık Ürünleri > Medikal Sarf Ürünleri,328,2,t,exxe-sargi-bezi-10cm-x-150cm
8699241773815,,Alvita Kalem İğnesi 4 mm x 32 g,Zynde,Sağlık Ve Medikal > Haşere Kovucular İnteksitit Ürünler,327,1,t,alvita-kalem-ignesi-4-mm-x-32-g
8680512631835,,Nutraxin Iron Max 17 mg 30 Tablet,Nutraxin,Besin Takviyeleri > Mineral > Demir,326,2,t,nutraxin-iron-max-17-mg-30-tablet
8683655089464,,Voonka Omega 3 Daily 60 Yumuşak Kapsül,Voonka,Besin Takviyeleri > Takviye Edici Gıdalar > Omega 3 & Balık Yağı,326,3,t,voonka-omega-3-daily-1000-mg-60-yumusak-kapsul
8680434323870,,Artımed Sıcak Soğuk Jel Kompres 27cm x 35cm Özel Kılıflı,Artımed,Sağlık Ve Medikal > Medikal & Sağlık Ürünleri > Sıcak Soğuk Kompres,321,2,t,artimed-sicak-soguk-jel-kompres-27cm-x-35cm-ozel-kilifli
8681593000022,,Cerebramax 30 Kapsül,Cerebramax,Besin Takviyeleri > Takviye Edici Gıdalar > Omega 3 & Balık Yağı,319,3,t,cerebramax-30-kapsul
4006000246819,,Nivea Sun 50+SPF Bebek ve Çocuklar İçin Güneş Koruyucu Vücut Spreyi 250 ml,Nivea,Anne Bebek > Bebek Bakım > Bebek Güneş Kremi,316,1,t,nivea-sun-50spf-bebek-ve-cocuklar-icin-gunes-koruyucu-vucut-spreyi-250-ml
8683060650037,,Dulcosoft Oral Solüsyon 250 ml,Dulcosoft,Besin Takviyeleri > Takviye Edici Gıdalar > Sindirim Sistemi,315,2,t,dulcosoft-oral-solusyon-250-ml-aromasiz
8681593000046,,Cerebramax Plus Sıvı Şurup 60 ml,Cerebramax,Besin Takviyeleri > Vitamin > B Vitamini,312,3,t,cerebramax-plus-sivi-surup-60-ml
3662042002458,,Thealoz Duo Göz Damlası 10 ml,Thea Pharma,Sağlık Ve Medikal > Medikal & Sağlık Ürünleri > Göz & Burun & Kulak Damlaları,312,2,t,thealoz-duo-goz-damlasi-10-ml
33984004016,,Solgar Quercetin Complex with Ester-C Plus 50 Tablet,Solgar,Besin Takviyeleri > Takviye Edici Gıdalar > Bağışıklık Sistemi,311,2,t,solgar-quercetin-complex-50-kapsul
850081345091,,Ocean Daily One Energy 30 Tablet - 1 Alana 1 Bedava,Ocean,Besin Takviyeleri > Mineral > Bakır,309,3,t,ocean-daily-one-energy-30-tablet-1-alana-1-bedava
8680512634911,,Nutraxin 5-Htp Complex 30 Tablet,Nutraxin,Besin Takviyeleri > Mineral > Magnezyum,305,2,t,nutraxin-5-htp-complex-30-tablet
8690570544961,,Durex Play Uyarıcı Jel Intense 10 ml,Durex,Kişisel Bakım > Cinsel Sağlık > Kayganlaştırıcı Jel,302,2,t,durex-intense-uyarici-jel-10ml
7391899237121,,Biotrue Lens Solüsyonu 300 ml,Bausch Lomb,Sağlık Ve Medikal > Medikal & Sağlık Ürünleri > Lens Solüsyonları,299,2,t,biotrue-lens-solusyonu-300-ml
8699546159529,,Mirabalance Probiyotik 10 Kapsül,MiraBalance,Besin Takviyeleri > Probiyotik & Prebiyotik,299,1,t,mirabalance-probiyotik-10-kapsul
8680645530210,,NBT Life Berliv Lipozamal Berberin 60 Kapsül,Nbt Life,Besin Takviyeleri > Takviye Edici Gıdalar > Bağışıklık Sistemi,297,2,t,nbt-life-berliv-60-kapsul
8690570556254,,Veet Pure Tüy Dökücü Krem Hassas Ciltler İçin 200 ml,Veet,Cilt Bakım > Akne Ve Sivilce Ürünleri > Akne Ve Yağlı Cilt Serumları,297,1,t,veet-pure-tuy-dokucu-krem-hassas-ciltler-icin-200-ml
3337875663083,,Vichy Normaderm Phytosolution Arındırıcı Jel 400 ml,Vichy,Cilt Bakım > Cilt ve İhtiyaç Tipi > Yağlı Cilt,294,1,t,vichy-normaderm-phytosolution-arindirici-jel-400-ml
5054563015051,,Corega Diş Protez Yapıştırıcı Krem Yastık Konforu 40 gr,Corega,Kişisel Bakım > Protez Diş Yapıştırıcı,292,1,t,corega-dis-protez-yapistirici-krem-yastik-konforu-40-gr
8681285100092,,"B-Good Bez Flaster 5m x 2,5cm",B-Good,Sağlık Ve Medikal > Medikal & Sağlık Ürünleri > Flaster,290,2,t,b-good-bez-flaster-5m-x-25cm
850077028731,,Day2Day The Collagen Beauty Intense Ananas Aromalı 30 Saşe,Day2Day,Besin Takviyeleri > Kolajen > Kolajen Tip 1-3,289,2,t,day2day-the-collagen-beauty-intense-ananas-aromali-30-sase
8699546159536,,Mirabalance Probiyotik 20 Kapsül,MiraBalance,Besin Takviyeleri > Probiyotik & Prebiyotik,287,2,t,mirabalance-probiyotik-20-kapsul
8850956393938,,Okey Nirvana Hot Prezervatif 10lu,Okey,Kişisel Bakım > Cinsel Sağlık > Prezervatif,287,3,t,okey-nirvana-hot-prezervatif-10-adet
8699680150154,,Provim Daily 30 Kapsül,Wellcare,Besin Takviyeleri > Mineral > Çinko,286,2,t,wellcare-provim-daily-probiyotik-mikroorganizma-30-kapsul
7640128141358,,New Life 4 Hepa 90 Softgel Kapsül,New Life,Besin Takviyeleri > Takviye Edici Gıdalar > Bitkisel Ürünler,285,3,t,new-life-4-hepa-90-kapsul
8850956393730,,Okey Klasik Prezervatif 10lu,Okey,Kişisel Bakım > Cinsel Sağlık > Uzun Gece,284,3,t,okey-prezervatif-klasik-10lu
3337875585750,,Vichy Homme 48H Antiperspirant Deodorant Anti-Mark Roll-On 50ml,Vichy,Kişisel Bakım > Parfüm & Deodorant & Kozmetik > Erkek Deodorant > Erkek Roll-On,284,1,t,vichy-homme-48h-antiperspirant-deodorant-anti-mark-roll-on-50ml
8850956393846,,Okey Prezervatif Ultra Hisset 10lu,Okey,Kişisel Bakım > Cinsel Sağlık > Prezervatif,282,3,t,okey-ultra-hisset-10lu-prezervatif
8699245890167,,Otifleks Çam Tipi Kulak Tıkacı Large,Otifleks,Kişisel Bakım > Kulak & Burun Tıkacları,282,3,t,otifleks-cam-tipi-kulak-tikaci-l
8683229900119,,Venatura Resveratrol 30 Kapsül,VeNatura,Besin Takviyeleri > Takviye Edici Gıdalar > Resveratrol,280,2,t,venatura-resveratrol-takviye-edici-gida-30-kapsul
8683229900195,,Venatura Krom 90 Kapsül,VeNatura,Besin Takviyeleri > Mineral > Krom,279,2,t,venatura-krom-takviye-edici-gida-90-kapsul
8680131758708,,Venatura Premium Kids Omega-3 150 ml,VeNatura,Besin Takviyeleri > Takviye Edici Gıdalar > Omega 3 & Balık Yağı,279,2,t,venatura-kids-premium-omega-3-takviye-edici-gida-150-ml
8684382998081,,Fortune Fix Esnek Flaster 2.5 cm x 5 m,Fortune,Sağlık Ve Medikal > Medikal & Sağlık Ürünleri > Flaster,276,3,t,fortune-fix-esnek-flaster-25-cm-x-5-m
33984004641,,Solgar Bromelain 150 mg 60 Kapsül,Solgar,Besin Takviyeleri > Takviye Edici Gıdalar > Bağışıklık Sistemi,276,2,t,solgar-bromelain-60-kapsul
33984008663,,Solgar Chromium Picolinate 90 Kapsül,Solgar,Besin Takviyeleri > Mineral > Krom,276,2,t,solgar-chromium-picolinate-200-mcg-90-kapsul
8698758949935,,Luxor Karin Korsesi - One Size 186,Luxor,Sağlık Ve Medikal,275,1,t,luxor-karin-korsesi-one-size-186
5052197057799,,Durex Yakın Hisset Standart Fit 8li Prezervatif,Durex,Kişisel Bakım > Cinsel Sağlık > Prezervatif,271,2,t,durex-yakin-hisset-standart-fit-8-adet-prezervatif
8699546598953,,Mirabalance Probiyotik Damla 5 ml,MiraBalance,Besin Takviyeleri > Probiyotik & Prebiyotik,271,1,t,mirabalance-probiyotik-damla-5-ml
8690784311557,,Raid Sineksavar 2İn1 300Ml,Raid,Ev & Yaşam > Sinek Kovucu,271,1,t,raid-sineksavar-2in1-300ml
8699080224967,,DS Plus Fix Esnek Flaster 5 m x 10 cm,DS Plus,Sağlık Ve Medikal > Medikal & Sağlık Ürünleri > Flaster,269,2,t,ds-plus-fix-esnek-flaster-5-m-x-10-cm
8680434324044,,Artımed Elastik Bandaj 6x150 cm,Artımed,Sağlık Ve Medikal > Ortopedi Ürünleri > Bandaj,268,2,t,artimed-elastik-bandaj-6x150-cm
4005900489975,,Nivea Tıraş Jeli Men Deep Dimension 200 ml,Nivea,Kişisel Bakım > Erkek Bakım > Sakal & Traş Bakımı,268,1,t,nivea-tiras-jeli-men-deep-dimension-200-ml
86907224,,Süper Süzen 92 144 Adet Filtreli Ağızlık,SÜZEN 92,Ev & Yaşam > Sigara Aksesuarları > Sigara Ağızlığı,268,3,t,super-suzen-92-filtreli-agizlik-144-adet
8684382901111,,"Kuteks Steril Gaz Kompres 7,5 x 7,5cm (5x20) 100lü",Kuteks,Sağlık Ve Medikal > Gaz Kompres,265,3,t,kuteks-steril-gaz-kompres-75-x-75cm-5x20-100lu
8680133000461,,Urinonvef 30 Yumuşak Kapsül,Tab İlaç,Besin Takviyeleri > Takviye Edici Gıdalar > Bitkisel Ürünler,262,3,t,urinonvef-cranberry-30-kapsul
8680434325294,,Artımed Kapaklı Damlalık,Artımed,Sağlık Ve Medikal > Medikal & Sağlık Ürünleri,259,2,t,artimed-kapakli-damlalik
8699245890051,,Otifleks Kulak Tıkacı Doğal Balmumu 4lü,Otifleks,Kişisel Bakım > Kulak & Burun Tıkacları,259,1,t,otifleks-kulak-tikaci-dogal-balmumu-4lu
8681291005268,,Centrum Advance 30 Tablet,Centrum,Besin Takviyeleri > Mineral > Bakır,258,1,t,centrum-advance-30-tablet
8699245890204,,Otifleks Kulak Tıkacı Çam Tipi Klasik - Large,Otifleks,Kişisel Bakım > Kulak & Burun Tıkacları,258,1,t,otifleks-kulak-tikaci-cam-tipi-klasik-large
8697595873731,,Ocean Gummies Defence 60 Adet Çiğnenebilir Form,Ocean,Besin Takviyeleri > Mineral > Çinko,257,2,t,ocean-gummies-defence-kids-60-yumusak-tablet
8690797101633,,Wee Baby 163 Burun Aspiratörü Yedek Ucu 10lu,Wee Baby,Anne Bebek > Bebek Bakım > Burun Aspiratörü,257,1,t,wee-baby-163-burun-aspiratoru-yedek-ucu-10lu
8690605062071,,Dalin Bebek Yağı Rahat ve Mutlu 300 ml,Dalin,Anne Bebek > Bebek Bakım > Bebek Duş Yağı,256,1,t,dalin-bebek-yagi-rahat-ve-mutlu-300-ml
8699592806019,,"Roll Elast Bandaj Ten Rengi 8cm x 3,5m",Roll,Sağlık Ve Medikal > Ortopedi Ürünleri > Bandaj,256,2,t,roll-elast-bandaj-ten-rengi-8cm-x-35m
33984017207,,Solgar Magnesium with Vitamin B6 100 Tablet,Solgar,Besin Takviyeleri > Mineral > Magnezyum,255,2,t,solgar-magnesium-with-vitamin-b6-100-tablet
42240600,,Nivea Invisible For Black  White Roll-On Clear 50 ml,Nivea,Kişisel Bakım > Parfüm & Deodorant & Kozmetik > Kadın Deodorant > Kadın Roll-On,254,1,t,nivea-invisible-for-black-white-roll-on-clear-50-ml
8697432095609,,Nutraxin Chromium Picolinate 90 Kapsül,Nutraxin,Besin Takviyeleri > Mineral > Krom,254,2,t,nutraxin-chromium-picolinate-90-kapsul
42269663,,Nivea Men Creme 30 ml,Nivea,Cilt Bakım > Vücut Bakım > Vücut Kremi,250,1,t,nivea-men-creme-30-ml
5054563015044,,Corega Maksimum Güç Tutuş Ferahlığı 40 gr,Corega,Kişisel Bakım > Protez Diş Yapıştırıcı,248,1,t,corega-maksimum-guc-tutus-ferahligi-40-gr
8683229900812,,VeNatura Magnezyum Bisglisinat 30 Kapsül,VeNatura,Besin Takviyeleri > Mineral > Magnezyum,245,2,t,venatura-magnezyum-bisglisinat-30-kapsul
8681291003295,,Theranatur Bitkisel Şurup 128 gr,Theranatur,Besin Takviyeleri > Takviye Edici Gıdalar > Boğaz şurupları,243,1,t,theranatur-bitkisel-surup-128-gr
8680512631828,,Nutraxin Omega 3 Şurup Karışık Meyve Aromalı 150 ml,Nutraxin,Besin Takviyeleri > Takviye Edici Gıdalar > Bağışıklık Sistemi,242,2,t,nutraxin-omega-3-kids-surup-150-ml
8697595873557,,İmunol Portakal Aromalı 12 Pastil,Orzax,Besin Takviyeleri > Mineral > Çinko,242,3,t,ocean-imunol-portakal-aromali-pastil-12-adet
8850956393969,,Okey Prezervatif Zirve 10lu,Okey,Kişisel Bakım > Cinsel Sağlık > Prezervatif,241,3,t,okey-prezervatif-zirve-10lu
33984010512,,Solgar Ester-C Plus 1000 mg 60 Tablet,Solgar,Besin Takviyeleri > Takviye Edici Gıdalar,241,2,t,solgar-ester-c-plus-1000-mg-60-tablet
3504105037192,,Mustela Avokado Balsam 75 ml,Mustela,Anne Bebek > Bebek Bakım > Bebek Kremi,239,1,t,mustela-avokado-balsam-75-ml
8699592806835,,Roll Flex Elastik Sargı 10 cm,Roll,Sağlık Ve Medikal,239,2,t,roll-flex-elastik-sargi-10-cm
8683229901512,,Venatura Lipozomal Vitamin C 60 Kapsül,VeNatura,Besin Takviyeleri > Takviye Edici Gıdalar,239,2,t,venatura-lipozomal-vitamin-c-takviye-edici-gida-60-kapsul
8697409379947,,"Kuteks Elastik Bandaj 6 cm x 3,5 m",Kuteks,Sağlık Ve Medikal > Ortopedi Ürünleri > Bandaj,238,2,t,kuteks-elastik-bandaj-6-cm-x-35-m
8850956393952,,Okey Prezervatif Sıcak Temas 10lu,Okey,Kişisel Bakım > Cinsel Sağlık > Prezervatif,238,3,t,okey-sicak-temas-10lu
4015672114036,,Omron Nec810 Nebülizatör Ne-C810-E,Omron,Sağlık Ve Medikal > Medikal & Sağlık Ürünleri > Nebulizatör,237,2,t,omron-ne-c810-kompresorlu-nebulizator-cihazi
8699512110134,,Otacı Pastisin Ihlamur Bal 24 Adet,Otacı,Besin Takviyeleri > Takviye Edici Gıdalar > Bitkisel Ürünler,237,1,t,otaci-pastisin-ihlamur-bal-24-adet
33984010567,,Solgar Evening Primrose 1300 mg 30 Kapsül,Solgar,Besin Takviyeleri > Takviye Edici Gıdalar > Bitkisel Ürünler,237,2,t,solgar-evening-primrose-oil-1300-mg-30-kapsul
5052197058079,,Durex Gerçek Dokunuş 10lu Prezervatif,Durex,Kişisel Bakım > Cinsel Sağlık > Prezervatif,236,2,t,durex-gercek-dokunus-prezervatif-10lu
8699245890112,,Otifleks Kulak Tikaci Dus - Medium,Otifleks,Kişisel Bakım > Kulak & Burun Tıkacları,234,1,t,otifleks-kulak-tikaci-dus-medium
8690530054967,,Detan Maxi Böcek Spreyi Kokusuz 250 ml,Detan,Ev & Yaşam,232,3,t,detan-maxi-bocek-spreyi-kokusuz-250-ml
8699512110141,,Otacı Pastisin Çocuk C Vitaminli Karışık Meyveli 24 Pastil,Otacı,Besin Takviyeleri > Takviye Edici Gıdalar > Pastil,229,2,t,otaci-pastisin-vitamin-c-iceren-takviye-edici-gida-24-pastil
8683229900836,,"Venatura D3K2 Vitamin D3 1000 IU ve Vitamin K2 11,25 mcg MK-7 Takviye Edici Gıda 20 ml",VeNatura,Besin Takviyeleri > Vitamin > D Vitamini,229,2,t,venatura-d3k2-vitamin-d3-1000-iu-ve-vitamin-k2-1125-mcg-mk-7-takviye-edici-gida-20-ml
8683229901468,,VeNatura Lipozomal Berberis Vulgaris 60 Kapsül,VeNatura,Besin Takviyeleri > Takviye Edici Gıdalar > Bitkisel Ürünler,226,2,t,venatura-lipozomal-berberis-vulgaris-ekstresi-200mg-60-kapsul
8690546611970,,Tibtrap Fare Zehri Buğday Fare Kovucu (125X2)250Gr,Tibtrap,Ev & Yaşam > Haşere Spreyi,225,2,t,tibtrap-fare-zehri-bugday-fare-kovucu-125x2250gr
8697595870426,,Cosakondrin MSM 60 Tablet,Ocean,Besin Takviyeleri > Takviye Edici Gıdalar > Bitkisel Ürünler,224,3,t,ocean-cosakondrin-msm-complex-formula-60-tablet
8698846067909,,"Roll Flex Steril Gaz Kompres 7,5cm x 7,5cm 100lü",Roll,Sağlık Ve Medikal > Medikal & Sağlık Ürünleri > Medikal Sarf Ürünleri,222,3,t,roll-flex-steril-gaz-kompres-75cm-x-75cm-100lu
33984033405,,Solgar Vitamin D3 1000 IU 100 Tablet,Solgar,Besin Takviyeleri > Takviye Edici Gıdalar > Kemik Ve Eklem Sağlığı,222,2,t,solgar-vitamin-d3-1000-iu-100-yumusak-kapsul
5052197052824,,Durex Yok Ötesi Ultra Kaygan 10lu Prezervatif,Durex,Kişisel Bakım > Cinsel Sağlık > Uzun Gece,221,2,t,durex-yok-otesi-ekstra-ince-ultra-kaygan-10lu-prezervatif
8680512634812,,Nutraxin NADH  Collagen 60 Tablet,Nutraxin,Cilt Bakım > Cilt ve İhtiyaç Tipi > Cilt ve Güzellik Takviyeleri,221,2,t,nutraxin-nadh-collagen-60-tablet
8693086100010,,Elite Silikon Kulak Tıkayıcı 2li,Elite,Kişisel Bakım > Kulak & Burun Tıkacları,220,2,t,elite-silikon-kulak-tikayici-2li
8699592822637,,Roll Bant Family Yara Bandı 14lü,Roll,Sağlık Ve Medikal > Medikal & Sağlık Ürünleri > Yara Bandı,219,2,t,roll-bant-family-yara-bandi-14lu
33984011212,,Solgar Vitamin B Complex 50 mg 100 Kapsül,Solgar,Besin Takviyeleri > Takviye Edici Gıdalar > Folik Asit,219,2,t,solgar-vitamin-b-complex-50-100-bitkisel-kapsul
33984004153,,Solgar Calcium Oyster Shell 600 mg 60 Tablet,Solgar,Besin Takviyeleri > Mineral > Kalsiyum,218,2,t,solgar-calcium-oyster-shell-600-mg-60-tablet
8682241302338,,Voonka One  Only Dailymune 30 Tablet,Voonka,Besin Takviyeleri > Mineral > Çinko,218,2,t,voonka-one-only-dailymune-multivitamin-32-tablet
7640128141280,,New Life B12 Plus Methylcobalamin 30 Tablet,New Life,Besin Takviyeleri > Takviye Edici Gıdalar > Bağışıklık Sistemi,217,2,t,new-life-b12-plus-30-tablet
4006000246864,,Nivea Sun Bronzlaştırıcı Vücut Güneş Yağı SPF6 200 ml,Nivea,Güneş Bakım > Bronzlaştırıcı > After Sun Güneş Sonrası Bakım,216,1,t,nivea-sun-bronzlastirici-vucut-gunes-yagi-spf6-200-ml
8680512627029,,Nutraxin Alpha Lipoic Acid 200 mg 60 Tablet,Nutraxin,Besin Takviyeleri > Takviye Edici Gıdalar > Alfa Lipoik Asit,216,2,t,nutraxin-alpha-lipoic-acid-60-tablet
8699512008936,,Otacı Oka Mentol Diyet Pastil 16 Adet,Otacı,Besin Takviyeleri > Takviye Edici Gıdalar > Bitkisel Ürünler,216,2,t,otaci-diyet-oka-mentol-16-pastil
8690530030350,,Detan Sinekkıran Sprey 275 ml,Detan,Ev & Yaşam > Haşere Spreyi,215,3,t,detan-sinekkiran-sprey-275-ml
8699512110110,,Otacı Pastisin Zencefil Portakal 24 Adet,Otacı,Besin Takviyeleri > Takviye Edici Gıdalar > Pastil,215,2,t,otaci-pastisin-zencefil-portakal-bitkisel-pastil-24-adet
8683229900072,,Venatura Koenzim Q10 30 Yumuşak Kapsül,VeNatura,Besin Takviyeleri > Takviye Edici Gıdalar > Koenzim Q10,214,2,t,venatura-coq-10-koenzim-q10-100-mg-takviye-edici-gida-30-kapsul
8699592801045,,Roll İpek Tıbbi İpek Flaster 10cm x 5m,Roll,Sağlık Ve Medikal > Medikal & Sağlık Ürünleri > Flaster,213,3,t,roll-ipek-tibbi-ipek-flaster-10cm-x-5m
6942284611593,,Wee Baby 301 Dijital Derece,Wee Baby,Anne Bebek > Bebek Bakım > Bebek Ateş Ölçer,213,1,t,wee-baby-301-dijital-derece
8683229901383,,Venatura Lipozomal NMN 60 Kapsül,VeNatura,Besin Takviyeleri > Takviye Edici Gıdalar,212,2,t,venatura-lipozomal-nmn-60-kapsul
8698758946224,,Luxor Lumbosakral Korse - Bedensiz 188,Luxor,Sağlık Ve Medikal > Ortopedi Ürünleri > Korse,211,1,t,luxor-lumbosakral-korse-bedensiz-188
8684382998128,,Fortune Fix Esnek Flaster 10 cm x 10 m,Fortune,Sağlık Ve Medikal > Medikal & Sağlık Ürünleri > Flaster,210,3,t,fortune-fix-esnek-flaster-10-cm-x-10-m
8697409379961,,"Kuteks Elastik Bandaj 10 cm x 3,5 m",Kuteks,Sağlık Ve Medikal > Ortopedi Ürünleri > Bandaj,210,2,t,kuteks-elastik-bandaj-10-cm-x-35-m
8681285100634,,B-Good Esnek Tıbbi Flaster 10 m x 15 cm,B-Good,Sağlık Ve Medikal > Medikal & Sağlık Ürünleri > Flaster,209,2,t,b-good-esnek-tibbi-flaster-10-m-x-15-cm
8699245890044,,Otifleks Kulak Tıkacı Doğal Balmumu 2li,Otifleks,Kişisel Bakım > Kulak & Burun Tıkacları,209,1,t,otifleks-kulak-tikaci-dogal-balmumu-2li
6001159128083,,Bio-Oil Natural Cilt Bakım Yağı 60 ml,Bio Oil,Cilt Bakım > Vücut Bakım > Vücut Yağı,208,1,t,bio-oil-natural-cilt-bakim-yagi-60-ml
8680512627999,,Nutraxin Magnesium 250 mg 60 Tablet,Nutraxin,Besin Takviyeleri > Mineral > Magnezyum,208,3,t,nutraxin-magnesium-250-mg-60-tablet
8690797104832,,Wee Baby Safari Geniş Ağızlı Kulplu PP Biberon 0-6 Ay 150 ml,Wee Baby,Anne Bebek > Bebek Beslenme Ürünleri > Biberon,207,1,t,wee-baby-safari-genis-agizli-kulplu-pp-biberon-0-6-ay-150-ml
8682241302345,,Voonka One and Only HSN 30 Tablet,Voonka,Besin Takviyeleri > Kolajen,206,2,t,voonka-one-only-hsn-multivitamin-32-tablet
7640128141181,,New Life Mena K2+D3 30 Kapsül,New Life,Besin Takviyeleri > Vitamin > D3 ve K2 Vitamin,205,3,t,new-life-mena-k2d3-30-kapsul
8680133000157,,Osteozinc 30 Tablet,Tab İlaç,Besin Takviyeleri > Mineral > Kalsiyum,205,3,t,osteozinc-30-tablet
33984020276,,Solgar Efa 1300 mg Omega 3-6-9 60 Softgel,Solgar,Besin Takviyeleri > Takviye Edici Gıdalar > Omega 3 & Balık Yağı,204,2,t,solgar-efa-1300-mg-omega-3-6-9-60-yumusak-jelatinli-kapsul
8682241302260,,Voonka Sambucus Nigra Çiğneme 40 Tablet,Voonka,Besin Takviyeleri > Takviye Edici Gıdalar > Sambucus Nigra & Karamürver,202,2,t,voonka-sambucus-nigra-kara-murver-ekstresi-42-cigneme-tablet
8680512635512,,Nutraxin Biotin Forte Tablet 60lı,Nutraxin,Cilt Bakım > Cilt ve İhtiyaç Tipi > Cilt ve Güzellik Takviyeleri,201,2,t,nutraxin-biotin-forte-tablet-60li
8683229900379,,Venatura Ultra Omega 3 30 Kapsül,VeNatura,Besin Takviyeleri > Takviye Edici Gıdalar > Omega 3 & Balık Yağı,201,2,t,venatura-ultra-omega-3-takviye-edici-gida-30-kapsul
8699009540116,,Exxe Plast Tıbbi Bez Flaster 5m x 5cm,Exxe,Sağlık Ve Medikal > Medikal & Sağlık Ürünleri > Flaster,199,2,t,exxe-plast-tibbi-bez-flaster-5m-x-5cm
4005900490032,,Nivea Men Deep Dimension Tıraş Sonrası Losyon 100 ml,Nivea,Kişisel Bakım > Erkek Bakım > Sakal & Traş Bakımı,199,1,t,nivea-men-deep-dimension-tiras-sonrasi-losyon-100-ml
8697595872765,,Ocean Biotin 5000 mcg 60 Kapsül,Ocean,Besin Takviyeleri > Takviye Edici Gıdalar,199,2,t,ocean-biotin-5000mg-60-kapsul-takviye-edici-gida
8683229900164,,Venatura Metilkobalamin Odt 90 Tablet,VeNatura,Besin Takviyeleri > Vitamin > B Vitamini,199,2,t,venatura-vitamin-b12-odt-takviye-edici-gida-90-tablet
6001051003075,,Nivea Men Deep Dimension 3 ü 1 Arada Vücut Saç ve Yüz İçin Pratik Kullanım Erkek Duş Jeli 500 ml,Nivea,Kişisel Bakım > Duş & Banyo Ürünleri > Duş Jeli,198,1,t,nivea-men-deep-dimension-3-u-1-arada-vucut-sac-ve-yuz-icin-pratik-kullanim-erkek-dus-jeli-500-ml
8680133000874,,Osende 500 mg Ester C Vitamini 60 Kapsül,Osende,Besin Takviyeleri > Vitamin > C Vitamini,198,3,t,osende-vitamin-c-60-kapsul
8850956393815,,Okey Nirvana Prezervatif 10lu,Okey,Kişisel Bakım > Cinsel Sağlık > Prezervatif,197,3,t,okey-nirvana-10-adet-prezervatif
8699603800531,,Sanitabant Karışık Aile Boyu 20li,Sanitabant,Sağlık Ve Medikal > Medikal & Sağlık Ürünleri > Yara Bandı,197,1,t,sanitabant-karisik-aile-boyu-20li
8470003740098,,Salvelox Suya Dayanıklı Yara Bandı 100 cm,Salvelox,Sağlık Ve Medikal > Medikal & Sağlık Ürünleri > Yara Bandı,196,2,t,salvelox-suya-dayanikli-yara-bandi-100-cm
8690605048693,,Dalin Bebek Yağı Normal Seyahat Boyu 50 ml,Dalin,Anne Bebek > Bebek Bakım > Bebek Duş Yağı,195,1,t,dalin-bebek-yagi-normal-seyahat-boyu-50-ml
4005900490001,,Nivea Men Deep Dimension Tıraş Köpüğü 200 ml,Nivea,Kişisel Bakım > Erkek Bakım > Sakal & Traş Bakımı,195,1,t,nivea-men-deep-dimension-tiras-kopugu-200-ml
33984006287,,Solgar Zinc Picolinate 15 mg 100 Kapsül,Solgar,Besin Takviyeleri > Mineral > Çinko,195,2,t,solgar-zinc-picolinate-15-mg-100-bitkisel-kapsul
8683229900720,,Venatura Cranberry  D-Mannoz 30 Kapsul,VeNatura,Besin Takviyeleri > Takviye Edici Gıdalar > Cranberry,194,2,t,venatura-cranberry-ve-d-mannoz-takviye-edici-gida-30-yumusak-kapsul
8698758947689,,Luxor Epikondilit Bandajı - Bedensiz - 404,Luxor,Sağlık Ve Medikal > Ortopedi Ürünleri > Bandaj,192,1,t,luxor-epikondilit-bandaji-bedensiz-404
8699680570105,,Wellcare Omega 3 Uniq Doğal Portakal Balık Yağı Sıvı 150 ml,Wellcare,Besin Takviyeleri > Takviye Edici Gıdalar > Omega 3 & Balık Yağı,192,2,t,wellcare-uniq-dha-omega-3-dogal-portakal-aromali-balik-yagi-150-ml
8680512627005,,Nutraxin Selenium 100 mcg 100 Tablet,Nutraxin,Besin Takviyeleri > Mineral > Selenyum,191,3,t,nutraxin-selenium-100-tablet
7310615400557,,Salvelox Yara Bandı Finger 18li,Salvelox,Sağlık Ve Medikal > Medikal & Sağlık Ürünleri > Yara Bandı,191,2,t,salvelox-yara-bandi-finger-18li
8683655089204,,Voonka Vitamin D3 1000 IU Yetişkin Sprey 20 ml,Voonka,Besin Takviyeleri > Vitamin > D3 ve K2 Vitamin,190,2,t,voonka-vitamin-d3-1000-iu-takviye-edici-gida-sprey-20-ml
33984041653,,Solgar Gotu Kola 100 Kapsül,Solgar,Besin Takviyeleri > Takviye Edici Gıdalar > Bitkisel Ürünler,189,2,t,solgar-gotu-kola-100-kapsul
8683229900485,,Venatura B12 Metilkobalamin 30 Tablet,VeNatura,Besin Takviyeleri,188,2,t,venatura-metilkobalamin-odt-takviye-edici-gida-30-tablet
8683229901277,,Venatura Magnezyum Malat Takviye Edici Gıda 60 Kapsül,VeNatura,Besin Takviyeleri > Mineral > Magnezyum,187,2,t,venatura-magnezyum-malat-100mg-60-kapsul-takviye-edici-gida
8683229900478,,Venatura Vitamin B12 MA Metilkobalamin ve Adenozilkobalamin 30 Tablet,VeNatura,Besin Takviyeleri > Takviye Edici Gıdalar,187,2,t,venatura-vitamin-b12-ma-30-tablet
8683229900201,,Venatura Selenyum 90 Tablet,VeNatura,Besin Takviyeleri > Mineral > Selenyum,185,2,t,venatura-selenyum-90-tablet
8699009540499,,Exxe Sıcak Soğuk Jel Kompres 13 x 13 cm,Exxe,Sağlık Ve Medikal,184,2,t,exxe-sicak-soguk-jel-kompres-13-x-13-cm
4006000094618,,Nivea Luminous Leke Karşıtı CC Krem Orta Ton 40 ml,Nivea,Cilt Bakım > Akne Ve Sivilce Ürünleri > Akne Ve Yağlı Cilt Serumları,184,1,t,nivea-luminous-leke-karsiti-cc-krem-orta-ton-40-ml
8684382998104,,Fortune Fix Esnek Flaster 10 cm x 5 m,Fortune,Sağlık Ve Medikal > Medikal & Sağlık Ürünleri > Flaster,183,3,t,fortune-fix-esnek-flaster-10-cm-x-5-m
3337875578486,,La Roche Posay Toleriane Sensitive 40 ml,La Roche Posay,Anne Bebek > Bebek Bakım > Nemlendirici Kremler,183,1,t,la-roche-posay-toleriane-sensitive-40-ml
8697595871492,,Ocean Vitamin D3 600 IU Oral Sprey 20 ml,Ocean,Besin Takviyeleri > Takviye Edici Gıdalar,182,2,t,ocean-vitamin-d3-600-iu-sprey-20ml
86907187,,Süper Süzen 92 30 Adet,SÜZEN 92,Ev & Yaşam > Sigara Aksesuarları > Sigara Ağızlığı,182,1,t,super-suzen-92-30-adet
850084388132,,Ocean Mummy 60 Kapsül,Ocean,Besin Takviyeleri > Mineral > Bakır,181,1,t,ocean-mummy-60-kapsul
8690797117627,,Süper Süzen 92 Slender Filtre Ağızlık 30 lu,SÜZEN 92,Ev & Yaşam > Sigara Aksesuarları > Sigara Ağızlığı,181,2,t,super-suzen-92-filtreli-agizlik-30-adet
8683229900751,,Venatura B-Trio ODT Metilkobalamin Metil Folat ve Vitamin B6 30 Tablet,VeNatura,Besin Takviyeleri > Vitamin > B Vitamini,181,2,t,venatura-b-trio-odt-metilkobalamin-metil-folat-ve-vitamin-b6-30-tablet
8697595872918,,Ocean Passiflora Şurup 150 ml,Ocean,Besin Takviyeleri > Takviye Edici Gıdalar > Bitkisel Ürünler,180,2,t,ocean-passiflora-150-ml
7310610020354,,Salvelox My Little Pony Çocuk Yara Bandı 20li,Salvelox,Sağlık Ve Medikal > Medikal & Sağlık Ürünleri > Yara Bandı,180,2,t,salvelox-my-little-pony-cocuk-yara-bandi-20li
33984020573,,Solgar Omega-3 950 mg 50 Kapsül,Solgar,Besin Takviyeleri > Takviye Edici Gıdalar > Omega 3 & Balık Yağı,180,2,t,solgar-omega-3-950-mg-50-yumusak-kapsul
8699080225490,,DS Plus Sargı Bezi Elastik 8 cm x 2 m,DS Plus,Sağlık Ve Medikal > Ortopedi Ürünleri > Sargı ve Sargı Bezi,179,2,t,ds-plus-sargi-bezi-elastik-8-cm-x-2-m
8699609730016,,Mentolin Inhaler Burun Tüpü,Poblex,Sağlık Ve Medikal > Medikal & Sağlık Ürünleri > Burun Spreyi,179,2,t,mentolin-inhaler-burun-tupu-1ml
8690712026263,,Zade Vital Multivitamin 30 Kapsül,Zade Vital,Besin Takviyeleri > Mineral > Demir,179,2,t,zade-vital-multivitamin-takviye-edici-gida-30-bitkisel-kapsul
8699592806620,,Roll Flex Sargı Bezi 7 cm,Roll,Sağlık Ve Medikal > Medikal & Sağlık Ürünleri > Medikal Sarf Ürünleri,178,2,t,roll-flex-sargi-bezi-7-cm
8690797108816,,Wee 881 Saplı Çıtçıt Tırnak Makası,Wee Baby,Kişisel Bakım > El & Ayak Bakımı > Tırnak Makası,178,1,t,wee-881-sapli-citcit-tirnak-makasi
5052197060980,,Durex Prezervatif Slim Fit Uyum 10lu,Durex,Kişisel Bakım > Cinsel Sağlık > Prezervatif,176,2,t,durex-prezervatif-slim-fit-uyum-10lu
8680287030697,,Naturopathico Pro-Probiotic Gummies 30 Adet,Naturopathico,Besin Takviyeleri > Probiyotik & Prebiyotik,176,2,t,pro-probiotic-gummies-30-adet
8690784121309,,Raid Electrolikit Yedek 45 Gece 27 ml,Raid,Ev & Yaşam > Sinek Kovucu,175,2,t,raid-electro-likit-yedek-sise
8690570557176,,Veet Men Tüy Dökücü Krem Seti 100 ml + 50 ml,Veet,Kişisel Bakım > Ağda & Epilasyon > Tüy Dökücü,175,1,t,veet-men-tuy-dokucu-krem-seti-100-ml-50-ml
8680645530852,,NBT Life Enzymlife Gold 60 Tablet,Nbt Life,Besin Takviyeleri,174,2,t,nbt-life-enzymlife-gold-60-kapsul
8699592802028,,"Roll Med Tıbbi Nonwoven Kağıt Flaster 2,5cm x 5m",Roll,Sağlık Ve Medikal > Medikal & Sağlık Ürünleri > Flaster,174,3,t,roll-med-tibbi-nonwoven-kagit-flaster-25cm-x-5m
4006000098814,,Nivea Lip Cheek Caring Pınk,Nivea,Cilt Bakım > Yüz Bakımı > Dudak Bakımı,172,1,t,nivea-lip-cheek-caring-pink
8690712500015,,Zade Vital Vitamin C 20 Efervesan Tablet,Zade Vital,Besin Takviyeleri > Vitamin > C Vitamini,172,2,t,zade-vital-vitamin-c-20-efervesan-tablet
8697595874103,,Ocean Gummies Iron Extra 17 mg 60 Çiğnenebilir Jel,Ocean,Besin Takviyeleri > Mineral > Demir,171,1,t,ocean-gummies-iron-extra-17-mg-60-cignenebilir-jel
8697595872840,,Ocean Microfer Şurup 250 ml,Ocean,Anne Bebek > Bebek Bakım > Takviye Edici Damla ve şuruplar,171,2,t,ocean-microfer-250-ml
8680645530272,,NBT Life Methyllife 60 Kapsül,Nbt Life,Besin Takviyeleri > Mineral > Çinko,170,2,t,nbt-life-methyllife-60-kapsul
8681291340574,,Centrum Energy Performance 30 Tablet,Centrum,Besin Takviyeleri > Mineral,169,2,t,centrum-energy-30-tablet
8697409379954,,"Kuteks Elastik Bandaj 8 cm x 3,5 m",Kuteks,Sağlık Ve Medikal > Ortopedi Ürünleri > Bandaj,169,3,t,kuteks-elastik-bandaj-8-cm-x-35-m
8681285103130,,B-Good Esnek Yara Bandı 20li,B-Good,Sağlık Ve Medikal > Medikal & Sağlık Ürünleri > Yara Bandı,168,2,t,b-good-esnek-yara-bandi-20li
8690998216020,,Balparmak Apitera Propolis Bitkisel 30 Kapsül,Balparmak,Besin Takviyeleri > Takviye Edici Gıdalar > Propolis & Arı Sütü,167,2,t,balparmak-apitera-propolis-bitkisel-30-kapsul
8680645530388,,NBT Life Duobalance Pre 60 Saşe,Nbt Life,Besin Takviyeleri > Probiyotik & Prebiyotik,167,2,t,nbt-life-duobalance-pre-60-sase
8680133001499,,Lectus Metilkobalamin Dilaltı Sprey 10 ml,Lectus,Besin Takviyeleri > Vitamin > Vitamin B12,165,3,t,lectus-b12-1000mg-10-ml
33984015456,,Solgar Cellular Energy 14 Bitkisel Kapsül,Solgar,Besin Takviyeleri > Takviye Edici Gıdalar,165,2,t,solgar-cellular-energy-14-bitkisel-kapsul
8850029043364,,Nivea Super10 Serum Etkili Vücut Losyonu SPF15 170 ml,Nivea,Cilt Bakım > Vücut Bakım > Vücut Losyonu,164,1,t,nivea-super10-serum-etkili-vucut-losyonu-spf15-170-ml
33984011205,,Solgar Vitamin B Complex 50 mg 50 Kapsül,Solgar,Besin Takviyeleri > Takviye Edici Gıdalar > Folik Asit,164,2,t,solgar-vitamin-b-complex-50-50-kapsul
33984032095,,Solgar Vitamin B-12 500 mg 50 Kapsül,Solgar,Besin Takviyeleri > Vitamin > B Vitamini,164,2,t,solgar-vitamin-b12-500-mcg-50-kapsul
8699680570082,,Wellcare Omega 3 Doğal Mandalina Balık Yağı Sıvı 150 ml,Wellcare,Besin Takviyeleri > Takviye Edici Gıdalar > Omega 3 & Balık Yağı,164,2,t,wellcare-omega-3-dogal-mandalina-aromali-balik-yagi-150-ml
8850029036564,,Nivea Super10 Glow Perfection Vücut Losyonu 170 ml,Nivea,Cilt Bakım > Vücut Bakım > Vücut Kremi,163,1,t,nivea-super10-glow-perfection-vucut-losyonu-170-ml
8690784814331,,Raid Electro Likit Makina 27ml,Raid,Ev & Yaşam > Sinek Kovucu,163,2,t,raid-electro-likit-makina-27ml
42429241,,Nivea Women Black  White Invisible Clear Stick Deodorant 50 ml,Nivea,Kişisel Bakım > Parfüm & Deodorant & Kozmetik > Kadın Deodorant > Kadın Parfüm,162,1,t,nivea-women-black-white-invisible-clear-stick-deodorant-50-ml
8697595872376,,Ocean Methyl Balance 30 Kapsül,Ocean,Besin Takviyeleri > Mineral > Çinko,161,2,t,ocean-methyl-balance-takviye-edici-gida-30-kapsul
8470003686969,,Salvelox Yara Bandı Tekstil 20li,Salvelox,Sağlık Ve Medikal > Medikal & Sağlık Ürünleri > Yara Bandı,161,2,t,salvelox-yara-bandi-tekstil-20li
8680287030109,,Sambucol Kids Likit 120 ml,Sambucol,Besin Takviyeleri > Takviye Edici Gıdalar > Sambucus Nigra & Karamürver,161,2,t,sambucol-kids-kara-murver-ozutu-likit-surup-120-ml
4006000176895,,Nivea Men Erkek Sprey Deodorant Derma Control Defend 150 ml,Nivea,Kişisel Bakım > Parfüm & Deodorant & Kozmetik > Erkek Deodorant,160,1,t,nivea-men-erkek-sprey-deodorant-derma-control-defend-150-ml
8680512628613,,Nutraxin Biotin 5000 mg 30 Tablet,Nutraxin,Saç Bakım > Saç Bakım Ürünleri & Saç Vitaminleri > Saç Vitamini,159,2,t,nutraxin-biotin-5000-mcg-30-tablet
8699245890150,,Otifleks Kulak Tıkacı çam Tipi - Medium,Otifleks,Kişisel Bakım > Kulak & Burun Tıkacları,159,3,t,otifleks-cam-tipi-kulak-tikaci-m
8683060590029,,Enterogermina Minies Comfort Probiyotik Damla 8 ml,Enterogermina,Anne Bebek > Bebek Bakım > Takviye Edici Damla ve şuruplar,158,3,t,enterogermina-minies-comfort-probiyotik-damla-8-ml
850081345374,,Ocean Extramag Threog 200 mg Tablet 60lı,Ocean,Besin Takviyeleri > Mineral > Magnezyum,158,1,t,ocean-extramag-threog-200-mg-tablet-60li
7391899856322,,Renu Multiplus Lens Solüsyonu 100 ml,RENU,Sağlık Ve Medikal,158,2,t,renu-multiplus-lens-solusyonu-100-ml
33984025516,,Solgar Selenium 100 Tablet,Solgar,Besin Takviyeleri > Mineral > Selenyum,158,2,t,solgar-selenium-100-mcg-100-tablet
8690797104849,,Wee Baby Safari Kulplu Pp Biberon 250ml Karma Renk,Wee Baby,Anne Bebek > Bebek Beslenme Ürünleri > Biberon,158,1,t,wee-baby-safari-kulplu-pp-biberon-250ml-karma-renk
8690712017025,,Zade Vital Zeytinyagli Kudret Nari 20 ml x 8 Cam Kavanoz,Zade Vital,Besin Takviyeleri > Takviye Edici Gıdalar > Bitkisel Ürünler,158,3,t,zade-vital-zeytinyagli-kudret-nari-20-ml-x-8-cam-kavanoz
8681285103079,,B-Good Renkli Yarabandı,B-Good,Sağlık Ve Medikal > Medikal & Sağlık Ürünleri > Yara Bandı,156,2,t,b-good-renkli-yarabandi
42360698,,Nivea Sun Bebekler İçin Hassas Koruma SPF50+ Güneş Koruyucu Roll-On 50 ml,Nivea,Anne Bebek > Bebek Bakım > Bebek Güneş Kremi,156,1,t,nivea-sun-bebekler-icin-hassas-koruma-spf50-gunes-koruyucu-roll-on-50-ml
8690797101626,,Wee Baby 162 Burun Aspiratörü,Wee Baby,Anne Bebek > Bebek Bakım > Burun Aspiratörü,156,2,t,wee-baby-162-burun-aspiratoru
8680131757671,,Venatura Çinko Asetat 30 Pastil,VeNatura,Besin Takviyeleri > Mineral > Çinko,155,1,t,venatura-cinko-asetat-30-pastil
8680512607809,,Nutraxin Ultra Men 60 Tablet,Nutraxin,Besin Takviyeleri > Mineral > Demir,154,2,t,nutraxin-ultra-men-60tablet
8680434324037,,Artımed Elastik Bandaj 20x150 cm,Artımed,Sağlık Ve Medikal > Ortopedi Ürünleri > Bandaj,153,2,t,artimed-elastik-bandaj-20x150-cm
8683249000004,,"Betaplast Tıbbi Bez Flaster 5 m x 1,25 cm",Betasan,Sağlık Ve Medikal > Medikal & Sağlık Ürünleri > Flaster,153,1,t,betaplast-tibbi-bez-flaster-5-m-x-125-cm
42429227,,Nivea Men Silver Protect Stick Deodorant 50 ml,Nivea,Kişisel Bakım > Parfüm & Deodorant & Kozmetik > Erkek Deodorant > Erkek Roll-On,153,1,t,nivea-men-silver-protect-stick-deodorant-50-ml
6953395545202,,Kuteks Film Yara Pedi Tekli 10cm x 35cm,Kuteks,Sağlık Ve Medikal > Ortopedi Ürünleri > Sargı ve Sargı Bezi > Yara Örtüsü,151,1,t,kuteks-film-yara-pedi-tekli-10cm-x-35cm
8680512625735,,Nutraxin Milk Thistle 60 Tablet,Nutraxin,Besin Takviyeleri > Takviye Edici Gıdalar > Bitkisel Ürünler,151,2,t,nutraxin-milk-thistle-200-mg-60-tablet
8033737620007,,Aftamed Oral Gel 10 ml,Aftamed,Kişisel Bakım > Ağız Bakım Ürünleri,150,2,t,aftamed-oral-gel-10-ml
8680434324013,,Artımed Elastik Bandaj 12x150 cm,Artımed,Sağlık Ve Medikal > Ortopedi Ürünleri > Bandaj,150,2,t,artimed-elastik-bandaj-12x150-cm
8680713008252,,Poblex Çam Tipi Kulak Tıkacı - Medium,Poblex,Kişisel Bakım > Kulak & Burun Tıkacları,150,2,t,poblex-cam-tipi-kulak-tikaci-m
8683229900218,,Venatura Çörekotu Yağı 1000 mg 60 Yumuşak Kapsül,VeNatura,Besin Takviyeleri > Takviye Edici Gıdalar > Bitkisel Ürünler,149,2,t,venatura-corek-otu-yagi-takviye-edici-gida-60-yumusak-kapsul
6926365540989,,B-Good Hidrokoloid Topuk Bandı 5li,B-Good,Sağlık Ve Medikal > Ortopedi Ürünleri > Topukluk,148,2,t,b-good-hidrokoloid-topuk-bandi-5li
8690742310707,,Canped Emici Külot Large 30lu,Canped,Sağlık Ve Medikal > Medikal & Sağlık Ürünleri > Hasta Bezi,148,1,t,canped-emici-kulot-large-30lu
3337875545778,,La Roche Posay Toleriane Caring Wash 400 ml - Nemlendirici Temizleyici Jel,La Roche Posay,Cilt Bakım > Akne Ve Sivilce Ürünleri > Akne Ve Yağlı Cilt Serumları,148,1,t,la-roche-posay-toleriane-caring-wash-400-ml-nemlendirici-temizleyici-jel
8697595872277,,Efervit Defence 20 Efervesan Tablet,Ocean,Besin Takviyeleri > Mineral > Çinko,148,3,t,ocean-efervit-defence-20-efervesan-tablet
8699680590073,,Wellcare Vitamin D3 Intense 1000 IU 12 ml,Wellcare,Besin Takviyeleri > Vitamin > D3 ve K2 Vitamin,148,2,t,wellcare-vitamin-d3-intense-1000-iu-12-ml
8683249002497,,"Betalast Süper Elastik Bandaj 6 cm x 3,5 m",Betasan,Sağlık Ve Medikal > Ortopedi Ürünleri > Bandaj,147,1,t,betalast-super-elastik-bandaj-6-cm-x-35-m
8683249001025,,Sanitabant Yara Bandı 10x30 Adet,Sanita,Sağlık Ve Medikal > Medikal & Sağlık Ürünleri > Yara Bandı,147,2,t,sanitabant-yara-bandi-10x30-adet
8690530030381,,Detan Karınca ve Böcekte Öldürücü Etki Köpük Kokusuz Köpük 275 ml,Detan,Ev & Yaşam,146,3,t,detan-karinca-ve-bocekte-oldurucu-etki-kopuk-kokusuz-kopuk-275-ml
8693283060056,,Kuteks Bandaj 15 cm,Kuteks,Sağlık Ve Medikal > Ortopedi Ürünleri > Bandaj,146,3,t,kuteks-bandaj-15-cm
8699546997527,,Miralax 10 Saşe,MiraBalance,Besin Takviyeleri > Takviye Edici Gıdalar > Sindirim Sistemi,146,2,t,miralax-oral-solusyon-10-sase
8680434325577,,Artımed İngiliz Karbonatı 5 gr x 20,Artımed,Sağlık Ve Medikal > Medikal & Sağlık Ürünleri > Karbonat,145,2,t,artimed-ingiliz-karbonati-5-gr-x-20
8681030030773,,Fortune İlaç Hap Ezici,Fortune,Sağlık Ve Medikal > Medikal & Sağlık Ürünleri > İlaç Kutuları & Hap Takip Ürünleri,145,1,t,fortune-ilac-hap-ezici
4006000176338,,Deo Nıvea Byn Derma Konfor 150 ml,Nivea,Kişisel Bakım > Parfüm & Deodorant & Kozmetik > Kadın Deodorant,145,1,t,deo-nivea-byn-derma-konfor-150-ml
8683229900126,,Venatura Berberis Vulgaris 60 Kapsül,VeNatura,Besin Takviyeleri > Takviye Edici Gıdalar > Bitkisel Ürünler,144,2,t,venatura-berberis-vulgaris-takviye-edici-gida-60-kapsul
8683229901031,,Venatura Biotin 5000 mcg 90 Tablet,VeNatura,Besin Takviyeleri > Takviye Edici Gıdalar > Saç ve Tırnak Sağlığı,144,2,t,venatura-biotin-5000mcg-90-tablet
8690797104443,,Wee Baby 444 Elektrikli Göğüs Pompası Tekli,Wee Baby,Anne Bebek > Emzirme > Göğüs Pompası,144,1,t,wee-baby-444-elektrikli-gogus-pompasi-tekli
8690797105624,,Bebsi Süt Saklama Poşeti 10 Adet,Bebsi,Anne Bebek > Emzirme > Süt Saklama Poşeti,143,1,t,bebsi-sut-saklama-poseti-10-adet
8680133002861,,Magnimore Plus 90 Tablet,Magnimore,Besin Takviyeleri > Mineral > Magnezyum,142,3,t,magnimore-plus-90-tablet
8697595870754,,Ocean Fish Oil Tutti Frutti Karisik Meyve Aromali Surup 150 ml,Ocean,Besin Takviyeleri > Takviye Edici Gıdalar > Omega 3 & Balık Yağı,142,3,t,ocean-balik-yagi-surubu-150ml-karisik-meyve-aromali
4103040905529,,"Sebamed Intim Menopoz Sonrası PH 6,8 200 ml",Sebamed,Kişisel Bakım > Kadın Hijyeni > Genital Bölge Temizliği,142,2,t,sebamed-intim-menapoz-ph-68-yikama-jeli-200-ml
8680525628242,,Kuteks Sıcak Soğuk Termojel 22x32 cm,Kuteks,Sağlık Ve Medikal > Medikal & Sağlık Ürünleri > Sıcak Soğuk Kompres,141,3,t,kuteks-sicak-soguk-termojel-22x32-cm
8680133001000,,Magnimore B6 SM 30 Saşe,Magnimore,Besin Takviyeleri > Mineral > Magnezyum,141,3,t,magnimore-b6-sm-takviye-edici-gida-30-sase
8699546258277,,Mirabalance Kids 12 Şase,MiraBalance,Besin Takviyeleri > Mineral > Magnezyum,141,2,t,mirabalance-kids-probiyotik-12-sase
8680512627616,,Nutraxin A-Oxi Formula 60 Tablet,Nutraxin,Cilt Bakım > Cilt ve İhtiyaç Tipi > Cilt ve Güzellik Takviyeleri,141,2,t,nutraxin-a-oxi-formula-glutathioneresveratrol-60-tablet
8699080225179,,"Ds Plus Steril Gaz Kompres 7,5x7,5 cm 25li",DS Plus,Sağlık Ve Medikal > Gaz Kompres,140,1,t,ds-plus-steril-gaz-kompres-75x75-cm-25li
4006000094588,,Nivea Luminous Koyu Leke Karşıtı CC Krem Açık Ton 40 ml,Nivea,Cilt Bakım > Cilt ve İhtiyaç Tipi > Cilt Bakım Setleri,140,1,t,nivea-luminous-koyu-leke-karsiti-cc-krem-acik-ton-40-ml
33984040236,,Solgar Saw Palmetto Berries 100 Kapsül,Solgar,Besin Takviyeleri > Takviye Edici Gıdalar > Bitkisel Ürünler,140,2,t,solgar-saw-palmetto-berries-100-kapsul
8699592806613,,"Roll Flex Sargı Bezi 5 cm x 1,5 m",Roll,Sağlık Ve Medikal > Medikal & Sağlık Ürünleri > Medikal Sarf Ürünleri,139,2,t,roll-flex-sargi-bezi-5-cm-x-15-m
8680133003578,,Cognimore 1000 mg Sitikolin 30 Tablet,Tab İlaç,Besin Takviyeleri > Vitamin > Vitamin B12,139,3,t,cognimore-1000-mg-sitikolin-30-tablet
8690797102432,,Bebsi 243 Klasik PP Biberon 125 ml,Bebsi,Anne Bebek > Bebek Beslenme Ürünleri > Biberon,138,1,t,bebsi-243-klasik-pp-biberon-125-ml
8699592805869,,Roll Bant Protect Plus 10 Adet,Roll,Sağlık Ve Medikal > Medikal & Sağlık Ürünleri > Yara Bandı,138,2,t,roll-bant-protect-plus-10-adet
8680645530081,,NBT Life Magsi P5P Vitamin B6 90 Kapsül,Nbt Life,Besin Takviyeleri > Mineral > Magnezyum,137,2,t,nbt-life-magsip5p-90-kapsul
8699592802530,,Roll Trans 5cm x 5m,Roll,Sağlık Ve Medikal > Medikal & Sağlık Ürünleri > Flaster,137,3,t,roll-trans-5cm-x-5m
8699080225568,,DS Plus Yarabandı Ekonomik 5li,DS Plus,Sağlık Ve Medikal > Medikal & Sağlık Ürünleri > Yara Bandı,136,2,t,ds-plus-yarabandi-ekonomik-5li
8699592800055,,Roll Plast Flaster 5cm x 5m,Roll,Sağlık Ve Medikal > Medikal & Sağlık Ürünleri > Flaster,136,3,t,roll-plast-flaster-5cm-x-5m
5206892100278,,Sinomarin E.N.T. Deniz Suyu Burun Spreyi 200 ml,Sinomarin,Sağlık Ve Medikal > Medikal & Sağlık Ürünleri > Burun Spreyi,136,2,t,sinomarin-ent-deniz-suyu-spreyi-200-ml
7391899847344,,Renu Multiplus Lens Solüsyonu 360 ml,RENU,Sağlık Ve Medikal,135,2,t,renu-multiplus-lens-solusyonu-360-ml
8699278480038,,Solante Irrita Soin Solaire Losyon SPF50 150 ml,Solante,Güneş Bakım > Vücut Güneş Kremleri > Vücut Güneş Losyonu,135,1,t,solante-irrita-soin-solaire-losyon-spf50-150-ml
8690712026331,,Zade Vital Biotin Forte 30 Yumuşak Kapsül,Zade Vital,Besin Takviyeleri > Vitamin > Biotin,134,2,t,zade-vital-biotin-forte-b7-isirgan-tohum-yagi-30-kapsul
5052197052794,,Durex Yok Ötesi Ekstra İnce Ekstra His 10lu Prezervatif,Durex,Kişisel Bakım > Cinsel Sağlık > Prezervatif,133,2,t,durex-yok-otesi-ekstra-ince-ekstra-his-10lu-prezervatif
8699664900263,,Exxe Optik Yapışkanlı Oval Göz Pedi Yetişkin 10lu,Exxe,Sağlık Ve Medikal > Medikal & Sağlık Ürünleri > Göz Pedi,133,2,t,exxe-optik-yapiskanli-oval-goz-pedi-yetiskin-10lu
33984013186,,Solgar Glucosamine Chondroitin MSM 60 Tablet,Solgar,Besin Takviyeleri > Takviye Edici Gıdalar > Bitkisel Ürünler,133,2,t,solgar-glucosamine-chondroitin-msm-60-tablet
33984012547,,Solgar L-Glutamine 1000 mg 60 Tablet,Solgar,Besin Takviyeleri > Takviye Edici Gıdalar > Amino Asitler,133,2,t,solgar-l-glutamine-1000-mg-60-tablet
8699009540505,,Exxe Sıcak Soğuk Jel Kompres  13 x 27cm,Exxe,Sağlık Ve Medikal,132,2,t,exxe-sicak-soguk-jel-kompres-kilifsiz-13-x-27cm
8699680020013,,Wellcare Immune 15 Efervesan Tablet,Wellcare,Besin Takviyeleri > Mineral > Çinko,132,3,t,wellcare-immune-15-efervesan-tablet
8699708190117,,Magnesium Diasporal Direkt Granül 20 Poşet,Assos İlaç,Besin Takviyeleri > Mineral > Magnezyum,131,3,t,magnesium-diasporal-direkt-20-poset-granul
8699664900294,,Exxe Optik Yapışkanlı Oval Göz Pedi Yetişkin 5li,Exxe,Sağlık Ve Medikal > Medikal & Sağlık Ürünleri > Göz Pedi,131,2,t,exxe-optik-yapiskanli-oval-goz-pedi-yetiskin-5li
8680645531125,,NBT Life Berliv Lipozomal Berberin 30 Kapsül,Nbt Life,Besin Takviyeleri > Takviye Edici Gıdalar > Bağışıklık Sistemi,131,2,t,nbt-life-berliv-lipozomal-berberin-30-kapsul
4006000114620,,Nivea Cellular Luminous 630 Leke Karşıtı Gece Kremi 50 ml,Nivea,Cilt Bakım > Cilt ve İhtiyaç Tipi > Kuru Cilt,131,1,t,nivea-cellular-luminous-630-leke-karsiti-gece-kremi-50-ml
8683229900096,,Venatura Glisin 150 gr,VeNatura,Besin Takviyeleri > Takviye Edici Gıdalar > Amino Asitler,131,2,t,venatura-glisin-takviye-edici-gida-150-gr
4005808745241,,Nivea BB Krem Hepsi Bir Arada Nemlendirici Açık Ton 50 ml,Nivea,Cilt Bakım > Cilt ve İhtiyaç Tipi > Karma Cilt,130,1,t,nivea-bb-krem-hepsi-bir-arada-nemlendirici-acik-ton-50-ml
8680807008434,,Voonka Vitamin B Complex 60 Tablet,Voonka,Besin Takviyeleri > Takviye Edici Gıdalar > Folik Asit,130,2,t,voonka-vitamin-b-complex-62-tablet
4015672111172,,Omron RS7 Bilekten Tansiyon Aleti,Omron,Sağlık Ve Medikal > Medikal & Sağlık Ürünleri > Tansiyon Aleti,129,3,t,omron-rs7-bilekten-tansiyon-aleti
8680434325744,,Artımed Klasik Cımbız,Artımed,Kişisel Bakım > El & Ayak Bakımı > Cımbızlar,128,1,t,artimed-klasik-cimbiz
8684408000040,,Elipse Kulak Tıkacı 4lü Silikon,Elipse,Kişisel Bakım > Kulak & Burun Tıkacları,128,3,t,elipse-kulak-tikaci-4lu-silikon
8680645530593,,NBT Life Omegalife 1200 30 Kapsül,Nbt Life,Besin Takviyeleri > Takviye Edici Gıdalar > Omega 3 & Balık Yağı,128,2,t,nbt-life-omegalife-1200mg-30-kapsul
8680645531026,,Nbt Life Benfolife 60 Kapsül,Nbt Life,Besin Takviyeleri > Vitamin > B Vitamini,128,2,t,nbt-life-benfolife-60-kapsul
8699512110059,,Otacı Adaçayı Pastil 16 Adet,Otacı,Besin Takviyeleri > Takviye Edici Gıdalar > Bitkisel Ürünler,128,1,t,otaci-adacayi-pastil-16-adet
5052197057911,,Durex Prezervatif Klasik İnce 10lu,Durex,Kişisel Bakım > Cinsel Sağlık > Prezervatif,127,2,t,durex-klasik-ince-prezervatif-10-adet
8690530001336,,Selpak Mendil Sade 10lu,Selpak,Ev & Yaşam > Selpak & Peçete,127,1,t,selpak-mendil-sade-10lu
8683229900300,,Venatura Alfa Lipoik Asit 200 mg 90 Kapsül,VeNatura,Besin Takviyeleri > Takviye Edici Gıdalar > Alfa Lipoik Asit,127,2,t,venatura-alfa-lipoik-asit-200-mg-90-kapsul
8683655089525,,Voonka Saw Palmetto 60 Tablet,Voonka,Besin Takviyeleri > Mineral > Selenyum,127,2,t,voonka-saw-palmetto-60-tablet
8697595872949,,Ocean Yeşil Çay Ekstresi 60 Kapsül,Ocean,Besin Takviyeleri > Bitki Çayı,126,2,t,ocean-green-tea-takviye-edici-gida-60-kapsul
33984039711,,Solgar Milk Thistle 100 mg 50 Kapsül,Solgar,Besin Takviyeleri > Takviye Edici Gıdalar > Bitkisel Ürünler,126,2,t,solgar-milk-thistle-50-kapsul
8680807008199,,Voonka Omega 7 Kır İğdesi Yağı 500 mg 30 Yumuşak Kapsül,Voonka,Besin Takviyeleri > Takviye Edici Gıdalar > Bitkisel Ürünler,126,2,t,voonka-omega-7-kir-igdesi-yagi-30-kapsul
8690797103224,,Bebsi 322 Silikon Burun Aspiratörü,Bebsi,Anne Bebek > Bebek Bakım > Burun Aspiratörü,125,1,t,bebsi-322-silikon-burun-aspiratoru
8690605088705,,Dalin Peri Masalı Bebek Kolonyası 150 ml,Dalin,Anne Bebek > Bebek Bakım > Bebek Kolonyası,125,1,t,dalin-peri-masali-bebek-kolonyasi-150-ml
5052197059786,,Durex Yok Ötesi Prezervatif Slim Fit 10lu,Durex,Kişisel Bakım > Cinsel Sağlık > Prezervatif,125,2,t,durex-yok-otesi-slim-fit-prezervatif-10-adet
8699789004235,,Tendoflex 60 Tablet,Mega Farma,Besin Takviyeleri > Kolajen > Kolajen Tip 1-3,125,3,t,tendoflex-60-tablet
4006000131702,,Nivea Sun 2 in 1 Primer SPF50 Serum 30 ml,Nivea,Cilt Bakım > Cilt ve İhtiyaç Tipi > Nemlendirme,125,1,t,nivea-sun-2-in-1-primer-spf50-serum-30-ml
8680512635789,,Nutraxin Artroflex Plus Collagen 90 Tablet,Nutraxin,Besin Takviyeleri > Kolajen > Kolajen Tip 1-3,124,2,t,nutraxin-artroflex-plus-collagen-90-tablet
8699245890440,,Otifleks Ayarlı Burun Klipsi,Otifleks,Kişisel Bakım > Kulak & Burun Tıkacları,124,2,t,otifleks-ayarli-burun-klipsi
8699245890129,,Otifleks Kulak Tıkacı Duş - Large,Otifleks,Kişisel Bakım > Kulak & Burun Tıkacları,124,1,t,otifleks-kulak-tikaci-dus-large
8683249002503,,"Betalast Süper Elastik Bandaj 8 cm x 3,5 m",Betasan,Sağlık Ve Medikal > Ortopedi Ürünleri > Bandaj,123,1,t,betalast-super-elastik-bandaj-8-cm-x-35-m
8699009540512,,Exxe Sıcak Soğuk Jel Kompres Kılıflı 13 x 27cm,Exxe,Sağlık Ve Medikal,123,2,t,exxe-sicak-soguk-jel-kompres-kilifli-13-x-27cm
4006000061351,,Nivea Roll-On Deep Beat Aktif Karbon Erkek 50 ml,Nivea,Kişisel Bakım > Parfüm & Deodorant & Kozmetik > Erkek Deodorant > Erkek Roll-On,123,1,t,nivea-roll-on-deep-beat-aktif-karbon-erkek-50-ml
8680512626992,,Nutraxin Folic Acid 400 mcg 100 Tablet,Nutraxin,Besin Takviyeleri > Takviye Edici Gıdalar > Folik Asit,123,2,t,nutraxin-folic-acid-100-tablet
8680512628217,,Nutraxin Vitals Omega-3 Ultra 2500 mg 30 Softgel,Nutraxin,Besin Takviyeleri > Takviye Edici Gıdalar > Omega 3 & Balık Yağı,123,3,t,nutraxin-omega-3-ultra-2500-mg-30-yumusak-kapsul
8690797102449,,Bebsi Pp Biberon 250ml 0-6 Karma Renk,Bebsi,Anne Bebek > Bebek Beslenme Ürünleri > Biberon,122,1,t,bebsi-pp-biberon-250ml-0-6-karma-renk
8699664602044,,Exxe Seffaf Film Yara Örtüsü 10x25 cm - Tekli,Exxe,Sağlık Ve Medikal > Medikal & Sağlık Ürünleri > Pansuman Örtüleri,122,2,t,exxe-seffaf-film-yara-ortusu-10x25-cm-tekli
8699592810238,,Kurmed Fix Flaster 5cm x 5m,Kurmed,Sağlık Ve Medikal > Medikal & Sağlık Ürünleri > Flaster,122,2,t,kurmed-fix-flaster-5cm-x-5m
4005808406029,,Nivea Duş Jeli Creme Soft Kremsi Dokunuş 750 ml,Nivea,Kişisel Bakım > Duş & Banyo Ürünleri > Duş Jeli,121,1,t,nivea-dus-jeli-creme-soft-kremsi-dokunus-750-ml
8699080224974,,DS Plus Fix Esnek Flaster 10 m x 10 cm,DS Plus,Sağlık Ve Medikal > Medikal & Sağlık Ürünleri > Flaster,120,2,t,ds-plus-fix-esnek-flaster-10-m-x-10-cm
8680133001482,,Lectus Metilkobalamin B12 Dilaltı Sprey 20 ml,Lectus,Besin Takviyeleri > Vitamin > Vitamin B12,120,3,t,lectus-b12-1000mg-20-ml
42439509,,Nivea Derma Control Clinical Stick Deodorant 50 ml,Nivea,Kişisel Bakım > Parfüm & Deodorant & Kozmetik > Kadın Deodorant > Kadın Parfüm,120,1,t,nivea-derma-control-clinical-stick-deodorant-50-ml
4005800098833,,Nivea Q10 Energy Sıkılaştırıcı Vücut Sütü 400 ml,Nivea,Cilt Bakım > Cilt ve İhtiyaç Tipi > Gözenek Sıkılaştırıcı,120,1,t,nivea-q10-energy-sikilastirici-vucut-sutu-400-ml
8699245890181,,Otifleks Kulak Tıkacı Çam Tipi Klasik - Small,Otifleks,Kişisel Bakım > Kulak & Burun Tıkacları,120,1,t,otifleks-kulak-tikaci-cam-tipi-klasik-small
8681166207933,,China Oel Çin Yağı 5 ml,China Oel,Besin Takviyeleri > Yağlar,119,1,t,china-oel-cin-yagi-5-ml
8680133002694,,Cognimore 60 Kapsül,Tab İlaç,Besin Takviyeleri > Takviye Edici Gıdalar > L-Teanin,119,3,t,cognimore-60-kapsul
8683229900614,,Venatura Biotin 5000 mcg 30 Tablet,VeNatura,Besin Takviyeleri > Takviye Edici Gıdalar > Saç ve Tırnak Sağlığı,119,2,t,venatura-biotin-5000-mcg-takviye-edici-gida-30-tablet
8699680510101,,Wellcare Vitamin B12 500 mcg Dil Altı Sprey 5 ml,Wellcare,Besin Takviyeleri > Takviye Edici Gıdalar > Bitkisel Ürünler,119,2,t,wellcare-vitamin-b12-500mcg-5-ml-62-puff
8683249001100,,Sanitabant Standart Yara Bandı 20 Adet,Sanitabant,Sağlık Ve Medikal > Medikal & Sağlık Ürünleri > Yara Bandı,118,1,t,sanitabant-standart-yara-bandi-20-adet
33984041394,,Solgar Rhodiola Root 60 Kapsül,Solgar,Besin Takviyeleri > Takviye Edici Gıdalar > Bitkisel Ürünler,118,2,t,solgar-rhodiola-root-extract-60-bitkisel-kapsul
8680133000768,,Omepa DK2 Omega 3  Vitamin D  MENAQ7 100 Yumuşak Kapsül,Tab İlaç,Besin Takviyeleri > Takviye Edici Gıdalar > Omega 3 & Balık Yağı,118,3,t,omepa-dk2-omega-3-vitamin-d-ve-mk-7-100-kapsul
8683229900584,,Venatura Çinko 15 mg 60 Kapsül,VeNatura,Besin Takviyeleri > Mineral > Çinko,118,2,t,venatura-cinko-takviye-edici-gida-60-kapsul
8690797109066,,Wee Baby Kulak Çubuğu 200 Adet,Wee Baby,Kişisel Bakım > Duş & Banyo Ürünleri > Kulak Çubuğu,118,1,t,wee-baby-kulak-cubugu-200-adet
7640128140849,,New Life EFA-Pop 30 Kapsül,New Life,Besin Takviyeleri,117,3,t,new-life-efa-pop-30-kapsul-cignenebilir-balik-yagi
850081345237,,Ocean Cogniven 30+6 Kapsül - %20 Daha Fazla Etiketli,Ocean,Besin Takviyeleri > Vitamin > B Vitamini,117,3,t,ocean-cogniven-36-kapsul
8699592800048,,"Roll Plast Tıbbi Flaster 2,5 cm x 5 m",Roll,Sağlık Ve Medikal > Medikal & Sağlık Ürünleri > Flaster,117,2,t,roll-plast-tibbi-flaster-25-cm-x-5-m
5052197057706,,Durex Klasik Prezervatif 10lu,Durex,Kişisel Bakım > Cinsel Sağlık,116,3,t,durex-klasik-prezervatif-10-adet
8681030030766,,Fortune İlaç Tablet Kesici,Fortune,Sağlık Ve Medikal > Medikal & Sağlık Ürünleri > İlaç Kutuları & Hap Takip Ürünleri,116,1,t,fortune-ilac-tablet-kesici
8697595877951,,Naturalnest Magnezyum Plus 90 Tablet,NaturalNest,Besin Takviyeleri > Mineral > Magnezyum,116,1,t,naturalnest-magnezyum-plus-90-tablet
8680645530715,,Nbt Life D3K2 1000 IU Damla 20 ml,Nbt Life,Besin Takviyeleri > Takviye Edici Gıdalar > Bağışıklık Sistemi,116,2,t,nbt-life-d3k2-damla-20-ml
8680807008359,,Voonka Vitamin D 90 Yumuşak Kapsül,Voonka,Besin Takviyeleri > Takviye Edici Gıdalar,115,2,t,voonka-vitamin-d-iceren-takviye-edici-gida-90-kapsul
8682241302871,,Voonka Vitamin D3+K2 Damla 25 ml,Voonka,Besin Takviyeleri > Vitamin > D3 ve K2 Vitamin,115,2,t,voonka-vitamin-d3k2-damla-25-ml
8680434325379,,Artımed Bone 25li,Artımed,Sağlık Ve Medikal > Medikal & Sağlık Ürünleri > Saç Bonesi,114,1,t,artimed-bone-25li
5052197058598,,Durex Prezervatif Extreme 10lu,Durex,Kişisel Bakım > Cinsel Sağlık > Prezervatif,114,2,t,durex-extreme-prezervatif-10lu
8699009540093,,"Exxe Plast Tıbbi Bez Flaster 5 m x 1,25 cm",Exxe,Sağlık Ve Medikal > Medikal & Sağlık Ürünleri > Flaster,114,2,t,exxe-plast-tibbi-bez-flaster-5-m-x-125-cm
8680133000515,,Krilom Qh 30 Yumusak Kapsul,Tab İlaç,Besin Takviyeleri > Takviye Edici Gıdalar > Koenzim Q10,114,3,t,krilom-qh-30-kapsul
8680807008762,,Voonka Magnesium Citrate 200 mg 60 Kapsül,Voonka,Besin Takviyeleri > Mineral > Magnezyum,114,2,t,voonka-magnesium-citrate-60-kapsul
8699009540123,,Exxe Plast Tıbbi Bez Flaster 5 m x 10 cm,Exxe,Sağlık Ve Medikal > Medikal & Sağlık Ürünleri > Flaster,113,2,t,exxe-plast-tibbi-bez-flaster-5-m-x-10-cm
8697432095593,,Nutraxin Bromelain 60 Kapsül,Nutraxin,Besin Takviyeleri > Takviye Edici Gıdalar > Bağışıklık Sistemi,113,2,t,nutraxin-bromelain-60-kapsul
8683249001148,,Sanitabant Esnek Yara Bandı 12li,Sanitabant,Sağlık Ve Medikal > Medikal & Sağlık Ürünleri > Yara Bandı,113,1,t,sanitabant-esnek-yara-bandi-12li
8680131757930,,Venatura Sambu-C Karamürver Vitamin C ve Çinko İçerikli Solüsyon 150 ml,VeNatura,Besin Takviyeleri > Mineral > Çinko,113,2,t,venatura-sambu-c-kara-murver-ekstresi-takviye-edici-gida-150-ml
8680807008519,,Voonka Milk Thistle 60 Kapsül,Voonka,Besin Takviyeleri > Takviye Edici Gıdalar > Bitkisel Ürünler,113,2,t,voonka-milk-thistle-complex-62-kapsul
5052197058024,,Durex Intense Prezervatif 10lu,Durex,Kişisel Bakım > Cinsel Sağlık > Prezervatif,112,2,t,durex-intense-prezervatif-10-adet
8681030030759,,Fortune Günlük İlaç Kutusu,Fortune,Sağlık Ve Medikal > Medikal & Sağlık Ürünleri > İlaç Kutuları & Hap Takip Ürünleri,112,1,t,fortune-gunluk-ilac-kutusu
7640128140955,,New Life EFA One 45 Softgel,New Life,Besin Takviyeleri > Takviye Edici Gıdalar > Omega 3 & Balık Yağı,112,3,t,new-life-efa-one-1200-mg-45-kapsul
8680512600084,,Nutraxin Vitamin C 500 mg 30 Çiğneme Tablet,Nutraxin,Besin Takviyeleri > Vitamin > C Vitamini,112,3,t,nutraxin-vitamin-c-500-mg-30-cigneme-tableti
8693283010013,,Kuteks Sargı Bezi 5 cm,Kuteks,Sağlık Ve Medikal > Medikal & Sağlık Ürünleri > Pansuman Örtüleri,111,2,t,kuteks-sargi-bezi-5-cm
4005900871824,,Nivea Men Roll-On Cool Kick Fresh 50 ml,Nivea,Kişisel Bakım > Parfüm & Deodorant & Kozmetik > Erkek Deodorant > Erkek Roll-On,111,1,t,nivea-men-roll-on-cool-kick-fresh-50-ml
8680133000911,,Magnimore Plus 30 Tablet,Magnimore,Besin Takviyeleri > Mineral > Magnezyum,110,3,t,magnimore-plus-30-tablet
8680645531118,,Nbt Life Saflife 30 Kapsül,Nbt Life,Besin Takviyeleri > Takviye Edici Gıdalar > Bitkisel Ürünler,110,2,t,nbt-life-saflife-30-kapsul
4006000252261,,Nivea Black White Authentic Kadın Stick Deodorant 50 ml,Nivea,Kişisel Bakım > Parfüm & Deodorant & Kozmetik > Kadın Deodorant > Kadın Roll-On,110,1,t,nivea-black-white-authentic-kadin-stick-deodorant-50-ml
8850956094026,,Okey Prezervatif Nirvana Hot 20li,Okey,Kişisel Bakım > Cinsel Sağlık > Prezervatif,110,3,t,okey-nirvana-hot-20-adet
3337875805025,,Vichy Homme Clinical Control Roll On 96H 50ml,Vichy,Kişisel Bakım > Parfüm & Deodorant & Kozmetik > Erkek Deodorant > Erkek Roll-On,110,1,t,vichy-homme-clinical-control-roll-on-96h-50ml
8699080228149,,DS PLUS ŞEFFAF SU GEÇİRMEZ PU YARA ÖRTÜSÜ 9CM X 10 CM 10 ADETLİ 1 PAKET,DS Plus,Sağlık Ve Medikal > Ortopedi Ürünleri > Sargı ve Sargı Bezi > Yara Örtüsü,109,1,t,ds-plus-seffaf-su-gecirmez-pu-yara-ortusu-9cm-x-10-cm-10-adetli-1-paket
7640128141198,,New Life Mena K2+D3 60 Kapsül,New Life,Besin Takviyeleri > Vitamin > D3 ve K2 Vitamin,109,3,t,new-life-mena-k2d3-60-kapsul
8683229600736,,Viaxi Glide Kayganlaştırıcı Jel Çikolotalı,Viaxi,Kişisel Bakım > Cinsel Sağlık > Kayganlaştırıcı Jel,109,2,t,viaxi-glide-kayganlastirici-jel-cikolatali-aromali-100-ml
8682241302253,,Voonka B12 Metilkobalamın Sprey  Damla 20 ml,Voonka,Besin Takviyeleri > Vitamin > Vitamin B12,109,2,t,voonka-vitamin-b12-metilkobalamin-sprey-damla-20-ml
8699664602068,,Exxe Şeffaf Film Yara Örtüsü 10x35 cm Tekli,Exxe,Sağlık Ve Medikal > Medikal & Sağlık Ürünleri > Pansuman Örtüleri,108,2,t,exxe-seffaf-film-yara-ortusu-10x35-cm-tekli
8682022100016,,Luxor 181 Posturex Korse - One Size,Luxor,Sağlık Ve Medikal > Ortopedi Ürünleri > Korse,108,1,t,luxor-181-posturex-korse-one-size
4006000252322,,Nivea Black White Authentic Kadın Sprey Deodorant 150 ml,Nivea,Kişisel Bakım > Parfüm & Deodorant & Kozmetik > Kadın Deodorant > Kadın Roll-On,108,1,t,nivea-black-white-authentic-kadin-sprey-deodorant-150-ml
4006000184258,,Nivea Cellular Epigenetics Rejuvenating Yaşlanma Karşıtı Cilt Serumu Dolgunlaştırıcı Hyaluronik Asit 30 ml,Nivea,Cilt Bakım > Cilt ve İhtiyaç Tipi > Anti Age - Yaşlanma Karşıtı,108,1,t,nivea-cellular-epigenetics-rejuvenating-yaslanma-karsiti-cilt-serumu-dolgunlastirici-hyaluronik-asit-30-ml
4006000176802,,Nivea Kadın Roll-on Deodorant Derma Control Natural Tone 50ml,Nivea,Kişisel Bakım > Parfüm & Deodorant & Kozmetik > Kadın Deodorant > Kadın Roll-On,108,1,t,nivea-kadin-roll-on-deodorant-derma-control-natural-tone-50ml
8690570555639,,Veet Professional Ağda Bandı Normal 12li,Veet,Kişisel Bakım,108,1,t,veet-professional-agda-bandi-normal-12li
8690712018435,,Zade Vital Iron Fe 30 Kapsül,Zade Vital,Besin Takviyeleri > Mineral > Demir,108,2,t,zade-vital-demir-ve-probiyotik-takviye-edici-gida-30-kapsul
5052197059809,,Durex Yok Ötesi xLarge 10lu,Durex,Kişisel Bakım > Cinsel Sağlık > Prezervatif,107,2,t,durex-yok-otesi-xl-prezervatif-10-adet
4006000252209,,Nivea Men Black White Epic Night Erkek Stick Deodorant 50 ml,Nivea,Kişisel Bakım > Parfüm & Deodorant & Kozmetik > Erkek Deodorant > Erkek Roll-On,107,1,t,nivea-men-black-white-epic-night-erkek-stick-deodorant-50-ml
8697595870761,,Ocean Omega 3 Portakallı Balık Yağı Şurubu 150 ml,Ocean,Besin Takviyeleri > Takviye Edici Gıdalar > Omega 3 & Balık Yağı,107,3,t,ocean-orange-portakal-aromali-balik-yagi-surup-150ml
33984032750,,Solgar Vitamin C 1000 mg 90 Tablet,Solgar,Besin Takviyeleri > Vitamin > C Vitamini,107,2,t,solgar-vitamin-c-1000-mg-90-tablet
8693283060391,,Alvita Süper Elastik Bandaj 6x150 cm,Alvita,Sağlık Ve Medikal > Ortopedi Ürünleri > Bandaj,106,2,t,alvita-super-elastik-bandaj-6x150-cm
8680434326567,,Artımed Gliserin Damlalıklı 35 gr,Artımed,Cilt Bakım > Cilt ve İhtiyaç Tipi > Anti Age - Yaşlanma Karşıtı,106,1,t,artimed-gliserin-damlalikli-35-gr
4006000237879,,Nivea Sun SPF50 Hassas Yatıştıran Nemlendirici Yüz Güneş Kremi 40 ml,Nivea,Cilt Bakım > Cilt ve İhtiyaç Tipi > Nemlendirme,106,1,t,nivea-sun-spf50-hassas-yatistiran-nemlendirici-yuz-gunes-kremi-40-ml
8680512634966,,Nutraxin Collagen Complex 1 2 3 5 10 Collagen Tip Aromasız Toz 330 gr,Nutraxin,Besin Takviyeleri > Kolajen > Kolajen Tip 1-3,106,2,t,nutraxin-collagen-complex-powder-330-gr
8697595870945,,Ocean Vitamin Mineral VM Şurup Portakal Konsantreli 150 ml,Ocean,Besin Takviyeleri > Mineral > Manganez,106,2,t,ocean-vm-vitamin-mineral-surup-portakal-aromali-150-ml
7391899856957,,Renu Advanced Çok Amaçlı Lens Solüsyonu 100 ml,RENU,Sağlık Ve Medikal,106,2,t,renu-advanced-lens-solusyonu-100-ml
33984009523,,Solgar Coenzyme Q-10 100 mg 60 Softgel,Solgar,Besin Takviyeleri > Takviye Edici Gıdalar > Koenzim Q10,106,2,t,solgar-coenzyme-q-10-100-mg-60-kapsul
8680434324167,,Artımed Dörtlü Silikon Kulak Koruyucu,Artımed,Sağlık Ve Medikal > Medikal & Sağlık Ürünleri > Göz & Burun & Kulak Damlaları,105,2,t,artimed-dortlu-silikon-kulak-koruyucu
8680645530982,,NBT Life Cleanlife 60 Kapsül,Nbt Life,Besin Takviyeleri > Takviye Edici Gıdalar > Bitkisel Ürünler,105,2,t,nbt-life-cleanlife-60-kapsul
4006000176864,,Nivea Men Erkek Roll-On Deodorant Derma Control Defend 50 ml,Nivea,Kişisel Bakım > Parfüm & Deodorant & Kozmetik > Erkek Deodorant > Erkek Roll-On,105,1,t,nivea-men-erkek-roll-on-deodorant-derma-control-defend-50-ml
8684623000542,,OFF Sinekkovar Okaliptüs Vücut Losyonu 100 ml,Off,Ev & Yaşam > Cilt Sinek Kovucu,105,3,t,off-sinekkovar-okaliptus-vucut-losyonu-100-ml
4015672110342,,Omron Duobaby NE-C301-E Nazal Aspiratör Kompresörlü Nebulizatör,Omron,Anne Bebek > Bebek Bakım > Bebek Buhar Makinası,105,3,t,omron-duobaby-ne-c301-e-nazal-aspirator-kompresorlu-nebulizator
8680133002663,,Magnimore All Day 30 Tablet,Magnimore,Besin Takviyeleri > Mineral > Magnezyum,104,3,t,magnimore-all-day-30-tablet
3504105045616,,"Mustela Nourishing Stick with Cold Cream 9,2 gr",Mustela,Anne Bebek > Bebek Bakım > Bebek Kremi,104,1,t,mustela-nourishing-stick-with-cold-cream-92-gr
8680645530913,,NBT Life Cognilife 30 Kapsül,Nbt Life,Besin Takviyeleri,104,2,t,nbt-life-cognilife-30-kapsul
8699080224943,,"DS Plus Fix Esnek Flaster 5 m x 2,5 cm",DS Plus,Sağlık Ve Medikal > Medikal & Sağlık Ürünleri > Flaster,103,2,t,ds-plus-fix-esnek-flaster-5-m-x-25-cm
8690530071858,,Detan Karıncakıran Kokusuz 325 ml,Detan,Sağlık Ve Medikal > Haşere Kovucular İnteksitit Ürünler,103,1,t,detan-karincakiran-kokusuz-325-ml
8680645530302,,Nbt Life Lifeguard 30 Kapsül,Nbt Life,Besin Takviyeleri > Mineral > Bakır,103,2,t,nbt-life-lifeguard-30-kapsul
8699680510118,,Wellcare Vitamin D3 400 IU 30 ml,Wellcare,Besin Takviyeleri > Vitamin > D3 ve K2 Vitamin,103,2,t,wellcare-vitamin-d3-400-iu-30ml
8682511022034,,Kuteks El Bilek Ateli Neopren - Başparmak Destekli Çift Taraflı,Kuteks,Sağlık Ve Medikal > Ortopedi Ürünleri > Bileklik,102,1,t,kuteks-el-bilek-ateli-neopren-basparmak-destekli-cift-tarafli
4006000176680,,Nivea Derma Control Defend Stick 50 ml,Nivea,Kişisel Bakım > Parfüm & Deodorant & Kozmetik > Kadın Deodorant > Kadın Roll-On,102,1,t,nivea-derma-control-defend-stick-50-ml
8684441140598,,Nuvite C Vitaminli Çikolata Aromalı 300 gr,Nuvite,Besin Takviyeleri > Vitamin > C Vitamini,102,1,t,nuvite-c-vitaminli-cikolata-aromali-300-gr
4015672111073,,Omron C101 Kompresörlü Nebulizatör,Omron,Anne Bebek > Bebek Bakım > Bebek Buhar Makinası,102,2,t,omron-ne-c101-e-kompresorlu-nebulizator
33984016804,,Solgar L-Lysine 500 mg 50 Kapsül,Solgar,Besin Takviyeleri > Takviye Edici Gıdalar > Amino Asitler,102,2,t,solgar-l-lysine-500-mg-50-kapsul
8690712027697,,Zade Vital Propomix Sprey 20 ml,Zade Vital,Besin Takviyeleri > Takviye Edici Gıdalar > Propolis & Arı Sütü,102,2,t,zade-vital-propomix-sprey-20-ml
8680434324020,,Artımed Elastik Bandaj 15x150 cm,Artımed,Sağlık Ve Medikal > Ortopedi Ürünleri > Bandaj,101,2,t,artimed-elastik-bandaj-15x150-cm
8680434326192,,Artımed Triflo Solunum Egzersiz Cihazı,Artımed,Sağlık Ve Medikal > Medikal & Sağlık Ürünleri > Solunum Destek Ürünleri,101,2,t,artimed-triflo-solunum-egzersiz-cihazi
6971066426384,,B-Good Mini Nebulizatör Cihazı,B-Good,Sağlık Ve Medikal > Medikal & Sağlık Ürünleri > Nebulizatör,101,2,t,b-good-mini-nebulizator-cihazi
8680133002649,,Debin D3 K2 60 Yumuşak Kapsül,Tab İlaç,Besin Takviyeleri > Vitamin > D3 ve K2 Vitamin,101,3,t,debin-d3k2-vitamin-60-yumusak-kapsul
8680133002922,,Tabvitamins Passiflora Plus 30 Tablet,Tab İlaç,Besin Takviyeleri > Takviye Edici Gıdalar > Bitkisel Ürünler,101,2,t,tabvitamins-passiflora-plus-30-tablet
8680807008496,,Voonka Biotin 90 Tablet,Voonka,Besin Takviyeleri > Vitamin > Biotin,101,2,t,voonka-biotin-icerikli-takviye-edici-gida-2500-mg-90-tablet
8699241771316,,Alvita Gliserin 30 gr,Alvita,Sağlık Ve Medikal > Medikal & Sağlık Ürünleri > Göz & Burun & Kulak Damlaları,100,1,t,alvita-gliserin-30-gr
8690605081249,,Dalin Islak Cep Mendil 15 Adet - 3lü Avantaj Paket,Dalin,Anne Bebek > Bebek Bakım > Bebek Hijyen Ürünleri,100,1,t,dalin-islak-cep-mendil-15-adet-3lu-avantaj-paket
8699664602037,,Exxe Film Pedli 10x20 cm - Tekli,Exxe,Sağlık Ve Medikal > Medikal & Sağlık Ürünleri > Medikal Sarf Ürünleri,100,2,t,exxe-film-pedli-10x20-cm-tekli
8699009540109,,"Exxe Plast Tıbbi Bez Flaster 5 m x 2,5 cm",Exxe,Sağlık Ve Medikal > Medikal & Sağlık Ürünleri > Flaster,100,2,t,exxe-plast-tibbi-bez-flaster-5-m-x-25-cm
8680645530401,,Folidays 90 Kapsül,Nbt Life,Besin Takviyeleri > Takviye Edici Gıdalar > Folik Asit,100,2,t,nbt-life-folidays-90-kapsul
4015672113480,,Omron M3 Comfort AFib HEM-7196-FLE Otomatik Üst Kol Tansiyon Aleti,Omron,Sağlık Ve Medikal > Medikal & Sağlık Ürünleri > Tansiyon Aleti,100,1,t,omron-m3-comfort-afib-hem-7196-fle-otomatik-ust-kol-tansiyon-aleti
8683229900805,,Venatura Kids Vitamin D3 Damla 20 ml,VeNatura,Besin Takviyeleri > Çocuklar İçin Gıda Takviyesi > Çocuklar İçin D Vitamini,100,2,t,venatura-kids-vitamin-d3-400-iu-takviye-edici-gida-20-ml
8683229900683,,Venatura Vitamin K2 Menakuinon 7 Takviye Edici Gıda 60 Kapsül,VeNatura,Besin Takviyeleri > Vitamin > K Vitamini,99,2,t,venatura-vitamin-k2-menakuinon-7-takviye-edici-gida-60-kapsul
8690712026287,,Zade Vital Passiflora 30 Kapsül,Zade Vital,Besin Takviyeleri > Takviye Edici Gıdalar > Bitkisel Ürünler,99,2,t,zade-vital-passiflora-ekstresi-iceren-takviye-edici-gida-30-bitkisel-kapsul
8682276814042,,Hanymish 404 Cam Mini Alıştırma Bardağı Seti,Hanymish,Anne Bebek > Bebek Beslenme Ürünleri > Biberon,98,1,t,hanymish-404-cam-mini-alistirma-bardagi-seti
8699592801038,,Roll İpek Flaster 5 cm x 5 m,Roll,Sağlık Ve Medikal > Medikal & Sağlık Ürünleri > Flaster,98,3,t,roll-ipek-flaster-5-cm-x-5-m
8682241302888,,Voonka Propolis Pomegranate Sprey 20 ml,Voonka,Besin Takviyeleri > Takviye Edici Gıdalar > Propolis & Arı Sütü,98,2,t,voonka-propolis-pomegranate-sprey-20-ml
8682241302277,,Voonka Vitamin-C Portakal Aromalı Takviye Edici Gıda 60 Tablet,Voonka,Besin Takviyeleri > Vitamin > C Vitamini,98,2,t,voonka-vitamin-c-cigneme-tableti-500-mg-60-tablet
8690712027710,,Zade Vital Vitamin D3K2 1000 IU Damla 20 ml,Zade Vital,Besin Takviyeleri > Vitamin > D3 ve K2 Vitamin,98,2,t,zade-vital-d3k2keten-tohumu-yagi-damla-20-ml
8680434323856,,Artımed Sıcak Soğuk Jel Kompres 13cm x 27cm Özel Kılıflı,Artımed,Sağlık Ve Medikal > Medikal & Sağlık Ürünleri > Sıcak Soğuk Kompres,97,2,t,artimed-sicak-soguk-jel-kompres-13cm-x-27cm-ozel-kilifli
8684408000064,,Elipse Kulak Tıkacı Poliüretan Köpük,Elipse,Kişisel Bakım > Kulak & Burun Tıkacları,97,3,t,elipse-kulak-tikaci-poliuretan-kopuk
4005808813063,,Nivea Tıraş Sonrası Balsam Men Hassas Ciltler İçin 100 ml,Nivea,Kişisel Bakım > Erkek Bakım > Sakal & Traş Bakımı,97,1,t,nivea-tiras-sonrasi-balsam-men-hassas-ciltler-icin-100-ml
8697595874004,,Ocean Cogniven Likit 150 ml,Ocean,Besin Takviyeleri > Takviye Edici Gıdalar,97,1,t,ocean-cogniven-likit-150-ml
8690784314558,,Raid Elektromat Isıtıcı + 10 Mat Bedava,Raid,Ev & Yaşam > Sinek Kovucu,97,2,t,raid-elektro-makine-10-adet-mat-tablet
8690742310806,,Alvita Yatak Koruyucu Örtü 60x90 cm 10lu,Alvita,Sağlık Ve Medikal > Medikal & Sağlık Ürünleri > Yatak Koruyucu Örtüler,96,1,t,alvita-yatak-koruyucu-ortu-60x90-cm-10lu
6956937003017,,Artımed Nebulizator Kompresorlu Kapaklı JNL-2305AS,Artımed,Sağlık Ve Medikal > Medikal & Sağlık Ürünleri > Nebulizatör,96,1,t,artimed-nebulizator-kompresorlu-kapakli-jnl-2305as
6953395545455,,Kuteks Tekstil Klasik Yara Bandı 30lu,Kuteks,Sağlık Ve Medikal > Medikal & Sağlık Ürünleri > Yara Bandı,96,1,t,kuteks-tekstil-klasik-yara-bandi-30lu
5054563016621,,Sensodyne Onarım Ve Koruma Diş Macunu 75 ml,Sensodyne,Anne Bebek,96,1,t,sensodyne-onarim-ve-koruma-dis-macunu-75-ml
8699080226022,,DS Plus Kağıt Flaster 5 m x 5 cm,DS Plus,Sağlık Ve Medikal > Medikal & Sağlık Ürünleri > Flaster,95,1,t,ds-plus-kagit-flaster-5-m-x-5-cm
8699009540215,,Exxe Fix 5 m x 5 cm,Exxe,Sağlık Ve Medikal > Medikal & Sağlık Ürünleri > Pansuman Örtüleri,95,1,t,exxe-fix-5-m-x-5-cm
8680512660286,,Nutraxin Sitikolin 30 Kapsül,Nutraxin,Besin Takviyeleri > Takviye Edici Gıdalar > Koenzim Q10,95,3,t,nutraxin-plus-sitikolin-300-mg-30-kapsul
8680133000812,,Osende MFI Metilfolat İyot 30 Tablet,Osende,Besin Takviyeleri > Mineral > İyot,95,3,t,osende-mfi-metilfolat-ve-iyot-30-dil-alti-tablet
8683249001230,,Sanitabant Bariyer L 5li 9 cm x 10 cm,Sanitabant,Sağlık Ve Medikal > Medikal & Sağlık Ürünleri > Flaster,95,1,t,sanitabant-bariyer-l-5li-9-cm-x-10-cm
8683249000806,,Sanitabant Çocuk Göz Pedi 24lü,Sanitabant,Sağlık Ve Medikal > Medikal & Sağlık Ürünleri > Göz Pedi,95,1,t,sanitabant-cocuk-goz-pedi-24lu
8690546612724,,Fare Pastası Tıbtrap 100 Gr,Tibtrap,Ev & Yaşam > Haşere Spreyi,95,2,t,fare-pastasi-tibtrap-100-gr
6956937002966,,Artımed Nebulizatör Kompresörlü,Artımed,Sağlık Ve Medikal > Medikal & Sağlık Ürünleri > Nebulizatör,94,1,t,artimed-nebulizator-kompresorlu
8697595873946,,Ocean Capillus Men 60 Tablet + Capillus Şampuan 200 ml Hediyeli,Ocean,Saç Bakım > şampuan > Kuru Saçlar İçin şampuan,94,3,t,ocean-capillus-men-60-tablet-capillus-sampuan-hediyeli
8699592802035,,Roll Med Tıbbi Nonwoven Kağıt Flaster 5cm x 5m,Roll,Sağlık Ve Medikal > Medikal & Sağlık Ürünleri > Flaster,94,3,t,roll-med-tibbi-nonwoven-kagit-flaster-5cm-x-5m
5054563016232,,Sensodyne Hızlı Rahatlama Beyazlatıcı Diş Macunu 75 ml,Sensodyne,Kişisel Bakım > Diş Beyazlatıcı,94,1,t,sensodyne-hizli-rahatlama-beyazlatici-dis-macunu-75-ml
8683229900980,,Venatura Kids Metilkobalamin Sprey 5 ml 60 Puff,VeNatura,Besin Takviyeleri > Çocuklar İçin Gıda Takviyesi > Çocuklar İçin Multivitamin,94,2,t,venatura-kids-vitamin-b12-metilkobalamin-sprey-takviye-edici-gida-5-ml
8690712027253,,Zade Vital Miniza Power Propolis Çörek Otu Karışımı Şurup 150 ml,Zade Vital,Besin Takviyeleri > Mineral > Selenyum,94,2,t,zade-vital-miniza-power-sivi-takviye-edici-gida-150-ml
8685063350051,,Barbaris Camu Camu 60 Tablet,Barbaris,Besin Takviyeleri > Takviye Edici Gıdalar > Bitkisel Ürünler,93,2,t,barbaris-camu-camu-60-tablet
8680512636113,,Nutraxin Magnesium Daily 60 Tablet,Nutraxin,Besin Takviyeleri > Mineral > Magnezyum,93,3,t,nutraxin-magnesium-daily-250-mg-60-tablet
8850956393877,,Okey Zero Ekstra İnce Formlu Prezervatif 10lu,Okey,Kişisel Bakım > Cinsel Sağlık > Prezervatif,93,3,t,okey-zero-ekstra-ince-formlu-prezervatif-10lu
33984010406,,Solgar Evening Primrose 500 mg 30 Kapsül,Solgar,Besin Takviyeleri > Takviye Edici Gıdalar,93,2,t,solgar-evening-primrose-oil-500-mg-30-yumusak-jelatin-kapsul
8699313000306,,Viaxi Bizzz Titreşim Halkası,Viaxi,Kişisel Bakım > Cinsel Sağlık > Titreşim Halkaları,93,2,t,viaxi-bizzz-titresim-halkasi
8690797108038,,Wee Baby 803 Bebek Fırça Seti - Beyaz,Wee Baby,Anne Bebek > Bebek Bakım > Bebek Hijyen Ürünleri,93,1,t,wee-baby-803-bebek-firca-seti-beyaz
8699680250106,,Wellcare Collagen Beauty Boost Plus 10.000 mg Karpuz Aromalı 30 Saşe,Wellcare,Besin Takviyeleri > Kolajen > Kolajen Tip 1-3,93,2,t,wellcare-collagen-beauty-boost-plus-karpuz-aromali-117gr-x-30-sase
8680434326369,,Artı Fix Flaster 10 m x 5 cm,Artımed,Sağlık Ve Medikal > Medikal & Sağlık Ürünleri > Flaster,92,1,t,arti-fix-flaster-10-m-x-5-cm
8699009540383,,Exxe Elastik Bandaj 20 cm,Exxe,Sağlık Ve Medikal > Ortopedi Ürünleri > Bandaj,92,2,t,exxe-elastik-bandaj-20-cm
8699664602020,,Exxe Film Pedli 10 x 15 cm - Tekli,Exxe,Sağlık Ve Medikal > Medikal & Sağlık Ürünleri > Medikal Sarf Ürünleri,92,2,t,exxe-film-pedli-10-x-15-cm-tekli
8680133002335,,Magnimore Plus 30 Şase,Magnimore,Besin Takviyeleri > Mineral > Magnezyum,92,3,t,magnimore-plus-30-sase
4006000013152,,Nivea Men Fresh Sensation Erkek Roll-On Deodorant 50 ml,Nivea,Kişisel Bakım > Parfüm & Deodorant & Kozmetik > Erkek Deodorant > Erkek Roll-On,92,1,t,nivea-men-fresh-sensation-erkek-roll-on-deodorant-50-ml
8697595872000,,Ocean Glukozamin Komplex 60 Tablet,Ocean,Sağlık Ve Medikal > Medikal & Sağlık Ürünleri > Kas Ve Eklem Sağlığı,92,3,t,ocean-glukosamine-complex-60-tablet
8699680010274,,Wellcare Magnezyum + Vitamin B6 30 Tablet,Wellcare,Besin Takviyeleri > Mineral > Magnezyum,92,2,t,wellcare-magnezyum-b6-vitamini-30-tablet
6953395545189,,Kuteks Film Yara Pedi Tekli 10cm x 25cm,Kuteks,Sağlık Ve Medikal > Ortopedi Ürünleri > Sargı ve Sargı Bezi > Yara Örtüsü,91,1,t,kuteks-film-yara-pedi-tekli-10cm-x-25cm
8684441140604,,Nuvite BCAA + Arginine Çikolata Aromalı 300 gr,Nuvite,Besin Takviyeleri > Takviye Edici Gıdalar > L-Arjinin,91,1,t,nuvite-bcaa-arginine-cikolata-aromali-300-gr
8699592800611,,Roll Termojel Sıcak/Soğuk Kompres 11 cm x 11 cm,Roll,Sağlık Ve Medikal > Medikal & Sağlık Ürünleri > Kas Ve Eklem Sağlığı,91,2,t,roll-termojel-sicaksoguk-kompres-11-cm-x-11-cm
8683249001124,,Sanitabant Yuvarlak Yara Bandı 22 mm 20 Adet,Sanitabant,Sağlık Ve Medikal > Medikal & Sağlık Ürünleri > Yara Bandı,91,1,t,sanitabant-yuvarlak-yara-bandi-22-mm-20-adet
8690742310622,,Canped Tekstil Yüzey Belbantlı Hasta Bezi Medium 30lu,Canped,Sağlık Ve Medikal > Medikal & Sağlık Ürünleri > Hasta Bezi,90,1,t,canped-tekstil-yuzey-belbantli-hasta-bezi-medium-30lu
5052197053104,,Durex Chill Prezervatif 10lu,Durex,Kişisel Bakım > Cinsel Sağlık > Prezervatif,90,2,t,durex-chill-prezervatif-10-adet
8681030030742,,Fortune Haftalık İlaç Kutusu,Fortune,Sağlık Ve Medikal > Medikal & Sağlık Ürünleri > İlaç Kutuları & Hap Takip Ürünleri,90,1,t,fortune-haftalik-ilac-kutusu
8680525628228,,Kuteks Termojel Kılıflı 13 x 13 cm Küçük,Kuteks,Sağlık Ve Medikal > Medikal & Sağlık Ürünleri > Sıcak Soğuk Kompres,90,1,t,kuteks-termojel-kilifli-13-x-13-cm-kucuk
3337875920698,,La Roche Posay Hyalu B5 Kırışıklık Karşıtı ve Dolgunlaştırıcı Nemlendirici Krem 50 ml,La Roche Posay,Cilt Bakım > Cilt ve İhtiyaç Tipi > Anti Age - Yaşlanma Karşıtı,90,1,t,la-roche-posay-hyalu-b5-kirisiklik-karsiti-ve-dolgunlastirici-nemlendirici-krem-50-ml
3337875656764,,La Roche Posay Lipikar AP+ Cleansing Oil 400 ml,La Roche Posay,Cilt Bakım > Akne Ve Sivilce Ürünleri > Akne Ve Yağlı Cilt Serumları,90,1,t,la-roche-posay-lipikar-ap-cleansing-oil-400-ml
8680645530944,,DuoBalance HP 30 Kapsül,Nbt Life,Besin Takviyeleri > Mineral > Magnezyum,90,2,t,nbt-life-duobalance-hp-30-kapsul
8690797105884,,Bebsi Emzik Saklama Kabı (588),Bebsi,Anne Bebek > Bebek Beslenme Ürünleri > Bebek Beslenme Araçları,89,1,t,bebsi-emzik-saklama-kabi-588
8699009540239,,Exxe Fix Elastik Sabitleme Bandı 10 m x 10 cm,Exxe,Sağlık Ve Medikal > Medikal & Sağlık Ürünleri > Medikal Sarf Ürünleri,89,2,t,exxe-fix-elastik-sabitleme-bandi-10-m-x-10-cm
8680133001123,,Omepa-Q10 60 Kapsül,Tab İlaç,Besin Takviyeleri > Takviye Edici Gıdalar > Omega 3 & Balık Yağı,89,3,t,omepa-q10-omega3-ubikinol-60-kapsul
8699245890280,,Otifleks Kulak Tıkacı Silikon 2li,Otifleks,Kişisel Bakım > Kulak & Burun Tıkacları,88,1,t,otifleks-kulak-tikaci-silikon-2li
8680434325775,,Artımed Bsx516 Otomatik Digital Tansiyon Ölçüm Aleti,Artımed,Sağlık Ve Medikal > Medikal & Sağlık Ürünleri > Tansiyon Aleti,87,2,t,artimed-as-35w-koldan-olcer-tansiyon-aleti
8699956000060,,Dermolife Intim Wash Likit 200 ml,Deniz Pharma,Kişisel Bakım > Kadın Hijyeni > Genital Bölge Temizliği,87,2,t,dermolife-intim-wash-likit-200-ml
8699789004242,,Algodex Plus 30 Tablet,Mega Farma,Besin Takviyeleri > Takviye Edici Gıdalar > Bromelain,87,3,t,algodex-plus-30-tablet
8680512627067,,Nutraxin Immun-S 60 Tablet,Nutraxin,Besin Takviyeleri > Takviye Edici Gıdalar > Beta Glukan,87,2,t,nutraxin-immun-s-60-tablet
8690570556230,,Veet Pure Hassas Ciltler Tüy Dökücü Krem 100 ml,Veet,Kişisel Bakım > Ağda & Epilasyon > Tüy Dökücü,87,1,t,veet-pure-hassas-ciltler-tuy-dokucu-krem-100-ml
8680645530708,,NBT Life Krill Oil 30 Kapsül,Nbt Life,Besin Takviyeleri > Takviye Edici Gıdalar > Omega 3 & Balık Yağı,86,2,t,nbt-life-krill-oil-30-kapsul
8699245890211,,Otifleks Kulak Tıkacı Çam Tipi Klasik - xLarge,Otifleks,Kişisel Bakım > Kulak & Burun Tıkacları,86,2,t,otifleks-kulak-tikaci-cam-tipi-klasik-xlarge
8699245890419,,Otifleks Poly Kulak Tıkacı Poliüretan,Otifleks,Kişisel Bakım > Kulak & Burun Tıkacları,86,3,t,otifleks-kopuk-kulak-tikaci
33984035409,,Solgar Vitamin E 400 IU 50 Kapsül,Solgar,Besin Takviyeleri > Takviye Edici Gıdalar > Bağışıklık Sistemi,86,2,t,solgar-vitamin-e-400-iu-50-yumusak-jelatin-kapsul
8680133002816,,Vitavivos Ultra Omega 3 200 Kapsül,Tab İlaç,Besin Takviyeleri > Takviye Edici Gıdalar > Omega 3 & Balık Yağı,86,3,t,vitavivos-ultra-omega-3-200-kapsul
8699080225087,,DS Plus Elastik Bandaj 6x120 cm,DS Plus,Sağlık Ve Medikal > Ortopedi Ürünleri > Bandaj,85,1,t,ds-plus-elastik-bandaj-6x120-cm
5052197060942,,Durex Yakın Hisset Slim Fit 8li Prezervatif,Durex,Kişisel Bakım > Cinsel Sağlık > Prezervatif,85,2,t,durex-yakin-hisset-skin-fit-8-adet-prezervatif
8699284270258,,Cold Mix İnhaler Damla 10 ML,Ena Farma,Sağlık Ve Medikal > Medikal & Sağlık Ürünleri > Solunum Destek Ürünleri,85,2,t,cold-mix-inhaler-damla-yesil-10-ml
8691685021484,,Eyüp Sabri Tuncer Verbena  Zinde Limon Kolonya Sprey 150 ml,Eyüp Sabri Tuncer,Ev & Yaşam > Ev & Yaşam Ürünleri > Kolonya,85,1,t,eyup-sabri-tuncer-verbena-zinde-limon-kolonya-sprey-150-ml
8680133000539,,Omepa VM 30 Yumuşak Kapsül,Tab İlaç,Besin Takviyeleri > Mineral > Bakır,85,3,t,omepa-vm-30-yumusak-kapsul
8690797103651,,Wee Baby Cool Yuvarlak Uçlu Emzik No:3,Wee Baby,Anne Bebek > Bebek Beslenme Ürünleri > Emzik,85,1,t,wee-baby-cool-yuvarlak-uclu-emzik-no3
8690712011962,,Zade Vital Aspir Yağı 600 mg 60 Kapsül,Zade Vital,Besin Takviyeleri > Yağlar,85,2,t,zade-vital-aspir-yagi-60-kapsul
8699241773556,,Alvita Nazal Aspiratör ve Yedek Uç 5li,Alvita,Anne Bebek > Bebek Bakım > Burun Aspiratörü,84,2,t,alvita-nazal-aspirator-ve-yedek-uc-5li
8699080226718,,DS Plus Elastik Sargı Bezi 10 cm x 4 m,DS Plus,Sağlık Ve Medikal > Ortopedi Ürünleri > Sargı ve Sargı Bezi,84,2,t,ds-plus-elastik-sargi-bezi-10-cm-x-4-m
4005900998088,,Nivea Luminous630 Leke Karşıtı SPF50+ Güneş Koruyucu Yüz Kremi 40 ml,Nivea,Cilt Bakım > Cilt ve İhtiyaç Tipi > Lekeli Cilt,84,1,t,nivea-luminous630-leke-karsiti-spf50-gunes-koruyucu-yuz-kremi-40-ml
8680133002878,,Tabvitamins Multi Balık Yağı 200 ml,Tab İlaç,Besin Takviyeleri > Mineral > Manganez,84,2,t,tabvitamins-multi-200ml
8690595217109,,Vichy Dercos Anti-Pelliculaire Anti-Dandruff Kepek Karşıtı Şampuan 390 ml - Normal ve Yağlı Saçlar,Vichy,Saç Bakım > Saç Tipi & İhtiyaç > Normal Saç,84,1,t,vichy-dercos-anti-pelliculaire-anti-dandruff-kepek-karsiti-sampuan-390-ml-normal-ve-yagli-saclar
8680512633204,,Nutraxin Bromelain Forte 60 Tablet,Nutraxin,Besin Takviyeleri > Mineral > Krom,83,2,t,nutraxin-bromelain-forte-60-tablet
8850956094040,,Okey Prezervatif Zero Extreme 20li,Okey,Kişisel Bakım > Cinsel Sağlık > Prezervatif,83,2,t,okey-zero-extreme-20-adet
33984003101,,Solgar Biotin 1000 mcg 50 Kapsül,Solgar,Besin Takviyeleri > Takviye Edici Gıdalar > Saç ve Tırnak Sağlığı,83,2,t,solgar-biotin-1000-mcg-50-kapsul
8680133003066,,Tabvitamins Longawin 30 Kapsül,Tab İlaç,Besin Takviyeleri > Takviye Edici Gıdalar > Folik Asit,83,2,t,tabvitamins-longawin-30-kapsul
8685063350129,,Barbaris Kolajen  Elastin Powder 30 Şase-2 Paket,Barbaris,Besin Takviyeleri > Kolajen > Toz Kolajen,82,1,t,barbaris-kolajen-elastin-powder-30-sase-2-paket
8690530023031,,Detan Süper Mat Cihaz + 10lu Yedek,Detan,Ev & Yaşam,82,1,t,detan-super-mat-cihaz-10lu-yedek
850077028618,,Proceive F 30 Saşe,Orzax,Besin Takviyeleri > Mineral > Magnezyum,82,1,t,proceive-f-30-sase
8680133000867,,Osende Çinko Bakır 60 Kapsül,Osende,Besin Takviyeleri > Mineral > Bakır,82,2,t,osende-cinko-bakir-60-kapsul
8699245890105,,Otifleks Kulak Tıkacı Duş - Small,Otifleks,Kişisel Bakım > Kulak & Burun Tıkacları,82,1,t,otifleks-kulak-tikaci-dus-small
8699592822552,,Roll Bant Soft Yara Bandı 20li,Roll,Sağlık Ve Medikal > Medikal & Sağlık Ürünleri > Yara Bandı,82,2,t,roll-bant-soft-yara-bandi-20li
3331300097788,,Sterimar Stop  Protect Soğuk Algınlığı Burun Spreyi 20 ml,Sterimar,Sağlık Ve Medikal > Medikal & Sağlık Ürünleri > Burun Spreyi,82,2,t,sterimar-stop-protect-soguk-alginligi-grip-sinuzit-20-ml
8699680590189,,Wellcare Kidsfer Mikroenkapsule Demir Damla 30 ml,Wellcare,Besin Takviyeleri > Mineral > Demir,82,3,t,wellcare-kidsfer-30-ml
8682503760425,,Nano Yıkanabilir Koruyucu Bez Maske Çocuk 12li,Nimo,Sağlık Ve Medikal > Medikal & Sağlık Ürünleri > Maske & Siperlik,81,1,t,nano-yikanabilir-koruyucu-bez-maske-cocuk-12li
8680512629870,,Nutraxin Costus Root Sprey 30 ml,Nutraxin,Besin Takviyeleri > Mineral > Çinko,81,2,t,nutraxin-costus-root-spray-30-ml
8680133000706,,Osende Kurkumin 30 Kapsül,Osende,Besin Takviyeleri > Takviye Edici Gıdalar > Bağışıklık Sistemi,81,3,t,osende-kurkumin-30-yumusak-kapsul
8698751001067,,İmubest Sambucus Nigra  Vitamin C  Çinko 24 Efervesan Tablet,İmubest,Besin Takviyeleri > Mineral > Çinko,81,2,t,imubest-sambucus-nigra-vitamin-c-cinko-24-efervesan-tablet
4015672112766,,Omron NE-C28P Kompresörlü Nebülizatör,Omron,Anne Bebek > Bebek Bakım > Bebek Buhar Makinası,80,3,t,omron-ne-c28p-kompresorlu-nebulizator
3583310324921,,Symbiosys Bifidrop Probiyotik Damla 8 ml,Symbiosys,Besin Takviyeleri,80,1,t,symbiosys-bifidrop-probiyotik-damla-8-ml
8680133003592,,Tab İlaç TabVitamins Trans Resveratrol 1000 mg 30 Tablet,Tab İlaç,Besin Takviyeleri > Takviye Edici Gıdalar > Resveratrol,80,2,t,tabvitamins-trans-resveratrol-30-tablet
8683655089426,,Voonka Methyl Folate 30 Tablet,Voonka,Besin Takviyeleri > Takviye Edici Gıdalar > Bitkisel Ürünler,80,2,t,voonka-methyl-folate-30-tablet
8690605062613,,Dalin Bebek Şampuanı Civciv 500 ml,Dalin,Anne Bebek > Bebek Bakım > Bebek şampuanı,79,1,t,dalin-bebek-sampuani-civciv-500-ml
8680133002687,,Magnimore All Day 90 Tablet,Magnimore,Besin Takviyeleri > Mineral > Magnezyum,79,2,t,magnimore-all-day-90-tablet
8699789004044,,Tendoflex 30 Tablet,Mega Farma,Besin Takviyeleri > Kolajen > Kolajen Tip 1-3,79,2,t,tendoflex-30-tablet
3337875543248,,Vichy Mineral 89 Fortifying  Plumping Daily Booster 50 ml,Vichy,Cilt Bakım > Cilt ve İhtiyaç Tipi > Karma Cilt,79,1,t,vichy-mineral-89-fortifying-plumping-daily-booster-50-ml
8681291005176,,Centrum İmmunity Cmax 14 Saşe,Centrum,Besin Takviyeleri > Mineral > Kalsiyum,78,2,t,centrum-immunity-vitamin-c-max-14-sase
8684408000088,,Elipse Kulak Tıkacı Vazelin 2li,Elipse,Kişisel Bakım > Kulak & Burun Tıkacları,78,3,t,elipse-kulak-tikaci-vazelin-2li
8697595871607,,Ocean Pulse 30 Kapsül,Ocean,Besin Takviyeleri > Takviye Edici Gıdalar > Koenzim Q10,78,2,t,ocean-pulse-30-kapsul
33984009554,,Solgar Cranberry Extract with Vitamin C 60 Kapsül,Solgar,Besin Takviyeleri > Takviye Edici Gıdalar > Cranberry,78,2,t,solgar-cranberry-with-vitamin-c-60-kapsul
33984012202,,Solgar Garlic Oil 100 Kapsül,Solgar,Besin Takviyeleri > Takviye Edici Gıdalar > Bitkisel Ürünler,78,2,t,solgar-garlic-oil-sarimsak-yagi-100-kapsul
33984023352,,Solgar Resveratrol 60 Kapsül,Solgar,Besin Takviyeleri > Takviye Edici Gıdalar > Bitkisel Ürünler,78,2,t,solgar-resveratrol-60-kapsul
8682276810051,,Hanymish Süt Saklama Poşeti Kilitli Kapak 20 Adet 200 ml,Hanymish,Anne Bebek > Bebek Beslenme Ürünleri > Bebek Beslenme Araçları,77,1,t,hanymish-sut-saklama-poseti-kilitli-kapak-20-adet-200-ml
7640128141105,,New Life EFA S-1200 mg 90 Kapsül,New Life,Besin Takviyeleri > Takviye Edici Gıdalar > Omega 3 & Balık Yağı,77,1,t,new-life-efa-s-1200-mg-90-kapsul
4006000176628,,Nivea Kadın Roll-On Deodorant Derma Control Defend 50 ml,Nivea,Kişisel Bakım > Parfüm & Deodorant & Kozmetik > Kadın Deodorant > Kadın Roll-On,77,1,t,nivea-kadin-roll-on-deodorant-derma-control-defend-50-ml
8697595870433,,Feminex 30 Tablet,Orzax,Besin Takviyeleri > Mineral > Kalsiyum,77,3,t,ocean-feminex-30-tablet
8680133001130,,Osende Multi Collagen 10.000 mg 30 Saşe,Osende,Besin Takviyeleri > Kolajen > Kolajen Tip 1-3,77,3,t,osende-multi-collagen-30-sase
8699512008929,,Otacı Oka Mentol Pastil 16lı,Otacı,Besin Takviyeleri > Takviye Edici Gıdalar > Pastil,77,1,t,otaci-oka-mentol-pastil-16li
8683655308121,,Senkavit Nattokinaz İçeren 2800 Fu 60 Kapsül,Senkavit,Besin Takviyeleri > Takviye Edici Gıdalar,77,2,t,senkavit-nattokinaz-iceren-2800-fu-60-kapsul
8680133000362,,Omepa-Q10 30 Kapsül,Tab İlaç,Besin Takviyeleri > Takviye Edici Gıdalar > Omega 3 & Balık Yağı,77,2,t,omepa-q10-omega3-ubiquinol-30-kapsul
8683229900362,,Venatura Omega 3 60 Kapsül,VeNatura,Besin Takviyeleri > Takviye Edici Gıdalar > Omega 3 & Balık Yağı,77,2,t,venatura-omega-3-60-kapsul
8681285100597,,B-Good Esnek Tıbbi Flaster 5m x 10cm,B-Good,Sağlık Ve Medikal > Medikal & Sağlık Ürünleri > Flaster,76,1,t,b-good-esnek-tibbi-flaster-5m-x-10cm
8699009540253,,Exxe Optik Çocuk Yapışkanlı Göz Pedi 10lu,Exxe,Sağlık Ve Medikal > Medikal & Sağlık Ürünleri > Göz Pedi,76,1,t,exxe-optik-cocuk-yapiskanli-goz-pedi-10lu
8684382998135,,Fortune Fix Flaster 15 cm x 10 m,Fortune,Sağlık Ve Medikal > Medikal & Sağlık Ürünleri > Flaster,76,1,t,fortune-fix-flaster-15-cm-x-10-m
8699592810245,,"Kurmed Fix Flaster 2,5cm x 10m",Kurmed,Sağlık Ve Medikal > Medikal & Sağlık Ürünleri > Flaster,76,2,t,kurmed-fix-flaster-25cm-x-10m
8698758944282,,Luxor 196 Ligament Destekli Ayak Bilekliği - Tek Boy,Luxor,Sağlık Ve Medikal > Ortopedi Ürünleri > Ayak Bilekliği,76,1,t,luxor-196-ligament-destekli-ayak-bilekligi-tek-boy
4005900810557,,Nivea Celluar Expert Lift Yaşlanma Karşıtı Gündüz Kremi SPF30 50 ml,Nivea,Cilt Bakım > Cilt ve İhtiyaç Tipi > Anti Age - Yaşlanma Karşıtı,76,1,t,nivea-celluar-expert-lift-yaslanma-karsiti-gunduz-kremi-spf30-50-ml
4005808726271,,Nivea Fresh Natural 75 ml Kadın Deodorant,Nivea,Kişisel Bakım > Parfüm & Deodorant & Kozmetik > Kadın Deodorant,76,1,t,nivea-fresh-natural-75-ml-kadin-deodorant
4006000165325,,Nivea Yüz Bakım Cellular Expert Lift Bakuchiol Şekillendirici Serum 30 ml,Nivea,Cilt Bakım > Akne Ve Sivilce Ürünleri > Akne Ve Yağlı Cilt Serumları,76,1,t,nivea-yuz-bakim-cellular-expert-lift-bakuchiol-sekillendirici-serum-30-ml
8680713008023,,Poblex Horlama Giderici,Poblex,Sağlık Ve Medikal > Medikal & Sağlık Ürünleri > Solunum Destek Ürünleri,76,2,t,poblex-horlama-giderici
7310610012762,,Salvelox Yara Bandı Hayvanlar Alemi 20li,Salvelox,Sağlık Ve Medikal > Medikal & Sağlık Ürünleri > Yara Bandı,76,2,t,salvelox-yara-bandi-hayvanlar-alemi-20li
33984009486,,Solgar CoQ-10 200 mg 30 Kapsül,Solgar,Besin Takviyeleri > Takviye Edici Gıdalar > Koenzim Q10,76,2,t,solgar-coenzyme-q-10-200-mg-30-kapsul
8680133001147,,SadeC Vitamin C 100 Saşe 1000 mg,Tab İlaç,Besin Takviyeleri > Takviye Edici Gıdalar,76,3,t,sadec-vitamin-c-100-sase-c-vitamini-takviyesi
8680133003448,,TAB Vitamins Extra Magnesium 60 Tablet,Tab İlaç,Besin Takviyeleri > Mineral > Magnezyum,76,3,t,tab-ilac-vitamins-extra5-magnesium-60-kapsul
8683229900317,,Venatura Astaksantin 12 mg 30 Kapsül,VeNatura,Besin Takviyeleri > Takviye Edici Gıdalar,76,2,t,venatura-astaksantin-takviye-edici-gida-12-mg-30-yumusak-kapsul
8680434326376,,Artı Fix Flaster 10 m x 10 cm,Artımed,Sağlık Ve Medikal > Medikal & Sağlık Ürünleri > Flaster,75,1,t,arti-fix-flaster-10-m-x-10-cm
8682511022478,,Kuteks Yün Dizlik S(2),Kuteks,Sağlık Ve Medikal > Ortopedi Ürünleri > Dizlik,75,1,t,kuteks-yun-dizlik-s2
8697595874097,,Ocean Gummies D3K2 60 Adet Çiğnenebilir Jel Form İçeren Takviye Edici Gıda,Ocean,Besin Takviyeleri > Takviye Edici Gıdalar,75,2,t,ocean-gummies-d3k2-vitamin-cignenebilir-60-softgel
8680133000782,,Osende Vitamin D3 Damla 20 ml,Osende,Besin Takviyeleri > Vitamin > D Vitamini,75,2,t,osende-vitamin-d3-damla-1000-iu-20-ml
8699592820787,,Roll Flex Sargı Bezi 10cm x 50m,Roll,Sağlık Ve Medikal > Ortopedi Ürünleri > Sargı ve Sargı Bezi,75,2,t,roll-flex-sargi-bezi-10cm-x-50m
33984000582,,Solgar Alpha Lipo Acid 200 mg 50 Kapsül,Solgar,Besin Takviyeleri > Takviye Edici Gıdalar > Alfa Lipoik Asit,75,2,t,solgar-alpha-lipoic-acid-200-mg-50-kapsul
8683229900638,,Venatura Koenzim Q10  Alfa Lipoik Asit 60 Kapsül,VeNatura,Besin Takviyeleri > Takviye Edici Gıdalar > Alfa Lipoik Asit,75,2,t,venatura-koenzim-q10-ve-alfa-lipoik-asit-60-yumusak-kapsul
8698694120603,,Wee Baby Burun Aspiratörü Seti 494,Wee Baby,Anne Bebek > Bebek Bakım > Burun Aspiratörü,75,1,t,wee-baby-burun-aspiratoru-seti-494
8690712028397,,Zade Vital Bromelain 60 Kapsül,Zade Vital,Besin Takviyeleri > Takviye Edici Gıdalar > Bromelain,75,2,t,zade-vital-bromelain-60-kapsul
8690712012075,,Zade Vital Fıstık Yağı 800 mg 60 Kapsül Blister,Zade Vital,Besin Takviyeleri > Takviye Edici Gıdalar > Bitkisel Ürünler,75,2,t,zade-vital-yer-fistigi-yagi-60-yumusak-kapsul
8033737620045,,Aftamed Jel Junior 10 ml,Aktident,Kişisel Bakım > Ağız Bakım Ürünleri,74,2,t,aftamed-jel-junior-10-ml
8690742310240,,Canped Belbantlı Yetişkin Hasta Bezi 30 Adet (Orta Boy),Canped,Sağlık Ve Medikal > Medikal & Sağlık Ürünleri > Hasta Bezi,74,1,t,canped-belbantli-yetiskin-hasta-bezi-30-adet-orta-boy
8699080229207,,"DS Plus Nonwoven Göz Pedi 6,5 x 9,5 cm (tekli)",DS Plus,Sağlık Ve Medikal > Medikal & Sağlık Ürünleri > Göz Pedi,74,1,t,ds-plus-nonwoven-goz-pedi-65-x-95-cm-tekli
4006000043487,,Nivea Luminous 630 Çatlak Karşıtı Vücut Yağ Serumu 100 ml,Nivea,Cilt Bakım > Vücut Bakım > Vücut Nemlendirici,74,1,t,nivea-luminous-630-catlak-karsiti-vucut-yag-serumu-100-ml
8697595874158,,Ocean Cogniven Mango Aromalı 150 ml + Sınav Seti Hediyeli,Ocean,Besin Takviyeleri > Takviye Edici Gıdalar,74,2,t,ocean-cogniven-150ml-sinav-seti-hediyeli
4015672112452,,Omron Nami Cat Compressor Nebülizatör,Omron,Anne Bebek > Bebek Bakım > Bebek Buhar Makinası,74,2,t,omron-nami-cat-compressor-nebulizator
8683229902151,,Venatura Passiflora ve Bitkisel Ekstreler 30 Kapsül,VeNatura,Besin Takviyeleri > Takviye Edici Gıdalar,74,1,t,venatura-passiflora-ve-bitkisel-ekstreler-30-kapsul
8680807008779,,Voonka Selenium 100 mg 90 Kapsül,Voonka,Besin Takviyeleri > Mineral > Selenyum,74,2,t,voonka-selenium-100-mg-90-kapsul
8690712015489,,Zade Vital Sarı Kantaron Yağı 20 ml,Zade Vital,Besin Takviyeleri > Yağlar,74,2,t,zade-vital-sari-kantaron-yagi-20-ml
8699664602051,,Exxe Film Pedli 10x30 cm - Tekli,Exxe,Sağlık Ve Medikal > Medikal & Sağlık Ürünleri > Pansuman Örtüleri,73,2,t,exxe-film-pedli-10x30-cm-tekli
8680512625650,,Nutraxin Quick-Slim CLA Tonalin 60 Kapsül,Nutraxin,Besin Takviyeleri > Takviye Edici Gıdalar,73,2,t,nutraxin-sport-cla-1300-mg-60-kapsul
4015672111141,,Omron RS4 Bilekten Tansiyon Aleti,Omron,Sağlık Ve Medikal > Medikal & Sağlık Ürünleri > Tansiyon Aleti,73,2,t,omron-rs4-bilekten-tansiyon-aleti
8699592822712,,Roll Bant Yara Bandı Dinozorlar 12li,Roll,Sağlık Ve Medikal > Medikal & Sağlık Ürünleri > Yara Bandı,73,2,t,roll-bant-yara-bandi-dinozorlar-12li
33984010505,,Solgar Ester-C Plus 1000 mg 30 Tablet,Solgar,Besin Takviyeleri > Takviye Edici Gıdalar,73,2,t,solgar-ester-c-plus-1000-mg-30-kapsul
8680133000805,,Omepa Balık Yağı 1500 mg 30 Kapsül,Tab İlaç,Besin Takviyeleri > Takviye Edici Gıdalar > Omega 3 & Balık Yağı,73,3,t,omepa-1500-balik-yagi-iceren-takviye-edici-gida-30-kapsul
8690797103231,,Bebsi 323 Mama Kaşığı 3lü Set,Bebsi,Anne Bebek > Bebek Beslenme Ürünleri > Bebek Beslenme Araçları,72,1,t,bebsi-323-mama-kasigi-3lu-set
8690797102586,,Bebsi Desenli Damaklı Emzik 6-18 Karma Renk,Bebsi,Anne Bebek > Bebek Beslenme Ürünleri > Emzik,72,1,t,bebsi-desenli-damakli-emzik-6-18-karma-renk
8699273570949,,Umbrella Probiyotik 30 Tablet,Mnc İlaç,Besin Takviyeleri > Probiyotik & Prebiyotik,72,1,t,umbrella-probiyotik-30-tablet
8680645531132,,Nbt Life Saflife Gummy 60 Çiğnenebilir Form,Nbt Life,Besin Takviyeleri > Vitamin > Vitamin B6,72,2,t,nbt-life-saflife-gummy-60-cignenebilir-form
8690797104382,,Wee Baby Yalancı Emzik Damaklı No:2 2’li (438),Wee Baby,Anne Bebek > Bebek Beslenme Ürünleri > Emzik,72,1,t,wee-baby-yalanci-emzik-damakli-no2-2li-438
8690712027406,,Zade Vital Concept Women 60 Kapsül,Zade Vital,Besin Takviyeleri > Mineral > Bakır,72,2,t,zade-vital-concept-women-60-kapsul
8690797102593,,Bebsi Desenli Damaklı Emzik No:3 (259) Askı 18+ Ay,Bebsi,Anne Bebek > Bebek Beslenme Ürünleri > Emzik,71,1,t,bebsi-desenli-damakli-emzik-no3-259-aski-18-ay
8698758940222,,Luxor Kol Askısı Fileli - xLarge - 406,Luxor,Sağlık Ve Medikal > Ortopedi Ürünleri > Kol Askısı,71,1,t,luxor-kol-askisi-fileli-xlarge-406
8684441140628,,Nuvite Multivitamin Çikolata Aromalı 300 gr,Nuvite,Besin Takviyeleri > Takviye Edici Gıdalar > Multivitamin,71,2,t,nuvite-multivitamin-cikolata-aromali-300-gr
8697595872031,,Ocean Milk Thistle 30 Tablet,Ocean,Besin Takviyeleri > Takviye Edici Gıdalar > Bitkisel Ürünler,71,3,t,ocean-milk-thistle-takviye-edici-gida-30-kapsul
8680133001291,,"Osende Multi Plus Collagen Powder 10,000 mg 30 Servis",Osende,Besin Takviyeleri > Kolajen > Kolajen Tip 1-3,71,3,t,osende-multi-plus-collagen-346gr
8699245890297,,Otifleks Kulak Tıkacı Silikon 4lü,Otifleks,Kişisel Bakım > Kulak & Burun Tıkacları,71,1,t,otifleks-kulak-tikaci-silikon-4lu
8680713008368,,Poblex İpli Köpük Kulak Tıkacı,Poblex,Kişisel Bakım > Kulak & Burun Tıkacları,71,2,t,poblex-ipli-kopuk-kulak-tikaci-1-cift
8683655089105,,Voonka Calcium Ossis 60 Tablet,Voonka,Besin Takviyeleri > Mineral > Kalsiyum,71,2,t,voonka-calcium-ossis-60-tablet
8680434326345,,"Artı Fix Flaster 5 m x 2,5 cm",Artımed,Sağlık Ve Medikal > Medikal & Sağlık Ürünleri > Flaster,70,1,t,arti-fix-flaster-5-m-x-25-cm
8685063350099,,Barbaris Enzyme  Bromelain 60 Kapsül,Barbaris,Besin Takviyeleri > Takviye Edici Gıdalar > Bromelain,70,2,t,barbaris-enzyme-bromelain-60-kapsul
8680645530463,,NBT Life Lipozomal Kuersetin 30 Kapsül,Nbt Life,Besin Takviyeleri > Vitamin > Quercetin,70,2,t,nbt-life-kuersetin-30-kapsul
7640128141020,,New Life EFA-Pop 60 Kapsül,New Life,Besin Takviyeleri > Takviye Edici Gıdalar > Omega 3 & Balık Yağı,70,3,t,new-life-efa-pop-60-kapsul-cignenebilir-balik-yagi
8690797109882,,Wee Baby 988 Anne Sütü Kaşıklı Biberon,Wee Baby,Anne Bebek > Bebek Beslenme Ürünleri > Biberon,70,1,t,wee-baby-988-anne-sutu-kasikli-biberon
8690712026874,,Zade Vital Omega + Çörek Otu Yağı 150 ml,Zade Vital,Besin Takviyeleri > Takviye Edici Gıdalar > Bitkisel Ürünler,70,2,t,zade-vital-miniza-omega-3-corek-otu-yagi-150-ml
8680434326819,,Artımed Kulak Tıkacı Köpük Ses Yalıtımı,Artımed,Kişisel Bakım > Kulak & Burun Tıkacları,69,1,t,artimed-kulak-tikaci-kopuk-ses-yalitimi
8693203040557,,Fe Polyester Havlulu Eldiven,Fe,Kişisel Bakım > Duş & Banyo Ürünleri > Banyo Eldiveni,69,1,t,fe-polyester-havlulu-eldiven
8699592810269,,Kurmed Fix Flaster 10cm x 10m,Kurmed,Sağlık Ve Medikal > Medikal & Sağlık Ürünleri > Flaster,69,2,t,kurmed-fix-flaster-10cm-x-10m
8680645530890,,NBT Life Treon 60 Kapsül,Nbt Life,Besin Takviyeleri,69,2,t,nbt-life-treon-60-kapsul
8697595873533,,Ocean VM Arginin Ps Ballı Portakal Aromalı Şurup 150 ml,Ocean,Besin Takviyeleri > Mineral > Manganez,69,2,t,ocean-vm-arginin-ps-150-ml
8699245890143,,Otifleks Kulak Tıkacı Çam Tipi - Small,Otifleks,Kişisel Bakım > Kulak & Burun Tıkacları,69,3,t,otifleks-cam-tipi-kulak-tikaci-s
8680014261097,,Artex Plus 60 Tablet,Vitamaks,Besin Takviyeleri > Kolajen > Kolajen Tip 2,69,3,t,artex-plus-60-tablet
8699680940014,,Wellcare Collagen Multiboost Plus Toz 345 gr,Wellcare,Besin Takviyeleri > Kolajen > Kolajen Tip 1-3,69,2,t,wellcare-collagen-multi-boost-plus-toz-form-nar-aromali-345gr
8690712018312,,Zade Vital A Vitamini 500 mg 30 Kapsül,Zade Vital,Besin Takviyeleri > Vitamin > A Vitamini,69,2,t,zade-vital-a-vitamini-3000-mg-30-kapsul
8680434325836,,Artımed Desenli Kılıflı Sıcak Su Torbası 2 lt,Artımed,Sağlık Ve Medikal > Medikal & Sağlık Ürünleri > Termofor ve Sıcak Su Torbaları,68,1,t,artimed-desenli-kilifli-sicak-su-torbasi-2-lt
8680434325362,,Artımed Galoş 100lü,Artımed,Sağlık Ve Medikal > Medikal & Sağlık Ürünleri,68,1,t,artimed-galos-100lu
8690797105846,,Bebsi Kelebek Emzik No:2 (584),Bebsi,Anne Bebek > Bebek Beslenme Ürünleri > Emzik,68,1,t,bebsi-kelebek-emzik-no2-584
8683249000332,,Betaipek Tıbbi İpek Flaster 5 m x 2.5 cm,Betasan,Sağlık Ve Medikal > Medikal & Sağlık Ürünleri > Flaster,68,1,t,betaipek-tibbi-ipek-flaster-5-m-x-25-cm
8699664602013,,Exxe Film Pedli 10x10 cm - Tekli,Exxe,Sağlık Ve Medikal > Medikal & Sağlık Ürünleri > Pansuman Örtüleri,68,2,t,exxe-film-pedli-10x10-cm-tekli
8698758942394,,Luxor Patella ve Ligament Destekli Dizlik - Standart 200,Luxor,Sağlık Ve Medikal,68,1,t,luxor-patella-ve-ligament-destekli-dizlik-standart-200
7640128140122,,New Life EFA Daily 30 Kapsül,New Life,Besin Takviyeleri > Takviye Edici Gıdalar > Omega 3 & Balık Yağı,68,1,t,new-life-efa-daily-30-kapsul
8697595872635,,İmunol Sambucus Şurup 150 ml,Orzax,Besin Takviyeleri > Mineral > Çinko,68,2,t,ocean-imunol-sambucus-surup-150-ml
8683249001155,,Sanitabant Ekonomik Yara Bandı 5 Adet,Sanitabant,Sağlık Ve Medikal > Medikal & Sağlık Ürünleri > Yara Bandı,68,1,t,sanitabant-ekonomik-yara-bandi-5-adet
8683249001049,,Sanitabant Renkli 20 Adet,Sanitabant,Sağlık Ve Medikal > Medikal & Sağlık Ürünleri > Yara Bandı,68,1,t,sanitabant-renkli-20-adet
8690797106447,,Wee Baby Nanninom Antikolik Geniş Ağızlı Biberon 150 ml,Wee Baby,Anne Bebek > Bebek Beslenme Ürünleri > Biberon,68,2,t,wee-baby-nanninom-antikolik-genis-agizli-biberon-150-ml
8681285100986,,B Good Seffaf Pe Flaster 5m x 5cm,B-Good,Sağlık Ve Medikal > Medikal & Sağlık Ürünleri > Flaster,67,2,t,b-good-seffaf-pe-flaster-5m-x-5cm
8699080225742,,DS Plus Şeffaf Yara Örtüsü 9x25 cm 5li,DS Plus,Sağlık Ve Medikal > Ortopedi Ürünleri > Sargı ve Sargı Bezi > Yara Örtüsü,67,2,t,ds-plus-seffaf-yara-ortusu-9x25-cm-5li
8697595872734,,Ocean Oregano Oil Damla 20 ml,Ocean,Besin Takviyeleri > Takviye Edici Gıdalar > Bitkisel Ürünler,67,3,t,ocean-oregano-oil-damla-20-ml
8680133000553,,Osende Çörekotu Yağı 900 mg 30 Kapsül,Osende,Besin Takviyeleri > Mineral > Demir,67,2,t,osende-corek-otu-yagi-30-kapsul
8680133003233,,Krilom Omega3 50 Kapsül+ Magnimore Allday 60 Tablet + Osende D3k2 20 ml Avantajlı Paket,Tab İlaç,Besin Takviyeleri,67,2,t,tab-ilac-krilom-omega-3-50-kapsul-magnimore-all-day-60-tablet-osende-d3k2-20ml-damla-avantajli-paket
8680133003189,,Tabvitamins Berista 60 Tablet,Tab İlaç,Besin Takviyeleri > Mineral > Krom,67,2,t,tabvitamins-berista-60-tablet
8699313000382,,Viaxi Femiwash İntim Köpük 100 ml,Viaxi,Kişisel Bakım > Kadın Hijyeni > Genital Bölge Temizliği,67,3,t,viaxi-intimate-femiwash-100ml-genital-bolge-temizleme-kopugu
8691091035983,,Lapitak Ayak Kokusu Önleyici Avantaj Set 125+60 Ml,Lapitak,Kişisel Bakım > El & Ayak Bakımı > Ayak Kremi & Spreyi,66,1,t,lapitak-ayak-kokusu-onleyici-avantaj-set-12560-ml
8698758949928,,Luxor Lumbostad Korse - One Size 187,Luxor,Sağlık Ve Medikal,66,1,t,luxor-lumbostad-korse-one-size-187
8680645530487,,Nbt Life Magneffer P5P 30 Saşe,Nbt Life,Besin Takviyeleri > Mineral > Magnezyum,66,2,t,nbt-life-magneffer-p5p-30-stick-sase
4006000252292,,Nivea Black White Authentic Kadın Roll-On Deodorant 50 ml,Nivea,Kişisel Bakım > Parfüm & Deodorant & Kozmetik > Kadın Deodorant > Kadın Roll-On,66,1,t,nivea-black-white-authentic-kadin-roll-on-deodorant-50-ml
4006000252179,,Nivea Men Black White Epic Night Erkek Roll-On Deodorant 50 ml,Nivea,Kişisel Bakım > Parfüm & Deodorant & Kozmetik > Erkek Deodorant > Erkek Roll-On,66,1,t,nivea-men-black-white-epic-night-erkek-roll-on-deodorant-50-ml
8684623000528,,OFF Sinekkovar Pro Care Vücut Losyon 100 ml,Off,Ev & Yaşam > Cilt Sinek Kovucu,66,2,t,off-sinekkovar-pro-care-vucut-losyon-100-ml
8683655308053,,Senkavit Kids Sitikolin + Omega 3 + Vitamin B1 B6 B12 İçeren 100 ml Şurup,Senkavit,Besin Takviyeleri > Takviye Edici Gıdalar > Multivitamin,66,2,t,senkavit-kids-sitikolin-omega-3-vitamin-b1-b6-b12-iceren-100-ml-surup
8680133002601,,Cognimore 30 Kapsül,Tab İlaç,Besin Takviyeleri > Takviye Edici Gıdalar > L-Teanin,66,3,t,cognimore-30-kapsul
8680133003646,,Tab Vitamins Safran İçeren Takviye Edici Gıda 30 Kapsül,Tab İlaç,Besin Takviyeleri > Takviye Edici Gıdalar > Bitkisel Ürünler,66,3,t,tab-vitamins-saffran-50-mg-30-kapsul
8699680080147,,Wellcare Vitamin C 1000Mg + Çinko 15 mg 60 Tablet,Wellcare,Besin Takviyeleri > Mineral > Çinko,66,2,t,wellcare-vitamin-c-1000-mg-15-mg-zinc-chewable-60-tablet
8685063350136,,Barbaris GL10-Free 60 Kapsül,Barbaris,Besin Takviyeleri > Takviye Edici Gıdalar > Bitkisel Ürünler,65,1,t,barbaris-gl10-free-60-kapsul
8470001930187,,Endocare Radiance Concentrate C Pure Konsantre Ampul 14 Adet,ENDOCARE,Cilt Bakım > Cilt ve İhtiyaç Tipi > Anti Age - Yaşlanma Karşıtı,65,1,t,endocare-radiance-concentrate-c-pure-konsantre-ampul-14-adet
8684382997473,,"Kuteks Med Kağıt Flaster 2,5 cm x 5 m",Kuteks,Sağlık Ve Medikal > Medikal & Sağlık Ürünleri > Flaster,65,2,t,kuteks-med-kagit-flaster-25-cm-x-5-m
8680645530791,,Duobalance Kids 10 Saşe,Nbt Life,Besin Takviyeleri > Çocuklar İçin Gıda Takviyesi > Çocuklar İçin Probiyotik,65,2,t,nbt-life-duobalance-kids-10-sase
7640128141068,,New Life EFA Liquid Tutti Frutti Balık Yağı Şurubu 150 ml,New Life,Besin Takviyeleri > Takviye Edici Gıdalar > Omega 3 & Balık Yağı,65,2,t,new-life-efa-liquid-tutti-frutti-balik-yagi-150-ml
4006000099408,,Nivea Lip Cheek Caring Nude,Nivea,Cilt Bakım > Yüz Bakımı > Dudak Bakımı,65,1,t,nivea-lip-cheek-caring-nude
4006000085074,,Nivea Visage Q10 Power Gece Bakım Kremi 50 ml,Nivea,Cilt Bakım > Akne Ve Sivilce Ürünleri > Akne Ve Yağlı Cilt Serumları,65,1,t,nivea-visage-q10-power-gece-bakim-kremi-50-ml
8680133000720,,Omepa-Q10 90 Kapsül,Tab İlaç,Besin Takviyeleri > Takviye Edici Gıdalar > Omega 3 & Balık Yağı,65,3,t,omepa-q10-omega3-ubiquinol-90-kapsul
8680807008298,,Voonka Ginseng Coenzyme Q10 30 Kapsül,Voonka,Besin Takviyeleri > Takviye Edici Gıdalar > Ginseng,65,2,t,voonka-ginseng-coenzyme-q10-30-kapsul
8690712027086,,Zade Vital Miniza Sistifix Takviye Edici Gıda 150 ml,Zade Vital,Besin Takviyeleri > Takviye Edici Gıdalar > Cranberry,65,2,t,zade-vital-miniza-sistifix-150-ml
8680434324143,,Artımed İkili İpli Silikon Kulak Koruyucu,Artımed,Kişisel Bakım > Kulak & Burun Tıkacları,64,2,t,artimed-ikili-ipli-silikon-kulak-koruyucu
8681285103154,,B-Good Ekonomik Yarabandı,B-Good,Sağlık Ve Medikal > Medikal & Sağlık Ürünleri > Yara Bandı,64,2,t,b-good-ekonomik-yarabandi
8699009460810,,Barbaris Keratin ve Biotin Komplex 200 ml,Barbaris,Saç Bakım > Saç Tipi & İhtiyaç > Keratin Bakım,64,2,t,barbaris-keratin-ve-biotin-komplex-200-ml
8699009540154,,Exxe Tıbbi İpek Flaster 5 m x 5 cm,Exxe,Sağlık Ve Medikal > Medikal & Sağlık Ürünleri > Flaster,64,2,t,exxe-tibbi-ipek-flaster-5-m-x-5-cm
8699789004013,,Mega Joint Tip II Kolajen 30 Tablet,Mega Farma,Besin Takviyeleri > Kolajen > Kolajen Tip 2,64,2,t,mega-joint-tip-ii-kolajen-30-tablet
8680645530456,,NBT Life Full Life 30 Kapsül,Nbt Life,Besin Takviyeleri > Takviye Edici Gıdalar > Koenzim Q10,64,2,t,nbt-life-fulllife-30-kapsul
7640128141044,,New Life EFA Liquid Orange 150 ml,New Life,Besin Takviyeleri > Takviye Edici Gıdalar > Omega 3 & Balık Yağı,64,3,t,new-life-efa-liquid-orange-balik-yagi-150ml
7640128140993,,New Life GinVit-Lc L- Carnitine 30 Film Tablet,New Life,Besin Takviyeleri > Mineral > Bakır,64,3,t,new-life-ginvit-lc-30-tablet
892590820006,,Nivea Yatıştırıcı Micellar Makyaj Temizleme Suyu Hassas Cilt 400ml,Nivea,Cilt Bakım > Akne Ve Sivilce Ürünleri > Akne Ve Yağlı Cilt Serumları,64,1,t,nivea-yatistirici-micellar-makyaj-temizleme-suyu-hassas-cilt-400ml
33984041318,,Solgar Ginkgo Biloba Leaf Extract 60 Kapsül,Solgar,Besin Takviyeleri > Takviye Edici Gıdalar > Bitkisel Ürünler,64,2,t,solgar-ginkgo-biloba-leaf-extract-60-kapsul
8680133002823,,LifeXtra DAOVeg Diamin Oksidaz Takviye Edici Gıda 30 Tablet,Tab İlaç,Besin Takviyeleri > Takviye Edici Gıdalar > Bitkisel Ürünler,64,3,t,tab-ilac-lifextra-dao-veg-30-tablet
8683229900867,,Venatura Iyot Damla 25 ml,VeNatura,Besin Takviyeleri > Mineral > İyot,64,2,t,venatura-iyot-damla-takviye-edici-gida-25-ml
8683229900225,,Venatura Propolis Damla 30 ml,VeNatura,Besin Takviyeleri > Takviye Edici Gıdalar > Propolis & Arı Sütü,64,2,t,venatura-propolis-damla-takviye-edici-gida-30-ml
8690797105853,,Bebsi Kelebek Emzik No:3 (585),Bebsi,Anne Bebek > Bebek Beslenme Ürünleri > Emzik,63,1,t,bebsi-kelebek-emzik-no3-585
8699009540352,,Exxe Elastik Bandaj 10 cm,Exxe,Sağlık Ve Medikal > Ortopedi Ürünleri > Bandaj,63,2,t,exxe-elastik-bandaj-10-cm
8699080210502,,"Exxe Steril Gaz Kompres 7,5x7,5 cm 5li - 10 Adet",Exxe,Sağlık Ve Medikal > Gaz Kompres,63,2,t,exxe-steril-gaz-kompres-75x75-cm-5li-10-adet
8682276814806,,Hanymish 480 Meyve Süzgeci Yedek Uç,Hanymish,Anne Bebek > Bebek Beslenme Ürünleri > Bebek Beslenme Araçları,63,1,t,hanymish-480-meyve-suzgeci-yedek-uc
8680713008283,,Poblex Çam Tipi Plus Kulak Tıkacı - Large,Poblex,Kişisel Bakım > Kulak & Burun Tıkacları,63,2,t,poblex-cam-tipi-plus-kulak-tikaci-l
33984362185,,Solgar Artichoke Leaf Extract 60 Kapsül,Solgar,Besin Takviyeleri > Takviye Edici Gıdalar > Bitkisel Ürünler,63,2,t,solgar-artichoke-leaf-extract-60-kapsul
8690712028441,,Zade Vital Lipero 60 Kapsül,Zade Vital,Besin Takviyeleri > Mineral > Selenyum,63,2,t,zade-vital-lipero-60-kapsul
8690797102579,,Bebsi Desenli Damaklı Emzik 0-6 Karma Renk,Bebsi,Anne Bebek > Bebek Beslenme Ürünleri > Emzik,62,1,t,bebsi-desenli-damakli-emzik-0-6-karma-renk
8680133002670,,Magnimore All Day 60 Tablet,Magnimore,Besin Takviyeleri > Mineral > Magnezyum,62,2,t,magnimore-all-day-60-tablet
8698995028868,,Reflex Tavuklu Yetişkin Kedi Maması 2 kg,Reflex,Ev & Yaşam > Pet Shop > Kedi Ürünleri,62,1,t,reflex-tavuklu-yetiskin-kedi-mamasi-2-kg
8680434325133,,Artımed Süt Saklama Poşeti 20li,Artımed,Anne Bebek > Emzirme > Süt Saklama Poşeti,61,1,t,artimed-sut-saklama-poseti-20li
8690797102494,,Bebsi Emzik Askısı (249),Bebsi,Anne Bebek > Bebek Beslenme Ürünleri > Bebek Beslenme Araçları,61,1,t,bebsi-emzik-askisi-249
8697595873793,,Ocean Extramag 120 Tablet,Ocean,Besin Takviyeleri > Mineral > Magnezyum,61,3,t,ocean-extramag-120-tablet
8697595871751,,Efervit Sambucus Nigra 20 Efervesan Tablet,Orzax,Besin Takviyeleri > Mineral > Çinko,61,3,t,ocean-efervit-sambucus-nigra-20-eferfesan-tablet
8699603801897,,Sanitabant Tekstil 20 Adet,Sanitabant,Sağlık Ve Medikal > Medikal & Sağlık Ürünleri > Yara Bandı,61,1,t,sanitabant-tekstil-20-adet
8690797106454,,Wee Baby Antikolik Geniş Ağızlı PP Biberon 250 ml Kod:645,Wee Baby,Anne Bebek > Bebek Beslenme Ürünleri > Biberon,61,2,t,wee-baby-antikolik-genis-agizli-pp-biberon-250-ml-kod645
8699680510149,,Wellcare Vitamin D3 + K2 30 ml,Wellcare,Besin Takviyeleri > Vitamin > D3 ve K2 Vitamin,61,2,t,wellcare-d3k2-sprey-30-ml
8699680091884,,Wellcare Çinko Pikolinat 15 mg 60 Kapsül,Wellcare,Besin Takviyeleri > Mineral > Çinko,61,2,t,wellcare-zinc-picolinate-15mg-60-tablet
8680434326833,,Artımed İkili Silikon Çam Tipi Kulak Koruyucu,Artımed,Kişisel Bakım > Kulak & Burun Tıkacları,60,1,t,artimed-ikili-silikon-cam-tipi-kulak-koruyucu
8699009540611,,Exxe Standart Yara Bandı 30lu,Exxe,Sağlık Ve Medikal > Medikal & Sağlık Ürünleri > Yara Bandı,60,2,t,exxe-standart-yara-bandi-30lu
8699592801021,,"Roll İpek Tıbbi Flaster 5m x 2,5cm",Roll,Sağlık Ve Medikal > Medikal & Sağlık Ürünleri > Flaster,60,3,t,roll-ipek-tibbi-flaster-5m-x-25cm
8680133003509,,Tab Vitamins Vitamin K2 60 Kapsül,Tab İlaç,Besin Takviyeleri > Vitamin > D3 ve K2 Vitamin,60,1,t,tab-vitamins-vitamin-k2-60-kapsul
8690797108915,,Wee Baby Akıtmaz Bardak Silikon Yedek Uç 891,Wee Baby,Anne Bebek > Bebek Beslenme Ürünleri > Bebek Beslenme Araçları,60,1,t,wee-baby-akitmaz-bardak-silikon-yedek-uc-891
8683249000912,,Betapad 9 cm x 10 cm Steril Hazır Pansuman Örtüsü,Betasan,Sağlık Ve Medikal > Medikal & Sağlık Ürünleri > Pansuman Örtüleri,59,1,t,betapad-9-cm-x-10-cm-steril-hazir-pansuman-ortusu
8691685020258,,Eyüp Sabri Tuncer Okyanus Kolonyalı Mendil 150li,Eyüp Sabri Tuncer,Ev & Yaşam > Kolonyalı Mendiller,59,1,t,eyup-sabri-tuncer-okyanus-kolonyali-mendil-150li
8682843725924,,Kuteks Boyunluk Ayarlanabilir Bedenli,Kuteks,Sağlık Ve Medikal > Ortopedi Ürünleri > Boyunluk,59,1,t,kuteks-boyunluk-ayarlanabilir-bedenli
8697595872086,,Ocean Omega 3  QH 30 Yumusak Kapsül,Ocean,Besin Takviyeleri > Takviye Edici Gıdalar > Koenzim Q10,59,3,t,ocean-omega-3-qh-takviye-edici-gida-30-kapsul
8680713008238,,Poblex Burun Mandalı,Poblex,Kişisel Bakım > Kulak & Burun Tıkacları,59,2,t,poblex-burun-mandali
8683655308008,,Senkavit Bitkisel Çörekotu Yağı Softjel 1000 mg 100 Kapsül,Senkavit,Besin Takviyeleri > Takviye Edici Gıdalar > Bağışıklık Sistemi,59,2,t,senkavit-bitkisel-corekotu-yagi-softjel-1000-mg-100-kapsul
33984008076,,Solgar Ester-C Plus Immu-Complex 60 Softgel,Solgar,Besin Takviyeleri > Takviye Edici Gıdalar > Bağışıklık Sistemi,59,2,t,solgar-ester-c-plus-immu-complex-60-kapsul
8683229900904,,Venatura Kids Çinko Şurup 100 ml,VeNatura,Besin Takviyeleri > Çocuklar İçin Gıda Takviyesi > Çocuklar İçin Mineral,59,2,t,venatura-kids-cinko-takviye-edici-gida-100-ml
8680807008786,,Voonka Iron Bisglycinate 90 Kapsül,Voonka,Besin Takviyeleri > Mineral > Demir,59,2,t,voonka-iron-bisglycinate-demir-90-kapsul
8685063350143,,Barbaris DIM-S Balance 30 Kapsül,Barbaris,Besin Takviyeleri > Takviye Edici Gıdalar > Bitkisel Ürünler,58,2,t,barbaris-dim-s-balance-30-kapsul
8680434326673,,CX Prezervatif Classic 12li,CX,Kişisel Bakım > Cinsel Sağlık > Uzun Gece,58,2,t,cx-prezervatif-classic-12li
8680133001017,,Magnimore SM 30 Saşe,Magnimore,Besin Takviyeleri > Mineral > Magnezyum,58,3,t,tab-ilac-magnimore-sm-30-sase
4005900975874,,Nivea Creme Soft Banyo ve Duş Jeli 500 ml,Nivea,Kişisel Bakım > Duş & Banyo Ürünleri > Duş Jeli,58,1,t,nivea-creme-soft-banyo-ve-dus-jeli-500-ml
4005900953261,,Nivea Derma Control Clinical Kadın Roll-On Deodorant 50 ml,Nivea,Kişisel Bakım > Parfüm & Deodorant & Kozmetik > Kadın Deodorant > Kadın Roll-On,58,1,t,nivea-derma-control-clinical-kadin-roll-on-deodorant-50-ml
4005900525017,,Nivea Kırışıklık Karşıtı Krem 45 Yaş Üstü 50 ml,Nivea,Cilt Bakım > Cilt ve İhtiyaç Tipi > Anti Age - Yaşlanma Karşıtı,58,1,t,nivea-kirisiklik-karsiti-krem-45-yas-ustu-50-ml
8684441140635,,Nuvite Omega 3 Çikolata Aromalı 300 gr,Nuvite,Besin Takviyeleri > Takviye Edici Gıdalar > Omega 3 & Balık Yağı,58,2,t,nuvite-omega-3-cikolata-aromali-300-gr
4015672111219,,Omron C102 Total Kompresörlü Nebulizatör,Omron,Sağlık Ve Medikal > Medikal & Sağlık Ürünleri > Nebulizatör,58,3,t,omron-c102-total-kompresorlu-nebulizator
8699680080130,,Wellcare Vitamin C 1000 mg Çinko 15 mg 30 Çiğneme Tableti,Wellcare,Besin Takviyeleri > Mineral > Çinko,58,2,t,wellcare-vitamin-c-1000-mg-15-mg-zinc-chewable-30-tablet
8680434325782,,Artımed Bsx313 Bilekten Ölçer Tansiyon Aleti,Artımed,Sağlık Ve Medikal > Medikal & Sağlık Ürünleri > Tansiyon Aleti,57,2,t,artimed-as-55a-bilekten-olcer-tansiyon-aleti
8680434324150,,Artımed İkili Silikon Kulak Koruyucu,Artımed,Sağlık Ve Medikal > Medikal & Sağlık Ürünleri > Göz & Burun & Kulak Damlaları > Kulak Temizleme Seti,57,2,t,artimed-ikili-silikon-kulak-koruyucu
8699708260049,,Magnesium Diasporal 300 gr 20 Granül Saşe,Assos İlaç,Besin Takviyeleri > Mineral > Magnezyum,57,3,t,magnesium-diasporal-granul-20-sase
8699009540536,,Exxe Sıcak Soğuk Jel Kompres Kılıflı 27 x 35cm,Exxe,Sağlık Ve Medikal,57,2,t,exxe-sicak-soguk-jel-kompres-kilifli-27-x-35cm
8693283080023,,Kuteks Yün Korse No: 2,Kuteks,Sağlık Ve Medikal > Ortopedi Ürünleri > Korse,57,1,t,kuteks-yun-korse-no-2
8697595873656,,Ocean Gummies Vitamin D3 60 Çiğneme Form,Ocean,Besin Takviyeleri > Takviye Edici Gıdalar,57,2,t,ocean-gummies-vitamin-d3-1000iu-60-yumusak-tablet
8697595873007,,Ocean Tribulus Terrestris 60 Kapsül,Ocean,Besin Takviyeleri > Takviye Edici Gıdalar > Bitkisel Ürünler,57,3,t,ocean-tribulus-terrestris-takviye-edici-gida-60-kapsul
33984009325,,Solgar Coenzyme Q-10 30 mg 60 Kapsül,Solgar,Besin Takviyeleri > Takviye Edici Gıdalar > Koenzim Q10,57,2,t,solgar-coenzyme-q-10-30-mg-60-kapsul
8684382997480,,Kuteks Med Kağıt Flaster 5 cm x 5 m,Kuteks,Sağlık Ve Medikal > Medikal & Sağlık Ürünleri > Flaster,56,2,t,kuteks-med-kagit-flaster-5-cm-x-5-m
8680645531064,,Duobalance Drop 20 ml,Nbt Life,Besin Takviyeleri > Probiyotik & Prebiyotik,56,2,t,nbt-life-duobalance-drop-20-ml
8690712026867,,Zade Vital Miniza Omega-3 ve Yer Fıstığı Şurubu 150 ml,Zade Vital,Besin Takviyeleri > Takviye Edici Gıdalar > Omega 3 & Balık Yağı,56,2,t,zade-vital-miniza-omega-3-yer-fistigi-yagi-150-ml-takviye-edici-gida
8681227070674,,Artımed Nebulizatör Maske Seti Yetişkin,Artımed,Sağlık Ve Medikal > Medikal & Sağlık Ürünleri > Maske & Siperlik,55,2,t,artimed-nebulizator-maske-seti-yetiskin
8682511022485,,Kuteks Klasik Dizlik Medium,Kuteks,Sağlık Ve Medikal > Ortopedi Ürünleri > Dizlik,55,1,t,kuteks-klasik-dizlik-medium
8680645531170,,NBT Life Lifecose Gummy 60 Kapsül,Nbt Life,Besin Takviyeleri > Takviye Edici Gıdalar,55,2,t,nbt-life-lifecose-gummy-60-yumusak-kapsul
4006000176741,,Nivea Derma Control Natural Tone Kadınlara Özel Sprey Deodorant 150 ml,Nivea,Kişisel Bakım > Parfüm & Deodorant & Kozmetik > Kadın Deodorant,55,1,t,nivea-derma-control-natural-tone-kadinlara-ozel-sprey-deodorant-150-ml
850071952995,,Ocean B Complex 60 Kapsül,Ocean,Besin Takviyeleri > Vitamin > B Vitamini,55,3,t,ocean-b-complex-60-kapsul
8697595871454,,Efervit Vitamin C 1000 mg 20 Efervesan Tablet,Orzax,Besin Takviyeleri > Vitamin > C Vitamini,55,2,t,ocean-efervit-vitamin-c-1000mg-20-tablet
8680133000935,,Osende D3K2 Komplex Damla 20 ml,Osende,Besin Takviyeleri > Takviye Edici Gıdalar > Bağışıklık Sistemi,55,2,t,osende-d3k2-complex-20-ml-damla
8683655089396,,Voonka Bromelain 60 Kapsül,Voonka,Besin Takviyeleri > Takviye Edici Gıdalar > Bitkisel Ürünler,55,2,t,voonka-bromelain-60-kapsul
3522930005285,,Caudalie Fresh Fragrance Thé des Vignes 50 ml,Caudalie,Kişisel Bakım > Parfüm & Deodorant & Kozmetik > Erkek Deodorant > Erkek Parfüm,54,1,t,caudalie-fresh-fragrance-the-des-vignes-50-ml
8699080225216,,DS Plus Sıcak Soğuk Kompres Kılıflı 13x13 cm,DS Plus,Sağlık Ve Medikal > Medikal & Sağlık Ürünleri > Sıcak Soğuk Kompres,54,2,t,ds-plus-sicak-soguk-kompres-kilifli-13x13-cm
4006000098791,,Nivea Lip Cheek Caring Red,Nivea,Cilt Bakım > Yüz Bakımı > Dudak Bakımı,54,1,t,nivea-lip-cheek-caring-red
8697595873403,,Ocean ExtraMag 30 Efervesan Saşe,Ocean,Besin Takviyeleri > Mineral > Magnezyum,54,3,t,ocean-extramag-30-sase
8690784918558,,"Raid Gece  Gündüz Sistem Yedek 2,2 g",Raid,Ev & Yaşam > Sinek Kovucu,54,2,t,raid-gece-gunduz-elektro-yedek
8683655308152,,"senkavit 5 HTP, Valeriana, Melisa, L-Teanin ve Vitamin B6 içeren 60 Lı Tablet",Senkavit,Besin Takviyeleri > Takviye Edici Gıdalar > L-Teanin,54,2,t,senkavit-5-htp-valeriana-melisa-l-teanin-ve-vitamin-b6-iceren-60-li-tablet
33984041066,,Solgar Astragalus Root 60 Kapsül,Solgar,Besin Takviyeleri > Takviye Edici Gıdalar,54,2,t,solgar-astragalus-root-extract-60-kapsul
8699708190087,,Relactaz Damla 15 ml,Assos İlaç,Besin Takviyeleri > Takviye Edici Gıdalar > Sindirim Sistemi,53,2,t,relactaz-laktaz-enzimi-iceren-damla-15-ml
8698694560195,,Goldfine Plus İnsülin İğne Ucu 31G 8mm,Caudalie,Kişisel Bakım > Ağız Gargaraları,53,1,t,goldfine-plus-insulin-igne-ucu-31g-8mm
8699009540246,,Exxe Optik Yapışkanlı Oval Göz Pedi Çocuk 5li,Exxe,Sağlık Ve Medikal > Medikal & Sağlık Ürünleri > Göz Pedi,53,2,t,exxe-optik-yapiskanli-oval-goz-pedi-cocuk-5li
3337875920582,,La Roche Posay Hyalu B5 Suractivated Serum 30 ml,La Roche Posay,Cilt Bakım > Cilt ve İhtiyaç Tipi > Anti Age - Yaşlanma Karşıtı,53,1,t,la-roche-posay-hyalu-b5-suractivated-serum-30-ml
850077028748,,Ocean Extramag Fibra 60 Tablet,Ocean,Besin Takviyeleri > Mineral > Magnezyum,53,3,t,ocean-extramag-fibra-60-tablet
8680133003073,,Tabvitamins 5-Htp 30 Kapsül,Tab İlaç,Besin Takviyeleri > Vitamin > 5-HTP,53,3,t,tabvitamins-5htp-30-kapsul
7322542092118,,Tena Silhouette Plus Kadınlara Özel Yüksek Bel Emici Külot Siyah Large 8 li,Tena,Kişisel Bakım > Kadın Hijyeni > Tampon,53,2,t,tena-silhouette-plus-kadinlara-ozel-yuksek-bel-emici-kulot-siyah-large-8-li
8698758949768,,Luxor Dizlik - Bedensiz 202,Luxor,Sağlık Ve Medikal,52,1,t,luxor-dizlik-bedensiz-202
8699273579218,,Plentyfert 30 Saşe,Mnc İlaç,Besin Takviyeleri > Mineral > Bakır,52,3,t,plentyfert-30-sase
850069595203,,Ocean Mood 30 Kapsül,Ocean,Besin Takviyeleri > Vitamin > 5-HTP,52,3,t,ocean-mood-30-kapsul
8697595871768,,Efervit Sambucus Nigra İkili Tablet 20+20 - İkincisi %50 İndirimli,Orzax,Besin Takviyeleri > Mineral > Çinko,52,2,t,ocean-efervit-sambucus-nigra-20-efervesan-tablet-x-2-adet
8683249001032,,Sanitabant Şeffaf Yara Bandı 20li (610),Sanitabant,Sağlık Ve Medikal > Medikal & Sağlık Ürünleri > Yara Bandı,52,1,t,sanitabant-seffaf-yara-bandi-20li-610
3401395566091,,SVR Xerial Nails Gel 10ml,Svr,Kişisel Bakım > El & Ayak Bakımı > Manikür,52,1,t,svr-xerial-nails-gel-10ml
8683229901116,,Venatura Magnezyum Malat 60 Tablet,VeNatura,Besin Takviyeleri > Mineral > Magnezyum,52,2,t,venatura-magnezyum-malat-takviye-edici-gida-60-tablet
8690797107000,,Wee Baby 700 Pure Kauçuk Yuvarlak Uçlu Emzik No:3,Wee Baby,Anne Bebek > Bebek Beslenme Ürünleri > Emzik,52,2,t,wee-baby-700-pure-kaucuk-yuvarlak-uclu-emzik-no3
8690797105983,,Bebsi Meyve Süzgeci (598),Bebsi,Anne Bebek > Bebek Beslenme Ürünleri > Bebek Beslenme Araçları,51,1,t,bebsi-meyve-suzgeci-598
8690530052543,,Detan Karınca Yemi Extra 2li,Detan,Ev & Yaşam,51,3,t,detan-karinca-yemi-extra-2li
8699009540208,,"Exxe Fix Elastik Sabitleme Bandı 5m x 2,5cm",Exxe,Sağlık Ve Medikal > Medikal & Sağlık Ürünleri > Pansuman Örtüleri,51,2,t,exxe-fix-elastik-sabitleme-bandi-5m-x-25cm
8682511022492,,Kuteks Klasik Dizlik L (4) Beden,Kuteks,Sağlık Ve Medikal > Ortopedi Ürünleri > Dizlik,51,1,t,kuteks-klasik-dizlik-l-4-beden
8698758940680,,Luxor 629 Bünyon Koruyuculu Parmak Makarası Tek - Standart,Luxor,Sağlık Ve Medikal > Ortopedi Ürünleri > Parmak Ayırıcılar,51,1,t,luxor-629-bunyon-koruyuculu-parmak-makarasi-tek-standart
8697595872758,,Ocean Quercetin 100 mg 60 Kapsül,Ocean,Besin Takviyeleri > Vitamin > Quercetin,51,3,t,ocean-lipozomal-quercetin-100-mg-60-kapsul
8680713008450,,Poblex Çam Tipi Plus Kulak Tıkacı - Small,Poblex,Kişisel Bakım > Kulak & Burun Tıkacları,51,2,t,poblex-cam-tipi-plus-kulak-tikaci-1-cift-bedens-kutulu
8699592822699,,Roll Bant Yara Bandı Sevimli Patiler 12li,Roll,Sağlık Ve Medikal > Medikal & Sağlık Ürünleri > Yara Bandı,51,2,t,roll-bant-yara-bandi-sevimli-patiler-12li
8680133001178,,Quercin Fitozomal Kuersetin Bromelain Vitamin ve Mineral 60 Kapsül,Tab İlaç,Besin Takviyeleri > Mineral > Çinko,51,3,t,tab-ilac-quercin-kuersetin-bromelain-vitamin-ve-mineral-60-kapsul
8680807008069,,Voonka Co Q10 100 mg 30 Yumuşak Jel,Voonka,Besin Takviyeleri > Takviye Edici Gıdalar > Koenzim Q10,51,2,t,voonka-coq10-100mg-30-kapsul
8690712012044,,Zade Vital Kabak çekirdeği Yağı 320 mg 60 Kapsül Blister,Zade Vital,Besin Takviyeleri > Takviye Edici Gıdalar > Bitkisel Ürünler,51,2,t,zade-vital-kabak-cekirdegi-yagi-60-kapsul
8685063350006,,Barbaris Collagen Elastin Powder 285 gr 30 Şase,Barbaris,Besin Takviyeleri > Kolajen > Kolajen Tip 2,50,1,t,barbaris-collagen-elastin-powder-285-gr-30-sase
8699080225643,,"DS Plus Kağıt Flaster 5 m x 2,5 cm",DS Plus,Sağlık Ve Medikal > Medikal & Sağlık Ürünleri > Flaster,50,2,t,ds-plus-kagit-flaster-5-m-x-25-cm
8698758946354,,Luxor 407 Kol Askısı Lüx - xLarge,Luxor,Sağlık Ve Medikal,50,1,t,luxor-407-kol-askisi-lux-xlarge
8680645530517,,Nbt Life Chromon 60 Kapsül,Nbt Life,Besin Takviyeleri > Mineral > Krom,50,2,t,nbt-life-chromon-60-kapsul
8447289000055,,Okey Rötar Max Prezervatif 20lu,Okey,Kişisel Bakım > Cinsel Sağlık > Prezervatif,50,1,t,okey-rotar-max-prezervatif-20lu
8690784918442,,"Raid Gece  Gündüz Sistem 2,2 g",Raid,Ev & Yaşam > Sinek Kovucu,50,2,t,raid-gece-gunduz-elektro-sistem
8683655089211,,Voonka Alfaga Life 30 Tablet,Voonka,Besin Takviyeleri > Mineral > Kalsiyum,50,1,t,voonka-alfaga-life-30-tablet
8699680650036,,Wellcare Collagen Beauty Plus 10000 mg Frenk Üzümü  Portakal 30 x 40 ml + 30 Kapsül,Wellcare,Besin Takviyeleri > Kolajen > Kolajen Tip 1-3,50,2,t,wellcare-collagen-beauty-boost-plus-frenk-uzumu-portakal-aromali-10000-mg-likit-form-40mlx30shot-30-kapsul
8685063350112,,Barbaris Kolajen Powderthree Peptides Complex 60 Şase-2PAKET,Barbaris,Besin Takviyeleri > Kolajen > Toz Kolajen,49,2,t,barbaris-kolajen-powder-three-peptides-complex-302-paket
8685063350082,,Barbaris Pure Saffron 60 Kapsül,Barbaris,Besin Takviyeleri > Takviye Edici Gıdalar > Bitkisel Ürünler,49,1,t,barbaris-pure-saffron-60-kapsul
8683249000028,,"Betaplast Tıbbi Bez Flaster 5 m x 2,5 cm",Betasan,Sağlık Ve Medikal > Medikal & Sağlık Ürünleri > Flaster,49,1,t,betaplast-tibbi-bez-flaster-5-m-x-25-cm
4043752174694,,Duracell İşitme Cihazı Pili 13,Duracell,Sağlık Ve Medikal > Medikal & Sağlık Ürünleri > İşitme Cihazı Pilleri,49,3,t,duracell-activair-isitme-cihazi-pili-6li-no-13
8691091035938,,Lapitak Tırnak Bakım Kremi 15 ml,Lapitak,Sağlık Ve Medikal > Medikal & Sağlık Ürünleri > Tırnak Bakım,49,1,t,lapitak-tirnak-bakim-kremi-15-ml
8698758946040,,Luxor 704 Nelson Boyunluk 40-42 cm No: 4,Luxor,Sağlık Ve Medikal > Ortopedi Ürünleri > Boyunluk,49,1,t,luxor-704-nelson-boyunluk-40-42-cm-no-4
8680645530418,,NBT Life Duosvit Vmo 30 Duokapsül,Nbt Life,Besin Takviyeleri > Mineral > Bakır,49,2,t,nbt-life-duosvit-vmo-30-kapsul
8680133001260,,Lectus Focus 150 ml,Tab İlaç,Besin Takviyeleri > Mineral > Krom,49,2,t,lectus-focus-150-ml
8699680510125,,Wellcare Vitamin D3 Sprey 600 IU 30 ml,Wellcare,Besin Takviyeleri > Vitamin > D3 ve K2 Vitamin,49,2,t,wellcare-vitamin-d3-600-iu-30-ml
8683270544256,,Anocin Magnezyum X4 Complex CitrateTaurate Bisglycinate Malate Bromelain Hyaluronik Asit D+ B12 + B6 30 Tablet,Anocin,Besin Takviyeleri > Mineral > Magnezyum,48,1,t,anocin-magnezyum-x4-complex-citratetaurate-bisglycinate-malate-bromelain-hyaluronik-asit-d-b12-b6-30-tablet
8690797105839,,Bebsi Kelebek Emzik No:1 (583),Bebsi,Anne Bebek > Bebek Beslenme Ürünleri > Emzik,48,1,t,bebsi-kelebek-emzik-no1-583
8691685027509,,Eyüp Sabri Tuncer Active Women - Kadın Spray Deodorant 200ml,Eyüp Sabri Tuncer,Kişisel Bakım > Parfüm & Deodorant & Kozmetik > Kadın Deodorant > Kadın Parfüm,48,1,t,eyup-sabri-tuncer-active-women-kadin-spray-deodorant-200ml
8682276819306,,Hanymish 930 Burun Aspiratörü,Hanymish,Anne Bebek > Bebek Bakım > Burun Aspiratörü,48,2,t,hanymish-930-burun-aspiratoru
8682511021990,,Kuteks Abdominal Karın Korsesi Standart,Kuteks,Sağlık Ve Medikal > Ortopedi Ürünleri > Korse,48,1,t,kuteks-abdominal-karin-korsesi-standart
8680133000676,,Magnimore GM 60 Tablet,Magnimore,Besin Takviyeleri > Mineral > Magnezyum,48,2,t,magnimore-gm-60-tablet
8699273574794,,Umbrella+ Plus Premium Formulation 30 Kapsül,Mnc İlaç,Besin Takviyeleri > Mineral > Bakır,48,1,t,umbrella-plus-premium-formulation-30-kapsul
8680133000775,,Osende Vitamin B12 60 Ağızda Dağılan Tablet,Osende,Besin Takviyeleri > Takviye Edici Gıdalar > Saç ve Tırnak Sağlığı,48,2,t,osende-vitamin-b12-60-tablet
8699592822675,,Roll Bant Yara Bandı Prenses Deniz Kızı 12li,Roll,Sağlık Ve Medikal > Medikal & Sağlık Ürünleri > Yara Bandı,48,2,t,roll-bant-yara-bandi-prenses-deniz-kizi-12li
8690605073374,,Sesu Ağda Bandı Yüz Hassas Ciltler 20li,Sesu,Cilt Bakım > Akne Ve Sivilce Ürünleri > Akne Ve Yağlı Cilt Serumları,48,1,t,sesu-agda-bandi-yuz-hassas-ciltler-20li
33984001404,,Solgar L-Arginine 500 mg 50 Kapsül,Solgar,Besin Takviyeleri > Takviye Edici Gıdalar,48,2,t,solgar-l-arginine-500-mg-50-kapsul
3401381328825,,SVR Spirial Deodorant Anti-Perspiriant Cream 50ml,Svr,Cilt Bakım > Vücut Bakım > Vücut Kremi,48,1,t,svr-spirial-deodorant-anti-perspiriant-cream-50ml
8680133002786,,Gavinda 12 Likit Şase,Tab İlaç,Besin Takviyeleri > Mineral > Kalsiyum,48,2,t,gavinda-12-likit-sase
8680133002915,,Tabvitamins Passiflora 30 Kapsül,Tab İlaç,Besin Takviyeleri > Takviye Edici Gıdalar > Bitkisel Ürünler,48,2,t,tab-ilac-vitamins-passiflora-30-kapsul
7322542091227,,TENA Kadın Yüksek Bel Siyah Emici Külot M (Medium) – 9’lu Paket,Tena,Kişisel Bakım > Kadın Hijyeni > Tampon,48,2,t,tena-kadin-yuksek-bel-siyah-emici-kulot-m-medium-9lu-paket
7322542090213,,TENA Kadın Yüksek Bel Ten Emici Külot L (Large) – 8’li Paket,Tena,Kişisel Bakım > Kadın Hijyeni > Tampon,48,2,t,tena-kadin-yuksek-bel-ten-emici-kulot-l-large-8li-paket
8683229901093,,Venatura Betain HCL + Pepsin Takviye Edici Gıda 90 Tablet,VeNatura,Besin Takviyeleri > Takviye Edici Gıdalar,48,1,t,venatura-betain-hcl-pepsin-takviye-edici-gida-90-tablet
8690797104375,,Wee Baby Yalancı Emzik Damaklı No:1 2’li (437),Wee Baby,Anne Bebek > Bebek Beslenme Ürünleri > Emzik,48,1,t,wee-baby-yalanci-emzik-damakli-no1-2li-437
8681285104359,,"B-Good Desenli Göz Pedi Kız 5,7cm x 7,2cm - 54 Adet",B-Good,Sağlık Ve Medikal > Medikal & Sağlık Ürünleri > Göz Pedi,47,2,t,b-good-desenli-goz-pedi-kiz-57cm-x-72cm-54-adet
8690797103279,,Bebsi 327 Biberon Klasik Cam Blister 125 ml,Bebsi,Anne Bebek > Bebek Beslenme Ürünleri > Biberon,47,1,t,bebsi-327-biberon-klasik-cam-blister-125-ml
8699080228040,,"Ds Plus Su Geçirmez Şeffaf Yara Örtüsü 5x7,5 cm 10 adet",DS Plus,Sağlık Ve Medikal > Ortopedi Ürünleri > Sargı ve Sargı Bezi > Yara Örtüsü,47,1,t,ds-plus-su-gecirmez-seffaf-yara-ortusu-5x75-cm-10-adet
8691685027486,,Eyüp Sabri Tuncer Floral-Kadın Sprey Deodorant 200 ml,Eyüp Sabri Tuncer,Kişisel Bakım > Parfüm & Deodorant & Kozmetik > Kadın Deodorant > Kadın Parfüm,47,1,t,eyup-sabri-tuncer-floral-kadin-sprey-deodorant-200-ml
8691685027530,,Eyüp Sabri Tuncer Soft Kadın Sprey Deodorant 200 Ml,Eyüp Sabri Tuncer,Kişisel Bakım > Parfüm & Deodorant & Kozmetik > Kadın Deodorant > Kadın Parfüm,47,1,t,eyup-sabri-tuncer-soft-kadin-sprey-deodorant-200-ml
8680133001659,,Lectus Metilkobalamin Kids B12 Dil Altı Sprey 5 ml,Lectus,Besin Takviyeleri > Vitamin > Vitamin B12,47,3,t,lectus-kids-b12-500-mcg-5-ml-dilalti-sprey
4005900972095,,Nivea Derma Skin Clear Sivilce Karşıtı Peeling 150 ml,Nivea,Cilt Bakım > Yüz Bakımı > Peeling,47,1,t,nivea-derma-skin-clear-sivilce-karsiti-peeling-150-ml
4005900525352,,Nivea Kırışıklık Karşıtı Krem 55 Yaş Üstü 50 ml,Nivea,Cilt Bakım > Akne Ve Sivilce Ürünleri > Akne Ve Yağlı Cilt Serumları,47,1,t,nivea-kirisiklik-karsiti-krem-55-yas-ustu-50-ml
4006000252230,,Nivea Men Black White Epic Night Erkek Sprey Deodorant 150 ml,Nivea,Kişisel Bakım > Parfüm & Deodorant & Kozmetik > Erkek Deodorant,47,1,t,nivea-men-black-white-epic-night-erkek-sprey-deodorant-150-ml
4005900897848,,Nivea Yüz Kremi Besleyici Yağlı His Bırakmaz 100 ml,Nivea,Cilt Bakım > Akne Ve Sivilce Ürünleri > Akne Ve Yağlı Cilt Serumları,47,1,t,nivea-yuz-kremi-besleyici-yagli-his-birakmaz-100-ml
33984019409,,Solgar Folate 400 mg 50 Tablet,Solgar,Besin Takviyeleri > Takviye Edici Gıdalar > Folik Asit,47,2,t,solgar-folate-metafolin-400-mcg-50-tablet
8680133001192,,Lifextra Cranberry 30 Kapsül,Tab İlaç,Besin Takviyeleri > Takviye Edici Gıdalar > Cranberry,47,3,t,lifextra-cranberry-30-kapsul
7322542088487,,TENA Kadın Yüksek Bel Ten Emici Külot M 9’lu,Tena,Kişisel Bakım > Kadın Hijyeni > Tampon,47,2,t,tena-kadin-yuksek-bel-ten-emici-kulot-m-9lu
8683229900027,,Venatura Bromelain 60 Kapsül,VeNatura,Besin Takviyeleri > Takviye Edici Gıdalar > Bağışıklık Sistemi,47,2,t,venatura-bromelain-takviye-edici-gida-60-kapsul
8683229901055,,Venatura Magnezyum Sitrat ve P-5-P Vitamin B6 90 Kapsül,VeNatura,Besin Takviyeleri > Mineral > Magnezyum,47,2,t,venatura-magnezyum-sitrat-ve-p5p-vitamin-b6-90-kapsul
8690570555219,,Veet Mucizevi Yağ Tüy Alımı Sonrası Nemlendirici 100 ml,Veet,Cilt Bakım > Cilt ve İhtiyaç Tipi > Nemlendirme,47,1,t,veet-mucizevi-yag-tuy-alimi-sonrasi-nemlendirici-100-ml
8680807008335,,Voonka Vitamin B12 90 Tablet,Voonka,Besin Takviyeleri > Vitamin > Vitamin B12,47,2,t,voonka-vitamin-b12-icerikli-takviye-edici-gida-90-tablet
8690088005541,,Avicenna Provitec Çocuk 150 ml,Avicenna,Besin Takviyeleri > Mineral > Çinko,46,2,t,avicenna-provitec-150ml
8699009458350,,Barbaris Kolajen Powder Three Peptides Complex 30 Saşe,Barbaris,Besin Takviyeleri > Kolajen > Kolajen Tip 1-3,46,2,t,barbaris-collagen-powder-three-peptides-complex-30-sase
8699080210496,,"Exxe Steril Gaz Kompres 7,5x7,5 cm 5li - 5 Adet",Exxe,Sağlık Ve Medikal > Medikal & Sağlık Ürünleri > Medikal Sarf Ürünleri,46,2,t,exxe-steril-gaz-kompres-75x75-cm-5li-5-adet
8698758947894,,Luxor Başparmak Destekli El-bilek Ateli - 193 - Sol,Luxor,Sağlık Ve Medikal > Ortopedi Ürünleri > Bileklik,46,1,t,luxor-basparmak-destekli-el-bilek-ateli-193-sol
8682162000078,,Mustela Soothing Comfort Chest Rub Rahatlatıcı Göğüs Balsamı 40 ml,Mustela,Anne Bebek > Bebek Bakım > Bebek Kremi,46,1,t,mustela-soothing-comfort-chest-rub-rahatlatici-gogus-balsami-40-ml
8690570556216,,Veet Pure Tüy Dökücü Krem 100 ml,Veet,Kişisel Bakım > Ağda & Epilasyon > Tüy Dökücü,46,1,t,veet-pure-tuy-dokucu-krem-100-ml
8680434323801,,Artimed Kırmızı Bebek Hava Haznesi Chamber 0-1 Yaş,Artımed,Sağlık Ve Medikal > Medikal & Sağlık Ürünleri,45,1,t,artimed-kirmizi-bebek-hava-haznesi-chamber-0-1-yas
8691685027493,,Eyüp Sabri Tuncer Fresh Kadın Sprey Deodorant 200 ml,Eyüp Sabri Tuncer,Kişisel Bakım > Parfüm & Deodorant & Kozmetik > Kadın Deodorant > Kadın Parfüm,45,1,t,eyup-sabri-tuncer-fresh-kadin-sprey-deodorant-200-ml
8680133001581,,Magnimore Magnesium L-Threonate 90 Kapsül,Magnimore,Besin Takviyeleri > Mineral > Magnezyum,45,3,t,magnimore-magnesium-l-threonate-90-kapsul
8699789004389,,Mega Farma Fibrolac 60 Enterik Kapsül,Mega Farma,Besin Takviyeleri > Takviye Edici Gıdalar > Bağışıklık Sistemi,45,1,t,mega-farma-fibrolac-60-enterik-kapsul
8680645531156,,Nbt Life Duobalance Oral 30 Probiyotik Pastil,Nbt Life,Besin Takviyeleri > Probiyotik & Prebiyotik,45,2,t,nbt-life-duobalance-oral-30-probiyotik-pastil
8690530066380,,Solo Beyaz Sabun Kokulu Islak Mendil 90 Adet,Solo,Anne Bebek > Bebek Bakım > Islak Mendil,45,1,t,solo-beyaz-sabun-kokulu-islak-mendil-90-adet
8683229900676,,Venatura L-Arjinin 60 Tablet,VeNatura,Besin Takviyeleri > Takviye Edici Gıdalar > Koenzim Q10,45,2,t,venatura-l-arjinin-koenzim-q10-ve-bitkisel-ekstreler-takviye-edici-gida-60-tablet
8698751001821,,İmubest Afrika Sardunyası Propolis Sprey Alkolsüz 30 ml,İmubest,Besin Takviyeleri > Takviye Edici Gıdalar > Ağız & Boğaz Spreyi,45,2,t,imubest-afrika-sardunyasi-propolis-30-ml-sprey
8699080225124,,DS Plus Elastik Bandaj 15x120 cm,DS Plus,Sağlık Ve Medikal > Ortopedi Ürünleri > Bandaj,44,1,t,ds-plus-elastik-bandaj-15x120-cm
8693239238003,,Detan Elektro Likit Super 60 Gece Yedek,Detan,Ev & Yaşam > Sinek Kovucu,44,1,t,detan-elektro-likit-super-60-gece-yedek
8699009540369,,Exxe Elastik Bandaj 12 cm,Exxe,Sağlık Ve Medikal > Ortopedi Ürünleri > Bandaj,44,2,t,exxe-elastik-bandaj-12-cm
8699080210526,,"Exxe Gaz Kompres 7,5x7,5 cm 5x20 Paket - 100lü",Exxe,Sağlık Ve Medikal > Medikal & Sağlık Ürünleri > Medikal Sarf Ürünleri,44,2,t,exxe-gaz-kompres-75x75-cm-5x20-paket-100lu
8691685027400,,Eyüp Sabri Tuncer Doğal Ananas Özlü 2-6 Yaş Çocuk Diş Macunu 60 ml,Eyüp Sabri Tuncer,Kişisel Bakım > Diş Macunu,44,1,t,eyup-sabri-tuncer-dogal-ananas-ozlu-2-6-yas-cocuk-dis-macunu-60-ml
8684382998692,,Kuteks Fix Esnek Flaster 5 cm x 5 m,Kuteks,Sağlık Ve Medikal > Medikal & Sağlık Ürünleri > Flaster,44,1,t,kuteks-fix-esnek-flaster-5-cm-x-5-m
8698758948334,,Luxor Silikon Topukluk - Large - 606,Luxor,Sağlık Ve Medikal > Ortopedi Ürünleri > Topukluk,44,1,t,luxor-silikon-topukluk-large-606
8680645530739,,NBT Life Teamct 30 Şase,Nbt Life,Besin Takviyeleri > Bitki Çayı,44,2,t,nbt-life-teamct-30-sase
8680645530845,,Nbt Life Enzymlife Dgs 60 Kapsül,Nbt Life,Besin Takviyeleri,44,2,t,nbt-life-enzymlife-dgs-60-kapsul
8680512633174,,Nutraxin Multivitamin Mineral Immune 60 Tablet,Nutraxin,Besin Takviyeleri > Takviye Edici Gıdalar > Bağışıklık Sistemi,44,2,t,nutraxin-multivitamin-mineral-immune-60-tablet
8699592821234,,Roll Universal Başparmak Desteksiz El Bilek Ateli,Roll,Sağlık Ve Medikal > Ortopedi Ürünleri > Bileklik,44,1,t,roll-universal-basparmak-desteksiz-el-bilek-ateli
8690530057470,,Selpak Organik Bambu ve Zeytinyağlı Islak Mendil 50li,Selpak,Anne Bebek > Bebek Bakım > Islak Mendil,44,1,t,selpak-organik-bambu-ve-zeytinyagli-islak-mendil-50li
8699522001033,,Sensodyne Gentle Hassas Bakım Diş Fırçası Yumuşak,Sensodyne,Anne Bebek,44,1,t,sensodyne-gentle-hassas-bakim-dis-fircasi-yumusak
33984017603,,Solgar Fish Oil Concentrate 1000 mg 60 Softgel,Solgar,Besin Takviyeleri > Takviye Edici Gıdalar > Omega 3 & Balık Yağı,44,2,t,solgar-fish-oil-1000-mg-60-kapsul
8682241302079,,Voonka Biotin Chewable 60 Çiğneme Tableti,Voonka,Besin Takviyeleri > Vitamin > Biotin,44,2,t,voonka-biotin-chewable-takviye-edici-gida-5000-mg-62-tablet
8680807008304,,Voonka Ginseng Ginkgo Biloba L-Arginine 30 Kapsül,Voonka,Besin Takviyeleri > Takviye Edici Gıdalar > Ginseng,44,2,t,voonka-ginseng-ginkgo-biloba-ve-l-arginine-30-kapsul
8690797109059,,Wee Baby Bebek Kulak Çubuğu 100lü,Wee Baby,Kişisel Bakım > Duş & Banyo Ürünleri > Kulak Çubuğu,44,1,t,wee-baby-bebek-kulak-cubugu-100lu
8699680250113,,Wellcare Collagen Beauty Boost Plus 10.000 mg Nar Aromalı 30 Saşe,Wellcare,Besin Takviyeleri > Kolajen > Kolajen Tip 1-3,44,2,t,wellcare-collagen-beauty-boost-plus-nar-aromali-117gr-x-30-sase
8681285100603,,"B-Good Fix Esnek NW Flaster 10m x 2,5cm",B-Good,Sağlık Ve Medikal > Medikal & Sağlık Ürünleri > Flaster,43,2,t,b-good-fix-esnek-nw-flaster-10m-x-25cm
8681285100740,,"B-Good İpek Flaster 5m x 2,5cm",B-Good,Sağlık Ve Medikal > Medikal & Sağlık Ürünleri > Flaster,43,2,t,b-good-ipek-flaster-5m-x-25cm
8685063350174,,Barbaris Slymarin + Pro Liver 30 Tablet,Barbaris,Besin Takviyeleri > Takviye Edici Gıdalar > Bağışıklık Sistemi,43,1,t,barbaris-slymarin-pro-liver-30-tablet
8681780110732,,Beybi Eldiven Pudralı Large 100 Adet,Beybi,Sağlık Ve Medikal > Medikal & Sağlık Ürünleri > Eldiven,43,1,t,beybi-eldiven-pudrali-large-100-adet
8681291005220,,Centrum Men Multivitamin ve Multimineral 30 Tablet,Centrum,Besin Takviyeleri > Mineral > Bakır,43,2,t,centrum-men-multivitamin-30-tablet
8699009540376,,Exxe Elastik Bandaj 15 cm,Exxe,Sağlık Ve Medikal > Ortopedi Ürünleri > Bandaj,43,2,t,exxe-elastik-bandaj-15-cm
8470002141445,,Heliocare 360 Oil-Free Compact Güneş Koruyucu SPF50+ 10 gr - Pearl,Heliocare,Güneş Bakım > Yüz Güneş Kremi > Compact Güneş Koruyucu,43,1,t,heliocare-360-oil-free-compact-gunes-koruyucu-spf50-10-gr-pearl
8684382998722,,Kuteks Fix Esnek Flaster 10 cm x 10 m,Kuteks,Sağlık Ve Medikal > Medikal & Sağlık Ürünleri > Flaster,43,1,t,kuteks-fix-esnek-flaster-10-cm-x-10-m
4005900974396,,Nivea Derma Skin Clear Yüz Temizleme Jeli 150 ml,Nivea,Cilt Bakım > Cilt ve İhtiyaç Tipi > Karma Cilt,43,1,t,nivea-derma-skin-clear-yuz-temizleme-jeli-150-ml
8680512633679,,Nutraxin Extra Gel Mentol Ferahlığı Masaj Jeli 100 ml,Nutraxin,Cilt Bakım > Vücut Bakım > Masaj Yağı,43,2,t,nutraxin-extra-gel-100-ml
8697595872253,,Ocean Microfer 30 Saşe,Ocean,Besin Takviyeleri > Mineral > Demir,43,2,t,ocean-microfer-30-sase-takviye-edici-gida
8680133000799,,Osende Demir C 60 Kapsül,Osende,Besin Takviyeleri > Mineral > Demir,43,3,t,osende-demir-c-60-kapsul
8699592821241,,Roll Universal Başparmak Destekli El Bilek Ateli,Roll,Sağlık Ve Medikal > Ortopedi Ürünleri > Bileklik,43,1,t,roll-universal-basparmak-destekli-el-bilek-ateli
8683655308206,,Senkavit Kids Passiflora Sleep Çiğneme 60 Tablet,Senkavit,Besin Takviyeleri > Çocuklar İçin Gıda Takviyesi > Çocuklar İçin Takviye Edici Gıdalar,43,1,t,senkavit-kids-passiflora-sleep-cigneme-60-tablet
33984004085,,Solgar Chewable Vitamin-C 500 mg 90 Tablet,Solgar,Besin Takviyeleri > Takviye Edici Gıdalar,43,2,t,solgar-chewable-vitamin-c-500-mg-90-tablet
8680133002540,,LifeXtra Bromelain Complex Takviye Edici Gıda 30 Kapsül,Tab İlaç,Besin Takviyeleri > Mineral > Krom,43,3,t,lifextra-bromelain-complex-30-kapsul
8690530066359,,Uni Baby Islak Mendil Zeytinyağlı 90 Yaprak,Uni Baby,Anne Bebek > Bebek Bakım > Islak Mendil,43,1,t,uni-baby-islak-mendil-zeytinyagli-90-yaprak
8683229900515,,Venatura Demir 90 Kapsül,VeNatura,Besin Takviyeleri > Mineral > Demir,43,2,t,venatura-demir-takviye-edici-gida-90-kapsul
8683229901376,,Venatura Demir Sprey Takviye Edici Gıda 15 ml,VeNatura,Besin Takviyeleri > Mineral > Demir,43,1,t,venatura-demir-sprey-takviye-edici-gida-15-ml
8683229900331,,Venatura N-Asetil D-Glikozamin 90 Tablet,VeNatura,Besin Takviyeleri > Takviye Edici Gıdalar > Bitkisel Ürünler,43,2,t,venatura-n-asetil-d-glikozamin-90-tablet
8680434323818,,Artımed Chamber Sarı Çocuk Maskesi,Artımed,Sağlık Ve Medikal > Medikal & Sağlık Ürünleri > Maske & Siperlik,42,1,t,artimed-chamber-sari-cocuk-maskesi
8690797103262,,Bebsi 326 Cam Biberon 250 ml,Bebsi,Anne Bebek > Bebek Beslenme Ürünleri > Biberon,42,1,t,bebsi-326-cam-biberon-250-ml
8680512634386,,Bioxcin Gold On Skin Simsiz Kuru Yağ 100 ml,Bioxcin,Cilt Bakım > Vücut Bakım > Vücut Yağı,42,1,t,bioxcin-gold-on-skin-simsiz-kuru-yag-100-ml
8682843726426,,Kuteks Velpo Bandaj Çocuk,Kuteks,Sağlık Ve Medikal > Ortopedi Ürünleri > Bandaj,42,1,t,kuteks-velpo-bandaj-cocuk
8697595872406,,Ocean Capillus Men 60 Tablet,Ocean,Saç Bakım > Saç Bakım Ürünleri & Saç Vitaminleri > Saç Vitamini,42,3,t,ocean-capillus-men-60-tablet
8697595872116,,Ocean L-Glutatyon 250 mg 30 Tablet,Ocean,Besin Takviyeleri > Takviye Edici Gıdalar > Bitkisel Ürünler,42,3,t,ocean-l-glutatyon250-mg-30-tablet-takviye-edici-gida
8697595873144,,Ocean Resveratrol 200 mg 30 Kapsül,Ocean,Besin Takviyeleri > Takviye Edici Gıdalar > Resveratrol,42,2,t,ocean-resveratrol-30-kapsul
8470002358461,,Salvelox Hızlı İyileştirici Yara Bandı Orta 12li,Salvelox,Sağlık Ve Medikal > Medikal & Sağlık Ürünleri > Yara Bandı,42,2,t,salvelox-hizli-iyilestirici-yara-bandi-orta-12li
8683655308046,,Senkavit Sitikolin + L-Teanin + B6 ve Vitamin E İçeren 30 Kapsül,Senkavit,Besin Takviyeleri > Takviye Edici Gıdalar > L-Teanin,42,2,t,senkavit-sitikolin-l-teanin-b6-ve-vitamin-e-iceren-30-kapsul
33984010413,,Solgar Evening Primrose 500 mg 60 Kapsül,Solgar,Besin Takviyeleri > Takviye Edici Gıdalar,42,2,t,solgar-evening-primrose-oil-500-mg-60-yumusak-jelatin-kapsul
8690530071513,,Solo LimonPortakal Yüzey Temizleme Mendili 100lü,Solo,Ev & Yaşam > Ev & Yaşam Ürünleri > Yüzey Temizlik Havluları,42,1,t,solo-limonportakal-yuzey-temizleme-mendili-100lu
8680133000980,,Omepa DHA 30 Yumuşak Kapsül,Tab İlaç,Besin Takviyeleri > Takviye Edici Gıdalar > Omega 3 & Balık Yağı,42,3,t,omepa-dha-30-kapsul
8683229900898,,Venatura Kuersetin 500 mg 60 Kapsül,VeNatura,Besin Takviyeleri > Vitamin > Quercetin,42,2,t,venatura-kuersetin-takviye-edici-gida-60-kapsul
8683229901635,,Venatura İyot ve Selenyum Damla 30 ml,VeNatura,Besin Takviyeleri > Mineral > Selenyum,42,2,t,venatura-iyot-ve-selenyum-damla-30-ml
8699680092225,,Wellcare Bromelain Trıo 60 Tablet,Wellcare,Besin Takviyeleri > Mineral > Krom,42,1,t,wellcare-bromelain-trio-60-tablet
8699680510064,,Wellcare Vitamin B12 1000 mcg Sprey 5 ml,Wellcare,Besin Takviyeleri > Vitamin > Vitamin B12,42,2,t,wellcare-vitamin-b12-1000-mcg-5-ml
6921745200019,,Artımed Oksimetre Parmak Tipi Pulse,Artımed,Sağlık Ve Medikal > Medikal & Sağlık Ürünleri > Oksimetre,41,1,t,artimed-oksimetre-parmak-tipi-pulse
8681166207926,,China Oel Çin Yağı 10 ml,China Oel,Besin Takviyeleri > Yağlar,41,1,t,china-oel-cin-yagi-10-ml
8699009540161,,Exxe Tıbbi İpek Flaster 5 m x 10 cm,Exxe,Sağlık Ve Medikal,41,2,t,exxe-tibbi-ipek-flaster-5-m-x-10-cm
8684072989078,,Mochi Diş Kaşıyıcı - Yeşil,Mochi,Kişisel Bakım > Ağız Bakım Ürünleri,41,1,t,mochi-dis-kasiyici-yesil
4005900468383,,Nivea Lip Dudak Bakım Kremi - Şeftali,Nivea,Cilt Bakım > Yüz Bakımı > Dudak Bakımı,41,1,t,nivea-lip-dudak-bakim-kremi-seftali
4005900111456,,Nivea Vücut Nemlendirici Men 75 ml,Nivea,Cilt Bakım > Vücut Bakım > Vücut Nemlendirici,41,1,t,nivea-vucut-nemlendirici-men-75-ml
8680512633167,,Nutraxin Vitamin D3 Sprey 1000 IU 30 ml,Nutraxin,Besin Takviyeleri > Vitamin > D3 ve K2 Vitamin,41,2,t,nutraxin-vitamin-d3-sprey-1000-iu-30-ml
8850956093746,,Okey Prezervatif Ultra Hisset 20li - Ekonomik Paket,Okey,Kişisel Bakım > Cinsel Sağlık > Prezervatif,41,2,t,okey-ultra-hisset-20-adet
8680133000584,,Osende Koenzim QH Fort 200 mg 30 Kapsül,Osende,Besin Takviyeleri > Takviye Edici Gıdalar > Koenzim Q10,41,2,t,osende-koenzim-200mg-qh-fort-30-yumusak-kapsul
8699512110080,,Otacı Ekinezya Pastil 16 Adet,Otacı,Besin Takviyeleri > Takviye Edici Gıdalar > Pastil,41,1,t,otaci-ekinezya-pastil-16-adet
8699245890075,,Otifleks Kulak Tıkacı Uyku  Seyahat - Large,Otifleks,Kişisel Bakım > Kulak & Burun Tıkacları,41,1,t,otifleks-kulak-tikaci-uyku-seyahat-large
8680133001024,,Krilom QH Plus 30 Yumuşak Kapsül,Tab İlaç,Besin Takviyeleri > Takviye Edici Gıdalar > Omega 3 & Balık Yağı,41,3,t,krilom-qh-plus-30-kapsul
8699680700007,,Wellcare Immune Şurup 150 ml,Wellcare,Besin Takviyeleri > Takviye Edici Gıdalar > Bitkisel Ürünler,41,2,t,wellcare-immune-surup-150-ml
8680196904911,,"Alvita Süper Elastik Bandaj 8 x 4,5 m",Alvita,Sağlık Ve Medikal > Ortopedi Ürünleri > Bandaj,40,1,t,alvita-super-elastik-bandaj-8-x-45-m
5060420234282,,Lansinoh Natural Wave Biberon 240 ml,Lansinoh,Anne Bebek > Bebek Beslenme Ürünleri > Biberon,40,1,t,lansinoh-natural-wave-biberon-240-ml
8680512630814,,Nutraxin Collagen 10000 mg 30 Saşe,Nutraxin,Besin Takviyeleri > Mineral > Selenyum,40,2,t,nutraxin-beauty-collagen-gold-takviye-edici-gida-30-sase
8697595872048,,Ocean Methyl Balance 60 Kapsül,Ocean,Besin Takviyeleri > Mineral > Çinko,40,2,t,ocean-methyl-balance-takviye-edici-gida-60-kapsul
8680133001208,,Lifeextra Alfa Lipoik Asit 90 Kapsül,Tab İlaç,Besin Takviyeleri > Takviye Edici Gıdalar > Alfa Lipoik Asit,40,2,t,lifextra-alfa-lipoik-asit-90-kapsul
8680196904959,,"Alvita Süper Elastik Bandaj 20×4,5 m",Alvita,Sağlık Ve Medikal > Ortopedi Ürünleri > Bandaj,39,1,t,alvita-super-elastik-bandaj-2045-m
3522930005315,,Caudalie Light Fragrance Ange des Vignes 50 ml,Caudalie,Kişisel Bakım > Parfüm & Deodorant & Kozmetik > Erkek Deodorant > Erkek Parfüm,39,1,t,caudalie-light-fragrance-ange-des-vignes-50-ml
8699080225070,,"DS Plus Kağıt Flaster 5 m x 1,25 cm",DS Plus,Sağlık Ve Medikal > Medikal & Sağlık Ürünleri > Flaster,39,2,t,ds-plus-kagit-flaster-5-m-x-125-cm
8697446865793,,Xpecia Erkek 60 Tablet,Defnil Pharma,Besin Takviyeleri > Mineral > Çinko,39,2,t,xpecia-erkek-takviye-edici-gida-60-tablet
8699080201319,,"Exxe Steril Gaz Kompres 7,5x7,5 cm 25li - 4 Adet",Exxe,Sağlık Ve Medikal > Gaz Kompres,39,1,t,exxe-steril-gaz-kompres-75x75-cm-25li-4-adet
8699789004402,,CH-Alpha Plus 30 Saşe,Mega Farma,Besin Takviyeleri > Kolajen > Toz Kolajen,39,1,t,ch-alpha-plus-30-sase
7640128140290,,New Life EFA S-1200 mg 45 Kapsül,New Life,Besin Takviyeleri > Takviye Edici Gıdalar > Omega 3 & Balık Yağı,39,1,t,new-life-efa-s-1200-mg-45-kapsul
4005900253545,,Nivea Sun Koruma  Ferahlık Serinleten Transparan Güneş Spreyi SPF30 200 ml,Nivea,Güneş Bakım > Vücut Güneş Kremleri > Vücut Güneş Spreyi,39,1,t,nivea-sun-koruma-ferahlik-serinleten-transparan-gunes-spreyi-spf30-200-ml
8680512630708,,Nutraxin Vitamin C-D-Zinc 15 Efervesan Tablet,Nutraxin,Besin Takviyeleri > Mineral > Çinko,39,2,t,nutraxin-vitamin-c-d-zinc-15-efervesan-tablet
3264680009754,,Nuxe Huile Prodigieuse Çok Amaçlı Kuru Yağ 100 ml,Nuxe,Cilt Bakım > Akne Ve Sivilce Ürünleri > Akne Ve Yağlı Cilt Serumları,39,1,t,nuxe-huile-prodigieuse-cok-amacli-kuru-yag-100-ml
850069595784,,Shiniq UV Güneş / Leke SPF50 40 ml,Shiniq,Güneş Bakım > Yüz Güneş Kremi > Lekeli Ciltler İçin Güneş Kremi,39,1,t,shiniq-uv-gunes-leke-spf50-40-ml
33984027602,,Solgar L-Tyrosine 500 mg 50 Kapsül,Solgar,Besin Takviyeleri > Takviye Edici Gıdalar > Amino Asitler,39,2,t,solgar-l-tyrosine-500-mg-50-kapsul
3401360315266,,SVR Clairial CC Cream Light SPF50+ 40 ml,Svr,Cilt Bakım > Akne Ve Sivilce Ürünleri > Akne Ve Yağlı Cilt Serumları,39,1,t,svr-clairial-cc-cream-light-spf50-40-ml
8680133002618,,Cognimore Sıvı Likit 150 ml,Tab İlaç,Besin Takviyeleri > Takviye Edici Gıdalar,39,2,t,cognimore-takviye-edici-gida-150-ml
8680133002632,,Femever 60 Kapsül,Tab İlaç,Kişisel Bakım > Cinsel Sağlık > Uzun Gece,39,2,t,femever-60-kapsul
8680133001611,,Lifextra Glisin Toz 1000 mg 150 gr,Tab İlaç,Besin Takviyeleri > Takviye Edici Gıdalar > Amino Asitler,39,1,t,lifextra-glisin-toz-1000-mg-150-gr
8699680091891,,Wellcare Flexible 60 Tablet,Wellcare,Besin Takviyeleri > Takviye Edici Gıdalar > Bitkisel Ürünler,39,2,t,wellcare-flexible-60-tablet
8699680150239,,Wellcare Quercetin 60 Kapsül,Wellcare,Besin Takviyeleri > Takviye Edici Gıdalar > Bitkisel Ürünler,39,2,t,wellcare-quercetin-60-kapsul
8680434323825,,ArtıMed Chamber Mavi 5+ Yaş Maskesi - Mavi,Artımed,Sağlık Ve Medikal > Medikal & Sağlık Ürünleri,38,1,t,artimed-chamber-mavi-5-yas-maskesi-mavi
8699080224981,,DS Plus Fix Esnek Flaster 10 m x 15 cm,DS Plus,Sağlık Ve Medikal > Medikal & Sağlık Ürünleri > Flaster,38,2,t,ds-plus-fix-esnek-flaster-10-m-x-15-cm
8691685027417,,Eyüp Sabri Tuncer Doğal Muz Özlü 2-6 Yaş Çocuk Diş Macunu 60 ml,Eyüp Sabri Tuncer,Kişisel Bakım > Çocuklar için Kişisel Bakımı > Çocuk Diş Macunu,38,1,t,eyup-sabri-tuncer-dogal-muz-ozlu-2-6-yas-cocuk-dis-macunu-60-ml
8682843726419,,Kuteks Velpo Bandaj Yetişkin,Kuteks,Sağlık Ve Medikal > Ortopedi Ürünleri > Bandaj,38,1,t,kuteks-velpo-bandaj-yetiskin
3504105036751,,Mustela High Protection Sun Spray SPF50 200 ml,Mustela,Güneş Bakım > Vücut Güneş Kremleri > Vücut Güneş Spreyi,38,1,t,mustela-high-protection-sun-spray-spf50-200-ml
8680645531002,,NBT Life Revitex 60 Kapsül,Nbt Life,Besin Takviyeleri > Takviye Edici Gıdalar > Resveratrol,38,2,t,nbt-life-revitex-60-kapsul
7640128141136,,New Life EFA Daily 60 Kapsül,New Life,Besin Takviyeleri > Takviye Edici Gıdalar > Omega 3 & Balık Yağı,38,1,t,new-life-efa-daily-60-kapsul
8697595871461,,Efervit Multivitamin 20 Tablet,Orzax,Besin Takviyeleri > Mineral > Demir,38,3,t,ocean-efervit-vitamin-mineral-efervesan-20-tablet
8690530068636,,Silen Beyaz Sabun Kokulu Yüzey Temizleyici Mendil 100lü,Silen,Ev & Yaşam > Ev & Yaşam Ürünleri > Yüzey Temizlik Havluları,38,1,t,silen-beyaz-sabun-kokulu-yuzey-temizleyici-mendil-100lu
33984009561,,Solgar Coenzyme Q10 60 mg 30 Kapsül,Solgar,Besin Takviyeleri > Takviye Edici Gıdalar > Koenzim Q10,38,2,t,solgar-coenzyme-q-10-60-mg-30-kapsul
8445291429154,,Solgar Ester-C 1000 mg 7 Saşe,Solgar,Besin Takviyeleri > Mineral > Fosfor,38,1,t,solgar-ester-c-1000-mg-7-sase
3662361001996,,Svr Sun Secure Lait Spf50+ 100 ml,Svr,Güneş Bakım > Vücut Güneş Kremleri > Vücut Güneş Losyonu,38,1,t,svr-sun-secure-lait-spf50-100-ml
8699313000320,,Viaxi Glide Kayganlaştırıcı Jel Sade 5 x 5 ml,Viaxi,Kişisel Bakım > Cinsel Sağlık > Kayganlaştırıcı Jel,38,1,t,viaxi-glide-kayganlastirici-jel-sade-5-x-5-ml
8690712028151,,Zade Vital B12 Vitamini Duo 1000 mcg Sprey 10 ml,Zade Vital,Besin Takviyeleri > Vitamin > Vitamin B12,38,2,t,zade-vital-b12-duo-vitamini-10ml-sprey
8683249000851,,"Betasan Hipoalerjenik Göz Pedi 50 Adet 6,5x9,5 cm",Betasan,Sağlık Ve Medikal > Medikal & Sağlık Ürünleri > Göz Pedi,37,1,t,betasan-hipoalerjenik-goz-pedi-50-adet-65x95-cm
8691685022412,,Eyüp Sabri Tuncer Hawaii Ananas Kolonyalı Mendil Küçük Boy 150li,Eyüp Sabri Tuncer,Ev & Yaşam > Kolonyalı Mendiller,37,1,t,eyup-sabri-tuncer-hawaii-ananas-kolonyali-mendil-kucuk-boy-150li
8691685027516,,Eyüp Sabri Tuncer Sport - Erkek Sprey Deodorant 200 ml,Eyüp Sabri Tuncer,Kişisel Bakım > Parfüm & Deodorant & Kozmetik > Erkek Deodorant > Erkek Parfüm,37,1,t,eyup-sabri-tuncer-sport-erkek-sprey-deodorant-200-ml
8691685027431,,Eyüp Sabri TuncerDoğal Karpuz Özlü 2-6 Yaş Çocuk Diş Macunu 60 ml,Eyüp Sabri Tuncer,Kişisel Bakım > Çocuklar için Kişisel Bakımı > Çocuk Diş Macunu,37,1,t,eyup-sabri-tuncerdogal-karpuz-ozlu-2-6-yas-cocuk-dis-macunu-60-ml
8682276816503,,Hanymish 650 Hediye Seti Pembe,Hanymish,Anne Bebek > Bebek Beslenme Ürünleri > Bebek Beslenme Araçları,37,1,t,hanymish-650-hediye-seti-pembe
8684382998685,,Kuteks Fix Esnek Flaster 2.5 cm x 5 m,Kuteks,Sağlık Ve Medikal > Medikal & Sağlık Ürünleri > Flaster,37,1,t,kuteks-fix-esnek-flaster-25-cm-x-5-m
8698758943056,,Luxor 192 El Bilek Ateli Sağ - Tek Boy,Luxor,Sağlık Ve Medikal > Ortopedi Ürünleri > Bileklik,37,1,t,luxor-192-el-bilek-ateli-sag-tek-boy
8684072989245,,Mochi Diş Kaşıyıcı - Somon,Mochi,Anne Bebek > Bebek Bakım > Diş Çıkarma Jelleri,37,1,t,mochi-dis-kasiyici-somon
4005900424679,,Nivea Aqua Rose Gül Suyu İçeren Makyaj Temizleme Jeli 150 ml,Nivea,Cilt Bakım > Vücut Bakım > Yüz ve Vücut Temizleyicileri,37,1,t,nivea-aqua-rose-gul-suyu-iceren-makyaj-temizleme-jeli-150-ml
8697595872512,,Ocean D-Riboz 5000 mg 30 Saşe,Ocean,Besin Takviyeleri > Takviye Edici Gıdalar > Bitkisel Ürünler,37,3,t,ocean-d-riboz-5000mg-30-sase-takviye-edici-gida
8699592806996,,Roll Yün Dizlik xxLarge - Eski Ambalaj,Roll,Sağlık Ve Medikal > Ortopedi Ürünleri > Dizlik,37,1,t,roll-yun-dizlik-xxlarge-eski-ambalaj
8699592806903,,Roll Yün Korse - Small,Roll,Sağlık Ve Medikal > Ortopedi Ürünleri > Korse,37,1,t,roll-yun-korse-small
3401360288188,,SVR Spirial Terleme Karşıtı Deodorant Sprey 75 ml,Svr,Cilt Bakım > Vücut Bakım > Vücut Spreyi,37,1,t,svr-spirial-terleme-karsiti-deodorant-sprey-75-ml
8683229900690,,Venatura Fosfotidilserin ve Omega-3 30 Yumuşak Kapsül,VeNatura,Besin Takviyeleri > Takviye Edici Gıdalar > Omega 3 & Balık Yağı,37,2,t,venatura-fosfotidilserin-ve-omega-3-takviye-edici-gida-30-yumusak-kapsul
8680131758746,,Venatura Hayıt Meyve Ekstresi P5P Vitamin B6 60 Tablet,VeNatura,Besin Takviyeleri > Takviye Edici Gıdalar > Bitkisel Ürünler,37,2,t,venatura-hayit-meyve-ekstresi-ve-p-5-p-vitamin-b6-takviye-edici-gida-60-tablet
8683229901673,,Venatura Probiotic Support Probiyotik Mikroorganizma 30 Kapsül,VeNatura,Besin Takviyeleri > Probiyotik & Prebiyotik,37,2,t,venatura-probiotic-support-probiyotik-mikroorganizma-30-kapsul
8682241302727,,Voonka One  Only Energy Max 30 Tablet,Voonka,Besin Takviyeleri > Mineral > Bakır,37,2,t,voonka-one-only-energy-max-32-tablet
8699680092201,,Wellcare Seramid Kompleks 60 Tablet,Wellcare,Saç Bakım > Saç Bakım Ürünleri & Saç Vitaminleri > Saç Vitamini,37,1,t,wellcare-seramid-kompleks-60-tablet
8690712028410,,Zade Vital DIM Balance 60 Kapsül,Zade Vital,Besin Takviyeleri > Mineral > Kalsiyum,37,1,t,zade-vital-dim-balance-60-kapsul
8690712011979,,Zade Vital Ruşeym Yağı 500 mg 60 Kapsül,Zade Vital,Besin Takviyeleri > Yağlar,37,2,t,zade-vital-ruseym-yagi-60-kapsul
8690712500022,,Zade Vital Sambucus Nigra Vitamin C  Zeytin Yaprağı Ekstresi  çinko İçeren 20 Efervesan Tablet,Zade Vital,Besin Takviyeleri > Mineral > Çinko,37,2,t,zade-vital-sambucus-nigra-kara-murver-20-efervesan-tablet
8683270544232,,Anocin Bromelain Ananas + Quercetin + Zinc + Coq-10 + Vitamin C Süper Bromelain Formül 30 Tablet,Anocin,Besin Takviyeleri > Mineral > Krom,36,1,t,anocin-bromelain-ananas-quercetin-zinc-coq-10-vitamin-c-super-bromelain-formul-30-tablet
8697446865786,,Xpecia Kadın 60 Tablet,Defnil Pharma,Besin Takviyeleri > Mineral > Demir,36,2,t,xpecia-kadin-takviye-edici-gida-60-tablet
8684117129940,,Egş Derma Denta Doğal Çilek Aromalı Çocuk Diş Macunu,Denta Delete,Kişisel Bakım > Diş Macunu,36,1,t,egs-derma-denta-dogal-cilek-aromali-cocuk-dis-macunu
3337872418785,,La Roche Posay Lipikar Gel Lavant - Jel Temizleyici 400 ml,La Roche Posay,Cilt Bakım > Akne Ve Sivilce Ürünleri > Akne Ve Yağlı Cilt Serumları,36,1,t,la-roche-posay-lipikar-gel-lavant-jel-temizleyici-400-ml
8680133003165,,Magnimore Powder Magnezyum Kompleks 60 Servis,Magnimore,Besin Takviyeleri > Mineral > Magnezyum,36,3,t,tab-ilac-magnimore-powder-118gr
4005900288417,,Nivea Men Saç ve Vücut Şampuanı Sport 500 ml,Nivea,Kişisel Bakım > Duş & Banyo Ürünleri > Duş Jeli,36,1,t,nivea-men-sac-ve-vucut-sampuani-sport-500-ml
8680133002441,,Urinonvef Cranberry 30 Kapsül - 3 Al 2 Öde,Tab İlaç,Besin Takviyeleri > Takviye Edici Gıdalar > Cranberry,36,2,t,tab-ilac-urinonvef-cranberry-3x30-kapsul-3al2ode
8683229901642,,VeNatura Kids Vitamin A Damla Takviye Edici Gıda 30 ml,VeNatura,Besin Takviyeleri > Mineral,36,2,t,venatura-kids-vitamin-a-damla-takviye-edici-gida-30-ml
8699313000344,,Viaxi Genital Hijyen Mendil 10lu,Viaxi,Kişisel Bakım > Kadın Hijyeni > Genital Bölge Temizliği,36,3,t,viaxi-intimate-hijyen-mendili-10-lu
8682241302772,,Voonka Querwell C 500 mg 60 Kapsül,Voonka,Besin Takviyeleri > Kolajen,36,2,t,voonka-querwell-c-500-mg-60-tablet
8699680250120,,Wellcare Collagen Beauty Boost Plus 10.000 mg Elma Aromalı 30 Saşe,Wellcare,Besin Takviyeleri > Kolajen > Kolajen Tip 1-3,36,2,t,wellcare-collagen-beauty-boost-plus-elma-aromali-117gr-x-30-sase
8680196904935,,"Alvita Süper Elastik Bandaj 12 cm x 4,5 m",Alvita,Sağlık Ve Medikal > Ortopedi Ürünleri > Bandaj,35,1,t,alvita-super-elastik-bandaj-12-cm-x-45-m
8699009464566,,Barbaris Keratin Biotine Complex 60 Kapsül,Barbaris,Besin Takviyeleri > Mineral > Bakır,35,2,t,barbaris-keratin-biotine-complex-60-kapsul
8690595227696,,La Roche Posay Toleriane Hassas Ciltler Dahil Tüm Ciltler İçin Temizleme Jeli 400 ml,La Roche Posay,Cilt Bakım > Cilt ve İhtiyaç Tipi > Cilt Bakım Setleri,35,1,t,la-roche-posay-toleriane-hassas-ciltler-dahil-tum-ciltler-icin-temizleme-jeli-400-ml
8680713008689,,Poblex Uyku Maskesi Yeni Kulak Tıkacı Hediyeli Kırmızı,Poblex,Kişisel Bakım > Kulak & Burun Tıkacları,35,1,t,poblex-uyku-maskesi-yeni-kulak-tikaci-hediyeli-kirmizi
8699592806965,,Roll Dizlik Medium - Siyah,Roll,Sağlık Ve Medikal,35,1,t,roll-dizlik-medium-siyah
8699592806064,,"Roll Elast Bandaj Ten Rengi 20cm x 3,5m",Roll,Sağlık Ve Medikal > Ortopedi Ürünleri > Bandaj,35,2,t,roll-elast-bandaj-ten-rengi-20cm-x-35m
8699592822118,,Roll Lumbostad Korse 26 cm,Roll,Sağlık Ve Medikal > Ortopedi Ürünleri > Korse,35,1,t,roll-lumbostad-korse-26-cm
8690530066670,,Selin Manolya Esintisi 100 ML,Selin,Ev & Yaşam > Ev & Yaşam Ürünleri > Kolonya,35,1,t,selin-manolya-esintisi-100-ml
33984029507,,Solgar Vitamin B1 (Thiamin) 100 mg 100 Kapsül,Solgar,Besin Takviyeleri > Takviye Edici Gıdalar,35,2,t,solgar-vitamin-b1-thiamin-100-mg-100-kapsul
3662361002542,,SVR Sensifine AR SPF50+ Güneş Koruyucu Krem 40 ml,Svr,Cilt Bakım > Akne Ve Sivilce Ürünleri > Akne Ve Yağlı Cilt Serumları,35,1,t,svr-sensifine-ar-spf50-gunes-koruyucu-krem-40-ml
8680133001451,,Lipovia Lipozomal Glutatyon 30 Kapsül,Tab İlaç,Besin Takviyeleri > Takviye Edici Gıdalar > Bitkisel Ürünler,35,2,t,lipovia-lipozomal-glutatyon-30-kapsul
8680133002885,,Tabvitamins Vitality Energy 30 Tablet,Tab İlaç,Besin Takviyeleri > Mineral,35,2,t,tab-ilac-vitamins-vitality-energy-30-tablet
8683229901659,,VeNatura Magnezyum Sitrat Malat ve Vitamin B6 P-5-P 30 Saşe,VeNatura,Besin Takviyeleri > Mineral > Magnezyum,35,2,t,venatura-magnezyum-sitratmalat-ve-vitamin-b6-p5p-30-sase
8683229900928,,Venatura Magnezyum Sitrat Ve P-5-P (Vitamin B6) 60 Saşe,VeNatura,Besin Takviyeleri > Mineral > Magnezyum,35,2,t,venatura-magnezyum-sitrat-p-5-p-vitamin-b6-60-sase
8690570555660,,Veet Professional Ağda Bandı Hassas 12li,Veet,Kişisel Bakım,35,1,t,veet-professional-agda-bandi-hassas-12li
8699680190020,,Wellcare Uniq 750 Omega 3 30 Kapsül,Wellcare,Besin Takviyeleri > Takviye Edici Gıdalar > Omega 3 & Balık Yağı,35,2,t,wellcare-uniq-dha-750-omega-3-1000mg-balik-yagi-30-kapsul
8690712028489,,Zade Vital Ceramides 30 Kapsül,Zade Vital,Besin Takviyeleri > Takviye Edici Gıdalar > Bitkisel Ürünler,35,1,t,zade-vital-ceramides-30-kapsul
8690712027246,,Zade Vital Miniza Multivitamin  Mineral Şurup 150 ml,Zade Vital,Besin Takviyeleri > Mineral > Krom,35,2,t,zade-vital-miniza-multi-surup-150-ml
8684779273098,,Zenvita Vitaminli Lolipop 150li,Zenvita,Besin Takviyeleri > Takviye Edici Gıdalar > Multivitamin,35,1,t,zenvita-vitaminli-lolipop-150li
8680434326536,,Artımed Mesh Taşınabilir Nebulizatör UN 300,Artımed,Sağlık Ve Medikal > Medikal & Sağlık Ürünleri > Nebulizatör,34,2,t,artimed-mesh-tasinabilir-nebulizator-un-300
8699546650064,,Aspinatura Boğaz Spreyi Nane Limon 20 ml,Bayer,Kişisel Bakım > Oral sprey,34,2,t,aspi-natura-bogaz-spreyi-nane-limon-20-ml
8699080225230,,DS Plus Sıcak Soğuk Kompres Kılıflı 27x35 cm,DS Plus,Sağlık Ve Medikal > Medikal & Sağlık Ürünleri > Sıcak Soğuk Kompres,34,1,t,ds-plus-sicak-soguk-kompres-kilifli-27x35-cm
8683675618323,,Leeroy Bromelain 60 Tablet,LeeRoy,Besin Takviyeleri > Takviye Edici Gıdalar > Bağışıklık Sistemi,34,2,t,leeroy-bromelain-500mg-60-tablet
8698758947900,,Luxor 192 El Bilek Ateli Sol - Tek Boy,Luxor,Sağlık Ve Medikal > Ortopedi Ürünleri > Bileklik,34,1,t,luxor-192-el-bilek-ateli-sol-tek-boy
8698758946064,,Luxor Patella ve Tendon Bandı - One Size 208,Luxor,Sağlık Ve Medikal,34,1,t,luxor-patella-ve-tendon-bandi-one-size-208
8699273571038,,Umbrella Vitaminc 1000 mg 20 Efervesan Tablet,Mnc İlaç,Besin Takviyeleri > Mineral > Çinko,34,1,t,umbrella-vitaminc-1000-mg-20-efervesan-tablet
4005900836151,,Nivea Gözenek Arındırıcı Temizleme Bantları 4lü,Nivea,Cilt Bakım > Cilt ve İhtiyaç Tipi > Gözenek Sıkılaştırıcı,34,1,t,nivea-gozenek-arindirici-temizleme-bantlari-4lu
4006000088051,,Nivea Men Deep Extreme Deodorant 150 ml,Nivea,Kişisel Bakım > Parfüm & Deodorant & Kozmetik > Erkek Deodorant,34,1,t,nivea-men-deep-extreme-deodorant-150-ml
4006000064123,,Nivea Men El ve Vücut Kremi Deep Impact Normal Ciltler İçin Nemlendirici 400 ml,Nivea,Cilt Bakım > Cilt ve İhtiyaç Tipi > Nemlendirme,34,1,t,nivea-men-el-ve-vucut-kremi-deep-impact-normal-ciltler-icin-nemlendirici-400-ml
8690784713337,,Raid Ayarlanabilir Elektrolikit 30 Gece 21 ml,Raid,Ev & Yaşam > Sinek Kovucu,34,1,t,raid-ayarlanabilir-elektrolikit-30-gece-21-ml
8699592802011,,"Roll Med Tıbbi Nonwoven Kağıt Flaster 1,25cm x 5m",Roll,Sağlık Ve Medikal > Medikal & Sağlık Ürünleri > Flaster,34,2,t,roll-med-tibbi-nonwoven-kagit-flaster-125cm-x-5m
8699592806972,,Roll Yün Dizlik Large,Roll,Sağlık Ve Medikal,34,1,t,roll-yun-dizlik-large
33984008380,,Solgar Sıvı Vitamin D3 1000 IU Takviye Edici Gıda 59 ml,Solgar,Besin Takviyeleri > Takviye Edici Gıdalar,34,2,t,solgar-sivi-vitamin-d3-1000-iu-takviye-edici-gida-59-ml
33984027145,,Solgar Tonalin CLA 60 Softgel,Solgar,Besin Takviyeleri > Takviye Edici Gıdalar > Bitkisel Ürünler,34,2,t,solgar-tonalin-cla-1300-mg-60-yumusak-jelatin-kapsul
8680807008502,,Voonka 5 Htp Complex 60 Kapsül,Voonka,Besin Takviyeleri > Mineral > Magnezyum,34,2,t,voonka-5-htp-complex-60-kapsul
8682241302246,,Voonka Omega-3 DHA Max 1275 mg 30 Kapsül,Voonka,Besin Takviyeleri > Takviye Edici Gıdalar > Omega 3 & Balık Yağı,34,2,t,voonka-omega-3-dha-max-30-kapsul
8680196904928,,"Alvita Süper Elastik Bandaj 10cm x 4,5 m",Alvita,Sağlık Ve Medikal > Ortopedi Ürünleri > Bandaj,33,1,t,alvita-super-elastik-bandaj-10cm-x-45-m
8690797105877,,Bebsi Göğüs Pompası Tirle,Bebsi,Anne Bebek > Emzirme > Göğüs Pompası,33,1,t,bebsi-gogus-pompasi-tirle
8680512634461,,Bioxcin Hydra Daily Care Karma ve Yağlı Ciltler İçin Nemlendirici Krem 50 ml,Bioxcin,Cilt Bakım > Akne Ve Sivilce Ürünleri > Akne Ve Yağlı Cilt Serumları,33,1,t,bioxcin-hydra-daily-care-karma-ve-yagli-ciltler-icin-nemlendirici-krem-50-ml
8699080225582,,DS Plus Hassas Yara Bandı 10lu,DS Plus,Sağlık Ve Medikal > Medikal & Sağlık Ürünleri > Yara Bandı,33,2,t,ds-plus-hassas-yara-bandi-10lu
8690605088668,,Dalin Bebek Yağı Nem ve Koruma Sprey 200 ml,Dalin,Anne Bebek > Bebek Bakım > Bebek Duş Yağı,33,1,t,dalin-bebek-yagi-nem-ve-koruma-sprey-200-ml
4043752174649,,Duracell İşitme Cihazı Pili 675,Duracell,Sağlık Ve Medikal > Medikal & Sağlık Ürünleri > İşitme Cihazı Pilleri,33,2,t,duracell-activair-isitme-cihazi-pili-6li-no-675
8680697079019,,Elipse Compact Nebulizatör O2,Elipse,Sağlık Ve Medikal > Medikal & Sağlık Ürünleri > Nebulizatör,33,1,t,elipse-compact-nebulizator-o2
8607000117084,,Bactoblis Probiyotik 10 Tablet,Ena Farma,Besin Takviyeleri > Probiyotik & Prebiyotik,33,1,t,bactoblis-probiyotik-10-tablet
8699592822927,,Kurmed Termojel Sıcak Soğuk Kompres Kılıflı 13 x 26 cm,Kurmed,Sağlık Ve Medikal > Medikal & Sağlık Ürünleri > Kas Ve Eklem Sağlığı,33,2,t,kurmed-termojel-sicak-soguk-kompres-kilifli-13-x-26-cm
4005900134264,,Nivea Cellular Expert Filler Yoğun Yaşlanma Karşıtı Gündüz Bakım Yüz Kremi SPF15 50 ml,Nivea,Cilt Bakım > Cilt ve İhtiyaç Tipi > Anti Age - Yaşlanma Karşıtı,33,1,t,nivea-cellular-expert-filler-yogun-yaslanma-karsiti-gunduz-bakim-yuz-kremi-spf15-50-ml
8697595873939,,Ocean Gummies Hsn 60 Adet,Ocean,Cilt Bakım > Cilt ve İhtiyaç Tipi > Cilt ve Güzellik Takviyeleri,33,2,t,ocean-gummies-hsn-60-adet
4015672107793,,Omron MC-520 Kulaktan Ateş Ölçer,Omron,Sağlık Ve Medikal > Medikal & Sağlık Ürünleri > Ateş Ölçer,33,1,t,omron-mc-520-kulaktan-ates-olcer
8680133000638,,Osende Vitamin B12 30 Ağızda Dağılan Tablet,Osende,Besin Takviyeleri > Takviye Edici Gıdalar > Saç ve Tırnak Sağlığı,33,2,t,osende-vitamin-b12-30-tablet
8680133001437,,Lipovia Lipozomal Kurkumin 30 Kapsül,Tab İlaç,Besin Takviyeleri > Takviye Edici Gıdalar > Bitkisel Ürünler,33,2,t,lipovia-lipozomal-kurkumin-30-kapsul
8690530045187,,Uni Baby Şampuan 200 ml,Uni Baby,Anne Bebek > Bebek Bakım > Bebek şampuanı,33,1,t,uni-baby-sampuan-200-ml
8683229900461,,Venatura Sam-E 200 mg 30 Saşe,VeNatura,Besin Takviyeleri > Takviye Edici Gıdalar > Bitkisel Ürünler,33,2,t,venatura-sam-e-takviye-edici-gida-30-sase
8683229901314,,Venatura Sitikolin 250 mg 30 Kapsül,VeNatura,Besin Takviyeleri > Takviye Edici Gıdalar,33,2,t,venatura-sitikolin-250-mg-30-kapsul
8683229900188,,Venatura Vitamin K2 Kompleks Damla 20 ml,VeNatura,Besin Takviyeleri > Vitamin > D3 ve K2 Vitamin,33,2,t,venatura-k2-kompleks-takviye-edici-gida-20-ml
8699080225223,,DS Plus Sıcak Soğuk Kompres Kılıflı 13x27 cm,DS Plus,Sağlık Ve Medikal > Medikal & Sağlık Ürünleri > Sıcak Soğuk Kompres,32,2,t,ds-plus-sicak-soguk-kompres-kilifli-13x27-cm
8470002043954,,"Endocare Renewal %0,5 Retinol Intensive Serum 30 ml",ENDOCARE,Cilt Bakım > Cilt ve İhtiyaç Tipi > Anti Age - Yaşlanma Karşıtı,32,1,t,endocare-renewal-05-retinol-intensive-serum-30-ml
8699009540338,,Exxe Elastik Bandaj 6 cm,Exxe,Sağlık Ve Medikal > Ortopedi Ürünleri > Bandaj,32,2,t,exxe-elastik-bandaj-6-cm
8698758949195,,Luxor Örgü Silikon Ped Destek Dirseklik - xLarge - 106,Luxor,Sağlık Ve Medikal > Ortopedi Ürünleri > Dirseklik,32,1,t,luxor-orgu-silikon-ped-destek-dirseklik-xlarge-106
8680512633662,,Nutraxin Pregnancy Formula 30 Tablet,Nutraxin,Besin Takviyeleri > Mineral > Demir,32,2,t,nutraxin-pregnancy-formula-30-tablet
8684441140611,,Nuvite Magnezyum Çikolata Aromalı 300 gr,Nuvite,Besin Takviyeleri > Mineral > Magnezyum,32,1,t,nuvite-magnezyum-cikolata-aromali-300-gr
850077028403,,Ocean Bromelain Complex 60 Tablet,Ocean,Besin Takviyeleri > Takviye Edici Gıdalar > Bitkisel Ürünler,32,3,t,ocean-bromelain-complex-60-tablet
8680713008429,,Poblex Puar Kanüllü No :3,Poblex,Sağlık Ve Medikal > Medikal & Sağlık Ürünleri,32,2,t,poblex-kanullu-puar-no3-100-ml
8680713008375,,Poblex Uyku S Kulak Tıkacı,Poblex,Kişisel Bakım > Kulak & Burun Tıkacları,32,2,t,poblex-uyku-kulak-tikaci-thermoactive-1-cift-bedens-kutulu
8680713008320,,Poblex Uçak ve Seyahat Tıkacı,Poblex,Kişisel Bakım > Kulak & Burun Tıkacları,32,2,t,poblex-ucak-ve-seyahat-kulak-tikaci
7310610030667,,Salvelox Pokemon Yara Bandı 20li,Salvelox,Sağlık Ve Medikal > Medikal & Sağlık Ürünleri > Yara Bandı,32,1,t,salvelox-pokemon-yara-bandi-20li
7310610016197,,Salvelox Rescue Med Orka Care Plaster 5li,Salvelox,Kişisel Bakım > El & Ayak Bakımı,32,1,t,salvelox-rescue-med-orka-care-plaster-5li
33984023031,,Solgar Pycnogenol 30 mg 30 Kapsül,Solgar,Besin Takviyeleri > Takviye Edici Gıdalar > Bitkisel Ürünler,32,2,t,solgar-pycnogenol-30-mg-30-kapsul
3662361001866,,SVR Topialyse Gel Lavant Cilt Temizleyici 1 Litre,Svr,Cilt Bakım > Akne Ve Sivilce Ürünleri > Akne Ve Yağlı Cilt Serumları,32,1,t,svr-topialyse-gel-lavant-cilt-temizleyici-1-litre
8680133002793,,Gavinda 24 Çiğneme Tableti,Tab İlaç,Besin Takviyeleri > Mineral > Kalsiyum,32,2,t,gavinda-24-tablet
8683229900003,,Venatura İnulin ve Fruktooligosakkarit 30 Saşe,VeNatura,Besin Takviyeleri > Takviye Edici Gıdalar > Bitkisel Ürünler,32,2,t,venatura-inulin-ve-fruktooligosakkarit-fos-sase-takviye-edici-gida-30-sase
8690797103637,,Wee Baby Cool Yuvarlak Uçlu Silikon Emzik Karma Renk 0-6,Wee Baby,Anne Bebek > Bebek Beslenme Ürünleri > Emzik,32,2,t,wee-baby-cool-yuvarlak-uclu-silikon-emzik-karma-renk-0-6
8690797102463,,Bebsi Silikon Biberon Emzik No:2 (246),Bebsi,Anne Bebek > Bebek Beslenme Ürünleri > Emzik,31,1,t,bebsi-silikon-biberon-emzik-no2-246
8691685027523,,Eyüp Sabri Tuncer Active - Erkek Sprey Deodorant 200 ml,Eyüp Sabri Tuncer,Kişisel Bakım > Parfüm & Deodorant & Kozmetik > Erkek Deodorant > Erkek Parfüm,31,1,t,eyup-sabri-tuncer-active-erkek-sprey-deodorant-200-ml
8680645531187,,NBT Life Oculife 60 Kapsül,Nbt Life,Besin Takviyeleri > Mineral > Magnezyum,31,2,t,nbt-life-oculife-60-kapsul
8680645530814,,NBT Life Treon REM 60 Kapsül,Nbt Life,Besin Takviyeleri,31,2,t,nbt-life-treon-rem-60-kapsul
8058090006220,,Pic Solution Classic Stetho Med Manuel Tansiyon Aleti,Pic Solution,Sağlık Ve Medikal > Medikal & Sağlık Ürünleri > Tansiyon Aleti,31,1,t,pic-solution-classic-stetho-med-manuel-tansiyon-aleti
8699592800642,,Roll Termojel 14 x 33 cm Bel - Sırt - Karın,Roll,Sağlık Ve Medikal > Medikal & Sağlık Ürünleri > Kas Ve Eklem Sağlığı,31,2,t,roll-termojel-cirtcirtli-sicak-soguk-kompres-14-cm-x-33-cm
8690530057500,,Selpak Organik Bambu ve Badem Sütlü Islak Mendil 50 Adet,Selpak,Anne Bebek > Bebek Bakım > Islak Mendil,31,1,t,selpak-organik-bambu-ve-badem-sutlu-islak-mendil-50-adet
8683655308237,,Senkavit Magnezyum Kompleksi Vitamin B6 İçeren 120 Tablet,Senkavit,Besin Takviyeleri > Mineral > Magnezyum,31,1,t,senkavit-magnezyum-kompleksi-vitamin-b6-iceren-120-tablet
33984000568,,Solgar Alpha Lipo Acid 60 mg 60 Kapsül,Solgar,Besin Takviyeleri > Takviye Edici Gıdalar > Alfa Lipoik Asit,31,2,t,solgar-alpha-lipoic-acid-60-mg-60-kapsul
33984013551,,Solgar Grape Seed Extract 100 mg 30 Kapsül,Solgar,Besin Takviyeleri > Takviye Edici Gıdalar,31,2,t,solgar-grape-seed-extract-30-kapsul
8680133003394,,Tab Vitamins Immumore Takviye Edici Gıda 30 Tablet,Tab İlaç,Besin Takviyeleri > Mineral > Bakır,31,2,t,tabvitamins-immumore-30-tablet
8683229901482,,Venatura Lipozomal Kurkumin 30 Kapsül,VeNatura,Besin Takviyeleri > Takviye Edici Gıdalar > Bitkisel Ürünler,31,2,t,venatura-lipozomal-kurkumin-30-kapsul
8683655089877,,Voonka Multi Collagen Powder 300 gr,Voonka,Besin Takviyeleri > Kolajen > Kolajen Tip 1-3,31,2,t,voonka-multi-collagen-powder-hidrolize-kollajen-tip-1-2-3-vitamin-c-300-gr
8680131206476,,Alvita Emici Külot Large 30lu,Alvita,Sağlık Ve Medikal > Medikal & Sağlık Ürünleri > Hasta Bezi,30,1,t,alvita-emici-kulot-large-30lu
8680434326826,,Artımed İpli Silikon Kulak Koruyucu Çocuk,Artımed,Kişisel Bakım > Kulak & Burun Tıkacları,30,1,t,artimed-ipli-silikon-kulak-koruyucu-cocuk
8699708350153,,Molien Krem 300 ml,Assos İlaç,Cilt Bakım > Cilt ve İhtiyaç Tipi > Kuru Cilt,30,1,t,molien-krem-300-ml
8699512849249,,Capila Krem Sülfür Kükürt 250 ml,Capila,Cilt Bakım > Akne Ve Sivilce Ürünleri > Akne Ve Yağlı Cilt Serumları,30,1,t,capila-krem-sulfur-kukurt-250-ml
5000394203921,,Duracell 2032 Lityum Pil 2li - Şeker Ölçüm Cihazları İçin,Duracell,Sağlık Ve Medikal > Medikal & Sağlık Ürünleri > Pil,30,2,t,duracell-2032-lityum-pil-2li-seker-olcum-cihazlari-icin
8682022103888,,Luxor - 183 - Boksor Kırığı Ateli,Luxor,Sağlık Ve Medikal > Ortopedi Ürünleri > Bileklik,30,1,t,luxor-183-boksor-kirigi-ateli
8698758945937,,Luxor 316 Hamile Korsesi - Tek Boy,Luxor,Sağlık Ve Medikal > Ortopedi Ürünleri > Korse,30,1,t,luxor-316-hamile-korsesi-tek-boy
8698758946132,,Luxor 703 Sünger Boyunluk No: 2,Luxor,Sağlık Ve Medikal > Ortopedi Ürünleri > Boyunluk,30,1,t,luxor-703-sunger-boyunluk-no-2
8680133000744,,Magnimore Ekonomik Paket 120 Tablet,Magnimore,Besin Takviyeleri > Mineral > Magnezyum,30,2,t,magnimore-takviye-edici-gida-120-tablet
8680133001628,,Magnimore Pro 90 Kapsül,Magnimore,Besin Takviyeleri > Mineral > Magnezyum,30,3,t,magnimore-pro-90-kapsul
850081345596,,İmunol Complex 30 Kapsül,Orzax,Besin Takviyeleri > Mineral > Bakır,30,1,t,imunol-complex-30-kapsul
8699245890198,,Otifleks Kulak Tıkacı çam Tipi Klasik - Medium,Otifleks,Kişisel Bakım > Kulak & Burun Tıkacları,30,1,t,otifleks-kulak-tikaci-cam-tipi-klasik-medium
8004395001927,,Proraso Tıraş Köpüğü Okaliptus Özlü 300 ml,Proraso,Kişisel Bakım > Erkek Bakım > Erkek Cilt Bakımı,30,1,t,proraso-tiras-kopugu-okaliptus-ozlu-300-ml
8699592806958,,Roll Dizlik Small - Siyah,Roll,Sağlık Ve Medikal > Ortopedi Ürünleri > Dizlik,30,1,t,roll-dizlik-small-siyah
8699592806910,,Roll Korse Medium - Siyah,Roll,Sağlık Ve Medikal > Ortopedi Ürünleri > Korse,30,3,t,roll-korse-medium-siyah
4103040048981,,Sebamed Anti-Aging Kırışıklık Göz Kremi 15 ml,Sebamed,Cilt Bakım > Cilt ve İhtiyaç Tipi > Anti Age - Yaşlanma Karşıtı,30,1,t,sebamed-anti-aging-kirisiklik-goz-kremi-15-ml
8683655308251,,Senkavit Sitikolin + Omega 3 + Vitamin B12 30 Kapsül,Senkavit,Besin Takviyeleri > Takviye Edici Gıdalar > Omega 3 & Balık Yağı,30,1,t,senkavit-sitikolin-omega-3-vitamin-b12-30-kapsul
3401360167872,,SVR Sensifine AR Creme 40 ml,Svr,Cilt Bakım > Cilt ve İhtiyaç Tipi > Karma Cilt,30,1,t,svr-sensifine-ar-creme-40-ml
8680133001215,,Lifeextra Krom Pikolinat 90 Kapsül,Tab İlaç,Besin Takviyeleri > Mineral > Krom,30,2,t,lifextra-krom-pikolinat-90-kapsul
3337875594516,,Vichy Mineral 89 Fortifying  Plumping Daily Booster 30 ml,Vichy,Cilt Bakım > Cilt ve İhtiyaç Tipi > Nemlendirme,30,1,t,vichy-mineral-89-fortifying-plumping-daily-booster-30-ml
8690712018473,,Zade Vital Co-Q10  Omega 3 30 Kapsül,Zade Vital,Besin Takviyeleri > Takviye Edici Gıdalar > Koenzim Q10,30,2,t,zade-vital-co-q10-omega3-balik-yagi-30-kapsul
8680434326642,,Artımed Anjiokat Kanul 20G Tekli - Pembe,Artımed,Sağlık Ve Medikal > Medikal & Sağlık Ürünleri > Anjiokat,29,1,t,artimed-anjiokat-kanul-20g-tekli-pembe
8690088013874,,Avicenna Bosprey 20 ml,Avicenna,Besin Takviyeleri > Takviye Edici Gıdalar > Bitkisel Ürünler,29,2,t,avicenna-bosprey-propolis-20ml
8690797102487,,Bebsi Kulplu Akıtmaz Bardak 150Ml (248),Bebsi,Anne Bebek > Bebek Beslenme Ürünleri > Bebek Beslenme Araçları,29,1,t,bebsi-kulplu-akitmaz-bardak-150ml-248
3522930005308,,Caudalie Rose de Vigne Fresh Fragrance 50ml,Caudalie,Kişisel Bakım > Parfüm & Deodorant & Kozmetik > Erkek Deodorant > Erkek Parfüm,29,1,t,caudalie-rose-de-vigne-fresh-fragrance-50ml
8699080225667,,DS Plus Desenli Çocuk Göz Pedi 50li,DS Plus,Sağlık Ve Medikal > Medikal & Sağlık Ürünleri > Göz Pedi,29,1,t,ds-plus-desenli-cocuk-goz-pedi-50li
7613287207326,,"Gerber Organik Buğday ve Yulaflı Domates, Havuç, Soğanlı Püre 35 gr",Gerber,Anne Bebek > Bebek Beslenme Ürünleri > Bebek Maması,29,1,t,gerber-organik-bugday-ve-yulafli-domates-havuc-soganli-pure-35-gr
8682276816510,,Hanymish 651 Hediye Seti Mavi,Hanymish,Anne Bebek > Bebek Beslenme Ürünleri > Bebek Beslenme Araçları,29,1,t,hanymish-651-hediye-seti-mavi
8698758949683,,Luxor 107 Örgü Lumbosacral Korse - Large,Luxor,Sağlık Ve Medikal > Ortopedi Ürünleri > Korse,29,1,t,luxor-107-orgu-lumbosacral-korse-large
8698758949676,,Luxor 107 Örgü Lumbosakral Korse - Medium,Luxor,Sağlık Ve Medikal > Ortopedi Ürünleri > Korse,29,1,t,luxor-107-orgu-lumbosakral-korse-medium
8680645530777,,Nbt Life Treon 90 Kapsül,Nbt Life,Besin Takviyeleri > Mineral > Magnezyum,29,2,t,nbt-life-treon-90-kapsul
4005900712516,,Nivea Q10 Sıkılaştırıcı ve Bronzlaştırıcı Vücut Losyonu 400 ml,Nivea,Cilt Bakım > Vücut Bakım > Vücut Losyonu,29,1,t,nivea-q10-sikilastirici-ve-bronzlastirici-vucut-losyonu-400-ml
8697595871560,,Cosakondrin Nem 30 Tablet,Ocean,Besin Takviyeleri > Takviye Edici Gıdalar > Bitkisel Ürünler,29,3,t,ocean-cosakondrin-nem-30-tablet
8699512849164,,Otabron Kids Bitkisel Şurup 100 ml,Otacı,Besin Takviyeleri > Çocuklar İçin Gıda Takviyesi > Çocuklar İçin Takviye Edici Gıdalar,29,1,t,otabron-kids-bitkisel-surup-100-ml
8684891230337,,Poblex Kulak Bonesi + Kulak Tıkacı,Poblex,Kişisel Bakım > Kulak & Burun Tıkacları,29,1,t,poblex-kulak-bonesi-kulak-tikaci
8699592802523,,"Roll Trans 2,5cm x 5m",Roll,Sağlık Ve Medikal > Medikal & Sağlık Ürünleri > Flaster,29,3,t,roll-trans-25cm-x-5m
8683655308268,,Senkavit Ginko Biloba ve B12 İçeren 90 lı Tablet,Senkavit,Besin Takviyeleri > Takviye Edici Gıdalar > Bitkisel Ürünler,29,1,t,senkavit-ginko-biloba-ve-b12-iceren-90-li-tablet
3662361001835,,SVR Sebiaclear Active Gel 40 ml,Svr,Cilt Bakım > Akne Ve Sivilce Ürünleri > Akne Ve Yağlı Cilt Serumları,29,1,t,svr-sebiaclear-active-gel-40-ml
3662361000104,,SVR Spirial Terleme Karşıtı Sprey Deodorant 75 ml,Svr,Cilt Bakım > Vücut Bakım > Vücut Spreyi,29,1,t,svr-spirial-terleme-karsiti-sprey-deodorant-75-ml
8680133002717,,Lifextra Bella 30 Kapsül,Tab İlaç,Besin Takviyeleri > Mineral > Bakır,29,1,t,lifextra-bella-30-kapsul
8680133001185,,Lifextra Biotin 5000 mg 60 Tablet,Tab İlaç,Besin Takviyeleri > Vitamin > Biotin,29,1,t,lifextra-biotin-5000-mg-60-tablet
8680133002571,,Lifextra Bromelain 500 mg 60 Kapsül,Tab İlaç,Besin Takviyeleri > Takviye Edici Gıdalar > Bromelain,29,1,t,lifextra-bromelain-500-mg-60-kapsul
8680133001703,,Lifextra Dao Veg 60 Tablet,Tab İlaç,Besin Takviyeleri > Takviye Edici Gıdalar > Bitkisel Ürünler,29,3,t,lifextra-dao-veg-60-tablet
8680702308011,,Vikolejen Tip 2 Collagen 30 Tablet,Teda Farma,Besin Takviyeleri > Kolajen > Kolajen Tip 2,29,1,t,vikolejen-tip-2-collagen-30-tablet
8680131752652,,Venatura L-Glutatyon 250 mg 30 Kapsül,VeNatura,Besin Takviyeleri > Takviye Edici Gıdalar > Bitkisel Ürünler,29,2,t,venatura-l-glutatyon-250-mg-takviye-edici-gida-60-yumusak-kapsul
8699680510132,,Wellcare Vitamin D3 1000 IU 30 ml,Wellcare,Besin Takviyeleri > Vitamin > D3 ve K2 Vitamin,29,2,t,wellcare-vitamin-d3-1000-iu-30-ml
8683270544249,,Anocin Beauty Mix Collagen Tip I-II-III Elastin Biotin Zinc Selenyum Hyaluronic Kolajen 30 Tablet,Anocin,Besin Takviyeleri > Kolajen > Kolajen Tip 1-3,28,1,t,anocin-beauty-mix-collagen-tip-i-ii-iii-elastin-biotin-zinc-selenyum-hyaluronic-kolajen-30-tablet
8681285105714,,B-Good Aloe Vera Suya Dayanıklı Yara Bandı 20li,B-Good,Sağlık Ve Medikal > Medikal & Sağlık Ürünleri > Yara Bandı,28,2,t,b-good-aloe-vera-suya-dayanikli-yara-bandi-20li
3522930004134,,Caudalie Vinocrush Long Lasting Bronzing Powder,Caudalie,Güneş Bakım > Bronzlaştırıcı > Bronzlaştırıcı Pudra,28,1,t,caudalie-vinocrush-long-lasting-bronzing-powder
8681291005244,,Centrum Women 30 Tablet,Centrum,Besin Takviyeleri > Mineral > Bakır,28,2,t,centrum-women-multivitamin-ve-multimineral-30-tablet
8699009540345,,Exxe Elastik Bandaj 8 cm,Exxe,Sağlık Ve Medikal > Ortopedi Ürünleri > Bandaj,28,2,t,exxe-elastik-bandaj-8-cm
8680133001604,,Magnimore Magnezyum Sitrat 60 Kapsül,Magnimore,Besin Takviyeleri > Mineral > Magnezyum,28,3,t,magnimore-magnesium-citratep5p-60-kapsul
4006000180847,,Nivea Cocoa Butter Derin Nemlendirici Serum El ve Vücut Kremi 400 ml,Nivea,Cilt Bakım > Cilt ve İhtiyaç Tipi > Kuru Cilt,28,1,t,nivea-cocoa-butter-derin-nemlendirici-serum-el-ve-vucut-kremi-400-ml
4005808914715,,Nivea Tıraş Sonrası Balsam Men Hassas Serinletici 100 ml,Nivea,Kişisel Bakım > Erkek Bakım > Sakal & Traş Bakımı,28,1,t,nivea-tiras-sonrasi-balsam-men-hassas-serinletici-100-ml
850071952636,,Ocean Neurobexol 60 Kapsül,Ocean,Besin Takviyeleri > Mineral,28,3,t,ocean-neurobexol-60-kapsul
8680067190030,,Osmin Positive 90 Tablet,Pharma Positive,Besin Takviyeleri > Mineral > Kalsiyum,28,1,t,osmin-positive-90-tablet
8680713008245,,Poblex Puar Kanüllü No : 1,Poblex,Sağlık Ve Medikal > Medikal & Sağlık Ürünleri,28,2,t,poblex-kanullu-puar-no1-30-ml
8680713008184,,Poblex Vazelinli Kulak Tıkacı 4lü,Poblex,Kişisel Bakım > Kulak & Burun Tıkacları,28,2,t,poblex-vazelinli-pamuk-kulak-tikaci-4lu
8699592821197,,Roll Sıcak Soğuk Termojel Göz Tanecikli Kompres 9cm x 23cm,Roll,Sağlık Ve Medikal > Medikal & Sağlık Ürünleri > Kas Ve Eklem Sağlığı,28,2,t,roll-termojel-sicak-soguk-goz-tanecikli-kompres-9-cm-x-23-cm
8683655308213,,Senkavit Womens Multivitamin ve Mineral Complex +50 Yaş 120 Tablet,Senkavit,Besin Takviyeleri > Mineral > Bakır,28,1,t,senkavit-womens-multivitamin-ve-mineral-complex-50-yas-120-tablet
33984010703,,Solgar Flaxseed Oil 1250 mg 100 Kapsül,Solgar,Besin Takviyeleri > Takviye Edici Gıdalar > Omega 3 & Balık Yağı,28,2,t,solgar-flaxseed-oil-1250-mg-100-kapsul
3662361000937,,SVR B3 Ampoule Hydra Serum 30 ml,Svr,Cilt Bakım > Akne Ve Sivilce Ürünleri > Akne Ve Yağlı Cilt Serumları,28,1,t,svr-b3-ampoule-hydra-serum-30-ml
3401360315280,,SVR Clarial CC Medium SPF50 40 ml,Svr,Güneş Bakım > Yüz Güneş Kremi > Hassas Ciltler İçin Güneş Kremi,28,1,t,svr-clarial-cc-medium-spf50-40-ml
8680133001161,,Lipovia Lipozomal Vitamin C 30 Kapsül,Tab İlaç,Besin Takviyeleri > Vitamin > C Vitamini,28,1,t,lipovia-lipozomal-vitamin-c-30-kapsul
8683229901109,,Venatura Kalsiyum Magnezyum Çinko ve Vitamin D3 30 Saşe,VeNatura,Besin Takviyeleri > Mineral > Kalsiyum,28,2,t,venatura-kalsiyum-magnezyum-cinko-ve-vitamin-d3-30-sase
8683229900621,,Venatura Klorella 60 Kapsül,VeNatura,Besin Takviyeleri > Mineral,28,2,t,venatura-klorella-chlorella-takviye-edici-gida-60-kapsul
8680807008755,,Voonka Alpha Lipoic Acid 600 mg 30 Kapsül,Voonka,Besin Takviyeleri > Takviye Edici Gıdalar > Alfa Lipoik Asit,28,2,t,voonka-alpha-lipoic-acid-30-kapsul
8699680590080,,Provim Kids Damla 8 ml,Wellcare,Besin Takviyeleri > Çocuklar İçin Gıda Takviyesi > Çocuklar İçin Probiyotik,28,2,t,wellcare-provim-kids-damla-8-ml
8699680092317,,Wellcare Neurogo 30 Tablet,Wellcare,Besin Takviyeleri > Mineral > Magnezyum,28,1,t,wellcare-neurogo-30-tablet
8690712026898,,Zade Vital Miniza Omega-3 Balık Yağı 150 ml,Zade Vital,Besin Takviyeleri > Takviye Edici Gıdalar > Omega 3 & Balık Yağı,28,2,t,zade-vital-miniza-omega-3-balik-yagi-limon-aromali-150-ml
8691685020326,,Eyüp Sabri Tuncer Japon Kiraz Çiçeği Kolonyalı Mendil 150li,Eyüp Sabri Tuncer,Ev & Yaşam,27,1,t,eyup-sabri-tuncer-japon-kiraz-cicegi-kolonyali-mendil-150li
851228005403,,Hurraw Tinted Lip Balm Hazelnut,Hurraw,Cilt Bakım > Yüz Bakımı > Dudak Bakımı,27,1,t,hurraw-tinted-lip-balm-hazelnut
3337872418815,,La Roche Posay Lipikar Gel Lavant 750 ml - Jel Temizleyici,La Roche Posay,Cilt Bakım > Akne Ve Sivilce Ürünleri > Akne Ve Yağlı Cilt Serumları,27,1,t,la-roche-posay-lipikar-gel-lavant-750-ml-jel-temizleyici
8680133000522,,Magnimore 60 Tablet,Magnimore,Besin Takviyeleri > Mineral > Magnezyum,27,2,t,magnimore-takviye-edici-gida-60-tablet
8680133001635,,Magnimore Gs 60 Kapsül,Magnimore,Besin Takviyeleri > Mineral > Magnezyum,27,2,t,magnimore-gs-60-kapsul
8684072989092,,Mochi Diş Kaşıyıcı - Antrasit,Mochi,Anne Bebek > Bebek Bakım > Diş Çıkarma Jelleri,27,1,t,mochi-dis-kasiyici-antrasit
8699512849157,,Otabron Bitkisel Şurup 100 ml,Otacı,Besin Takviyeleri > Takviye Edici Gıdalar > Bitkisel Ürünler,27,1,t,otabron-bitkisel-surup-100-ml
8690784131100,,Raid Elektro Mat 20li Tablet,Raid,Ev & Yaşam > Sinek Kovucu,27,2,t,raid-elektro-mat-tablet-20li
8699592806927,,Roll Yün Korse - Large,Roll,Sağlık Ve Medikal > Ortopedi Ürünleri > Korse,27,1,t,roll-yun-korse-large
7310616342566,,Salvelox Yara Bandı Has A.vera 20l,Salvelox,Sağlık Ve Medikal > Medikal & Sağlık Ürünleri > Yara Bandı,27,1,t,salvelox-yara-bandi-has-avera-20l
5206892101299,,Sinomarin Babibes 18 Flakon 5 ml,Sinomarin,Anne Bebek > Bebek Bakım > Bebek Burun Spreyi,27,2,t,sinomarin-babies-deniz-suyu-serum-fizyolojik-5ml-x-18-flakon
33984028043,,Solgar Kangavites Chewable Vitamin C 100 mg 90 Tablet,Solgar,Besin Takviyeleri > Vitamin > C Vitamini,27,2,t,solgar-kangavites-vitamin-c-100-mg-90-tablet
3662361000401,,SVR C Ampoule Anti-Ox 30 ml,Svr,Cilt Bakım > Cilt ve İhtiyaç Tipi > Anti Age - Yaşlanma Karşıtı,27,1,t,svr-c-ampoule-anti-ox-30-ml
8683229901680,,VeNatura Probiotic Transit Probiyotik Mikroorganizma 30 Kapsül,VeNatura,Besin Takviyeleri > Probiyotik & Prebiyotik,27,2,t,venatura-probiotic-transit-probiyotik-mikroorganizma-30-kapsul
8682368909564,,Velavit V-D3K2 Damla 20 ml,Velavit,Besin Takviyeleri > Vitamin > D3 ve K2 Vitamin,27,1,t,velavit-v-d3k2-damla-20-ml
8680434325799,,Artımed Saç Yıkama Bonesi,Artımed,Sağlık Ve Medikal > Medikal & Sağlık Ürünleri > Saç Bonesi,26,1,t,artimed-sac-yikama-bonesi
8699708480034,,Molien Losyon 100 ml,Assos İlaç,Cilt Bakım > Cilt ve İhtiyaç Tipi > Kuru Cilt,26,1,t,molien-losyon-100-ml
3522930005384,,Caudalie High Protection Glow Oil SPF50 150ml,Caudalie,Güneş Bakım > Yüz Güneş Kremi > Hassas Ciltler İçin Güneş Kremi,26,1,t,caudalie-high-protection-glow-oil-spf50-150ml
850077028069,,Day2Day The Collagen Green UP Booster Vegan 30 Saşe,Day2Day,Besin Takviyeleri > Kolajen > Toz Kolajen,26,1,t,day2day-the-collagen-green-up-booster-vegan-30-sase
8684117129964,,Denta Delete Aktif Karbon Diş Macunu 75 ml,Denta Delete,Kişisel Bakım > Diş Macunu,26,1,t,denta-delete-aktif-karbon-dis-macunu-75-ml
34566,,Ergo Travel Hafızalı Visko Seyahat Yastığı - Siyah,Ergo,Sağlık Ve Medikal > Ortopedi Ürünleri > Boyunluk,26,1,t,ergo-travel-hafizali-visko-seyahat-yastigi-siyah
8684382998708,,Kuteks Fix Esnek Flaster 10 cm x 5 m,Kuteks,Sağlık Ve Medikal > Medikal & Sağlık Ürünleri > Flaster,26,1,t,kuteks-fix-esnek-flaster-10-cm-x-5-m
8698758948310,,Luxor Silikon Topukluk - Small - 606,Luxor,Sağlık Ve Medikal,26,1,t,luxor-silikon-topukluk-small-606
8680133001598,,Magnimore Threo PS 90 Kapsül,Magnimore,Besin Takviyeleri > Mineral > Magnezyum,26,3,t,magnimore-threo-ps-90-kapsul
8699546156405,,Mırabalance baby 953 Aile paketi,MiraBalance,Besin Takviyeleri > Probiyotik & Prebiyotik,26,1,t,mirabalance-baby-953-aile-paketi
8697595874233,,Ocean Bromelain 60 Kapsul,Ocean,Besin Takviyeleri > Takviye Edici Gıdalar > Bromelain,26,3,t,ocean-bromelain-500mg-60-kapsul
8697595873700,,Ocean Gummies Apple Cider Vinegar 60 Çiğneme Form,Ocean,Besin Takviyeleri > Mineral > Krom,26,2,t,ocean-gummies-apple-cider-vinegar-60-yumusak-tablet
8699592822750,,Roll Bant Tekstil Yara Bandı 20li,Roll,Sağlık Ve Medikal > Medikal & Sağlık Ürünleri > Yara Bandı,26,2,t,roll-bant-tekstil-yara-bandi-20li
8683655308077,,Senkavit Omega 3-6-9 1300 mg 200 Softjel,Senkavit,Besin Takviyeleri > Takviye Edici Gıdalar > Omega 3 & Balık Yağı,26,2,t,senkavit-omega-3-6-9-1300-mg-200-softjel
5206892100704,,Sinomarin Cold  Flu Relief Sprey 30 ml,Sinomarin,Sağlık Ve Medikal > Medikal & Sağlık Ürünleri > Burun Spreyi,26,2,t,sinomarin-cold-flu-mini-sprey-30-ml
33984000551,,Solgar Alpha Lipo Acid 60 mg 30 Kapsül,Solgar,Besin Takviyeleri > Takviye Edici Gıdalar > Alfa Lipoik Asit,26,2,t,solgar-alpha-lipoic-acid-60-mg-30-kapsul
33984038189,,Solgar Chlorella 520 mg 100 Kapsül,Solgar,Besin Takviyeleri > Takviye Edici Gıdalar > Bağışıklık Sistemi,26,2,t,solgar-chlorella-100-tablet
33984020504,,Solgar Omega-3 700 mg 30 Softgel,Solgar,Besin Takviyeleri > Takviye Edici Gıdalar > Omega 3 & Balık Yağı,26,2,t,solgar-omega-3-700-mg-30-yumusak-jelatinli-kapsul
8690797105976,,Bebsi Çatal Kaşık Seti,Bebsi,Anne Bebek > Bebek Beslenme Ürünleri > Bebek Beslenme Araçları,25,1,t,bebsi-catal-kasik-seti
8699080225773,,"DS Plus Nonwoven Yara Örtüsü 5x7,5 cm 10lu",DS Plus,Sağlık Ve Medikal > Ortopedi Ürünleri > Sargı ve Sargı Bezi > Yara Örtüsü,25,1,t,ds-plus-nonwoven-yara-ortusu-5x75-cm-10lu
67899,,Ergo Travel Hafızalı Visko Seyahat Yastığı - Gri,Ergo,Sağlık Ve Medikal > Ortopedi Ürünleri > Boyunluk,25,1,t,ergo-travel-hafizali-visko-seyahat-yastigi-gri
8691685020319,,Eyüp Sabri Tuncer Klasik Limon Kolonyalı Mendil 150li,Eyüp Sabri Tuncer,Ev & Yaşam,25,1,t,eyup-sabri-tuncer-klasik-limon-kolonyali-mendil-150li
p8682276817272,,Hanymish 727 Bebek Çıngırağı,Hanymish,Anne Bebek > Bebek Bakım > Bebek Aksesuar,25,1,t,hanymish-727-bebek-cingiragi
8699592810252,,Kurmed Fix Flaster 5cm x 10m,Kurmed,Sağlık Ve Medikal > Medikal & Sağlık Ürünleri > Flaster,25,1,t,kurmed-fix-flaster-5cm-x-10m
8698758942387,,Luxor Başparmak Destekli El-bilek Ateli - 193 - Sağ,Luxor,Sağlık Ve Medikal > Ortopedi Ürünleri > Parmak Atelleri,25,1,t,luxor-basparmak-destekli-el-bilek-ateli-193-sag
8699789004143,,Gynolac Probiyotik 15 Çiğneme Tablet,Mega Farma,Besin Takviyeleri > Probiyotik & Prebiyotik,25,1,t,gynolac-probiyotik-15-cigneme-tablet
8680645530999,,Nbt Life Fucoidon 60 Kapsül,Nbt Life,Besin Takviyeleri,25,2,t,nbt-life-fucoidon-60-kapsul
4005900424648,,Nivea Aqua Rose Çift Fazlı Micellar Makyaj Temizleme Suyu 400 ml,Nivea,Cilt Bakım > Yüz Bakımı > Yüz Temizleme,25,1,t,nivea-aqua-rose-cift-fazli-micellar-makyaj-temizleme-suyu-400-ml
4005808236879,,Nivea Body Milk Vücut Nemlendiricisi 400 ml,Nivea,Cilt Bakım > Vücut Bakım > Vücut Losyonu,25,1,t,nivea-body-milk-vucut-nemlendiricisi-400-ml
4006000176833,,Nivea Derma Control Natural Tone Stick 50 ml,Nivea,Kişisel Bakım > Parfüm & Deodorant & Kozmetik > Kadın Deodorant > Kadın Roll-On,25,1,t,nivea-derma-control-natural-tone-stick-50-ml
4005900156143,,Nivea Invisible for Black  White Deodorant (Clear) 150 ml,Nivea,Kişisel Bakım > Parfüm & Deodorant & Kozmetik > Kadın Deodorant > Kadın Parfüm,25,1,t,nivea-invisible-for-black-white-deodorant-clear-150-ml
4006000179216,,Nivea Luminous Skin Glow Aydınlatıcı Serum 30 ml,Nivea,Cilt Bakım > Cilt ve İhtiyaç Tipi > Lekeli Cilt,25,1,t,nivea-luminous-skin-glow-aydinlatici-serum-30-ml
4006000063027,,Nivea Men Deodorant Deep Beat Aktif Karbon Erkek Sprey 150 ml,Nivea,Kişisel Bakım > Parfüm & Deodorant & Kozmetik > Erkek Deodorant > Erkek Parfüm,25,1,t,nivea-men-deodorant-deep-beat-aktif-karbon-erkek-sprey-150-ml
4005900289056,,Nivea Yatıştırıcı Yüz Yıkama Köpüğü Kuru Ciltler 150 ml,Nivea,Cilt Bakım > Cilt ve İhtiyaç Tipi > Kuru Cilt,25,1,t,nivea-yatistirici-yuz-yikama-kopugu-kuru-ciltler-150-ml
8684441140314,,Nuvite Kids Multivitamin 200 gr,Nuvite,Besin Takviyeleri > Mineral > Çinko,25,2,t,nuvite-kids-multivitamin-200-gr
8680713008467,,Poblex Uyku M Kulak Tıkacı,Poblex,Kişisel Bakım > Kulak & Burun Tıkacları,25,2,t,poblex-uyku-kulak-tikaci-m
8699592807245,,Roll Fix Flaster 5cm x 10m,Roll,Sağlık Ve Medikal > Medikal & Sağlık Ürünleri > Flaster,25,1,t,roll-fix-flaster-5cm-x-10m
8683655308176,,Senkavit Ginko Biloba B12  180 Tablet,Senkavit,Besin Takviyeleri > Vitamin > Vitamin B12,25,1,t,senkavit-ginko-biloba-b12-180-tablet
850071952117,,Shiniq UV Güneş / Normal Karma SPF 50 40 ml,Shiniq,Cilt Bakım > Cilt ve İhtiyaç Tipi > Karma Cilt,25,1,t,shiniq-uv-gunes-normal-karma-spf-50-40-ml
3662361001590,,SVR Sebiaclear Micro Peel 150 ml,Svr,Cilt Bakım > Cilt ve İhtiyaç Tipi > Karma Cilt,25,1,t,svr-sebiaclear-micro-peel-150-ml
3662361002641,,Svr Sun Secure Creme Spf50+ 50 ml After Sun 50 ml HEDİYE,Svr,Güneş Bakım > Bronzlaştırıcı > After Sun Güneş Sonrası Bakım,25,1,t,svr-sun-secure-creme-spf50-50-ml-after-sun-50-ml-hediye
8680133002588,,Lifextra Saw Palmetto Complex 30 Yumuşak Kapsül,Tab İlaç,Besin Takviyeleri > Mineral > Çinko,25,1,t,lifextra-saw-palmetto-complex-30-yumusak-kapsul
8680133002892,,Tab İlaç TabVitamins Passiflora Likit 200 ml,Tab İlaç,Besin Takviyeleri > Takviye Edici Gıdalar > Bitkisel Ürünler,25,2,t,tabvitamins-passiflora-200-ml
8680133003431,,TabVitamins Glucomannan Food Supplement 60 Şase,Tab İlaç,Besin Takviyeleri > Mineral > Glukomannan,25,1,t,tabvitamins-glucomannan-food-supplement-60-sase
8680133003035,,Tabvitamins Hidrolize Kollajen 30 Servis,Tab İlaç,Besin Takviyeleri > Kolajen > Kolajen Tip 1-3,25,3,t,tabvitamins-hidrolize-kollajen
8683229900737,,Venatura Equopausa Soya İzoflavonları 20 Tablet,VeNatura,Besin Takviyeleri > Takviye Edici Gıdalar > Bitkisel Ürünler,25,2,t,venatura-equopausa-soya-izoflavonlari-20-tablet
8683229901604,,Venatura Kreatin Monohidrat 150 gr,VeNatura,Besin Takviyeleri > Takviye Edici Gıdalar > Sporcu Besinleri,25,2,t,venatura-kreatin-monohidrat-150gr
8683655089495,,Voonka Magnesium Complex 30 Saşe,Voonka,Besin Takviyeleri > Mineral > Magnezyum,25,2,t,voonka-magnesium-complex-30-sase
8680807008373,,Voonka Çörek Otu Yağı 60 Kapsül (Nigella Sativa),Voonka,Besin Takviyeleri > Takviye Edici Gıdalar > Bitkisel Ürünler,25,2,t,outlet-voonka-nigella-sativa-corekotu-yagi-62-kapsul
8690712028434,,Zade Vital Citicoline Focus Plus 60 Kapsül,Zade Vital,Besin Takviyeleri > Vitamin > Fosfatidilserin,25,1,t,zade-vital-citicoline-focus-plus-60-kapsul
8681285101136,,"B-Good Kağıt Tıbbi Flaster 5m x 1,25cm",B-Good,Sağlık Ve Medikal > Medikal & Sağlık Ürünleri > Flaster,24,2,t,b-good-kagit-tibbi-flaster-5m-x-125cm
8690797105891,,Bebsi Manuel Göğüs Pompası Karma Renk,Bebsi,Anne Bebek > Emzirme > Göğüs Pompası,24,1,t,bebsi-manuel-gogus-pompasi-karma-renk
8436574362336,,Biretix Hydramat Fluid 50 ml,Biretix,Cilt Bakım > Cilt ve İhtiyaç Tipi > Lekeli Cilt,24,1,t,biretix-hydramat-fluid-50-ml
3522930005087,,Caudalie Vinotherapist Renkli Dudak Nemlendiricisi 4.5 gr,Caudalie,Cilt Bakım > Yüz Bakımı > Dudak Bakımı,24,1,t,caudalie-vinotherapist-renkli-dudak-nemlendiricisi-45-gr
8699080225018,,DS Plus Bez Flaster 5 m x 5 cm,DS Plus,Sağlık Ve Medikal > Medikal & Sağlık Ürünleri > Flaster,24,1,t,ds-plus-bez-flaster-5-m-x-5-cm
8691685027424,,Eyüp Sabri TuncerDoğal Çilek Özlü 2-6 Yaş Çocuk Diş Macunu 60 ml,Eyüp Sabri Tuncer,Kişisel Bakım > Çocuklar için Kişisel Bakımı > Çocuk Diş Macunu,24,1,t,eyup-sabri-tuncerdogal-cilek-ozlu-2-6-yas-cocuk-dis-macunu-60-ml
8698758943445,,Luxor Elastik Ayak Bilekliği - xLarge 225,Luxor,Sağlık Ve Medikal > Ortopedi Ürünleri > Bileklik,24,1,t,luxor-elastik-ayak-bilekligi-xlarge-225
4005808669233,,Nivea Visage Canlandırıcı Yüz Temizleme Jeli 150 ml,Nivea,Cilt Bakım > Cilt ve İhtiyaç Tipi > Karma Cilt,24,1,t,nivea-visage-canlandirici-yuz-temizleme-jeli-150-ml
8680512635673,,Nutraxin Çörek Otu Yağı 1000 mg 60 Yumuşak Kapsül,Nutraxin,Besin Takviyeleri > Takviye Edici Gıdalar > Bitkisel Ürünler,24,2,t,nutraxin-corek-otu-yagi-1000mg-60-kapsul
8697595873069,,Ocean L-Arjinin 1000 mg 60 Saşe,Ocean,Besin Takviyeleri > Takviye Edici Gıdalar > L-Arjinin,24,3,t,ocean-l-arjinin-1000mcg-60-sase
8680067190023,,Magnesium Positive 30 Saşe,Pharma Positive,Besin Takviyeleri > Mineral > Magnezyum,24,1,t,magnesium-positive-30-sase
8680713009044,,Poblex Kulak Mumu 2li,Poblex,Sağlık Ve Medikal > Medikal & Sağlık Ürünleri,24,1,t,poblex-kulak-mumu-2li
8699592822095,,Roll Kol Askısı,Roll,Sağlık Ve Medikal > Ortopedi Ürünleri > Kol Askısı,24,2,t,roll-kol-askisi
8699592800628,,Roll Termojel Sıcak Soğuk Kompres 13cm x 28cm,Roll,Sağlık Ve Medikal > Medikal & Sağlık Ürünleri > Sıcak Soğuk Kompres,24,2,t,roll-termojel-sicak-soguk-kompres-13cm-x-28cm
8683249001063,,Sanitabant Yara Bandı 20li - Desenli Çocuklar İçin,Sanitabant,Sağlık Ve Medikal > Medikal & Sağlık Ürünleri > Yara Bandı,24,1,t,sanitabant-yara-bandi-20li-desenli-cocuklar-icin
4103040905758,,Sebamed Fresh Deodorant Active 75 ml,Sebamed,Kişisel Bakım > Parfüm & Deodorant & Kozmetik > Erkek Deodorant,24,1,t,sebamed-fresh-deodorant-active-75-ml
8683655308107,,Senkavit Omega 3 For Kids Portakal Aromalı 120li Softjel,Senkavit,Besin Takviyeleri,24,2,t,senkavit-omega-3-for-kids-portakal-aromali-120li-softjel
5206892100261,,Sinomarin Children Cocuklar Için Deniz Suyu Spreyi 100 ml,Sinomarin,Sağlık Ve Medikal > Medikal & Sağlık Ürünleri > Burun Spreyi,24,2,t,sinomarin-cocuk-deniz-suyu-spreyi-100-ml
8680133000843,,Sambumore Kids Şurup 150 ml,Tab İlaç,Besin Takviyeleri > Mineral > Çinko,24,2,t,sambu-more-kids-surup-150-ml
8680133003486,,Tabvitamins Immumore Hot 12 Saşe,Tab İlaç,Besin Takviyeleri > Takviye Edici Gıdalar > Beta Glukan,24,1,t,tabvitamins-immumore-hot-12-sase
8683655089891,,Voonka Collagen Bonafix 30 Saşe,Voonka,Besin Takviyeleri > Kolajen > Kolajen Tip 1-3,24,2,t,voonka-collagen-bonafix-tip-iiiiii-takviye-edici-gida-30-sase
8680434326895,,Artımed Isı ve Nem Ölçer,Artımed,Sağlık Ve Medikal > Medikal & Sağlık Ürünleri > Termometreler,23,1,t,artimed-isi-ve-nem-olcer
8685063350075,,Barbaris Collagen Elastin Silicium 30 Tablet,Barbaris,Besin Takviyeleri > Kolajen > Balık Kolajeni,23,2,t,barbaris-collagen-elastin-silicium-30-tablet
3522930003571,,Caudalie Premier Cru La Creme Rich E 50 ml,Caudalie,Cilt Bakım > Cilt ve İhtiyaç Tipi > Anti Age - Yaşlanma Karşıtı,23,1,t,caudalie-premier-cru-la-creme-rich-e-50-ml
8683310282759,,Clinic Life Sun Care SPF50 100 ml,Clinic Life,Güneş Bakım > Yüz Güneş Kremi > Normal Ciltler İçin Güneş Kremi,23,1,t,clinic-life-sun-care-spf50-100-ml
3337875920742,,La Roche Posay Effaclar A.Z. Gel Krem 40 ml,La Roche Posay,Cilt Bakım > Akne Ve Sivilce Ürünleri > Akne Ve Yağlı Cilt Serumları,23,1,t,la-roche-posay-effaclar-az-gel-krem-40-ml
8698758941021,,Luxor Silikon Bünyon Koruyucu Tek - Standart - 608,Luxor,Sağlık Ve Medikal,23,1,t,luxor-silikon-bunyon-koruyucu-tek-standart-608
8680645530470,,NBT Life Duobalance Pre 30 Saşe,Nbt Life,Besin Takviyeleri > Takviye Edici Gıdalar > Sindirim Sistemi,23,1,t,nbt-life-duobalance-pre-30-sase
7640128141129,,New Life Natur D3 Spray 1000 IU 20 ml,New Life,Besin Takviyeleri > Vitamin > D Vitamini,23,1,t,new-life-natur-d3-spray-1000-iu-20-ml
4005808704880,,Nivea Body Losyon Repair  Care 400 ml,Nivea,Cilt Bakım > Cilt ve İhtiyaç Tipi > Kuru Cilt,23,1,t,nivea-body-losyon-repair-care-400-ml
8699245892123,,Otifleks Uçak Kulak Tıkacı Large,Otifleks,Kişisel Bakım > Kulak & Burun Tıkacları,23,3,t,otifleks-ucus-kulak-tikaci-large
8680067190108,,Utinoz Positive 10 Saşe,Pharma Positive,Besin Takviyeleri > Takviye Edici Gıdalar > Cranberry,23,1,t,utinoz-positive-10-sase
8684891230115,,Poblex Yapışkanlı Topuk Vurma Önleyici,Poblex,Sağlık Ve Medikal > Ortopedi Ürünleri > Topukluk,23,1,t,poblex-yapiskanli-topuk-vurma-onleyici
8699592804596,,Roll Optik Kız 100lü,Roll,Sağlık Ve Medikal > Medikal & Sağlık Ürünleri > Göz Pedi,23,1,t,roll-optik-kiz-100lu
8683655308114,,Senkavit Zufaotu At Kestanesi Hesperidin 90 Tablet,Senkavit,Besin Takviyeleri > Takviye Edici Gıdalar > Bitkisel Ürünler,23,1,t,senkavit-zufaotu-at-kestanesi-hesperidin-90-tablet
8684985709046,,Svr Sensifine Ar Nemlendirici Yoğun Bakım Kremi 40 ml,Svr,Cilt Bakım > Akne Ve Sivilce Ürünleri > Akne Ve Yağlı Cilt Serumları,23,1,t,svr-sensifine-ar-nemlendirici-yogun-bakim-kremi-40-ml
8683229901536,,Venatura Lipozomal Resveratrol 60 Kapsül,VeNatura,Besin Takviyeleri > Takviye Edici Gıdalar > Resveratrol,23,1,t,venatura-lipozomal-resveratrol-60-kapsul
30065949,,Vichy Capital Soleil Uvb+Uva SPF50+ 9 ml,Vichy,Güneş Bakım > Yüz Güneş Kremi > Hassas Ciltler İçin Güneş Kremi,23,2,t,vichy-capital-soleil-uvbuva-spf50-9-ml
8683574183076,,Zederma Akne Karşıtı Serum 30 ml,Zederma,Cilt Bakım > Cilt ve İhtiyaç Tipi > Lekeli Cilt,23,1,t,zederma-akne-karsiti-serum-30-ml
8699708011283,,Bio Spirulina 240 Tablet,Assos İlaç,Besin Takviyeleri > Takviye Edici Gıdalar > Bağışıklık Sistemi,22,1,t,bio-spirulina-240-tablet
8436571632524,,Babe Mineral Eye Contour SPF50 Göz Çevresi Kremi 4 gr,Babe,Cilt Bakım > Yüz Bakımı > Göz Bakımı,22,1,t,babe-mineral-eye-contour-spf50-goz-cevresi-kremi-4-gr
8437000945680,,Babe Pediatrik Nemlendirici Vücut Sütü 500 ml,Babe,Anne Bebek > Bebek Bakım > Bebek Kremi,22,1,t,babe-pediatrik-nemlendirici-vucut-sutu-500-ml
8684068088327,,Base Essentials Be Guard 30 Kapsül,Base Essentials,Besin Takviyeleri > Mineral > Çinko,22,2,t,cronos-pharma-be-guard-30-kapsul
8699080225117,,DS Plus Elastik Bandaj 12x120 cm,DS Plus,Sağlık Ve Medikal > Ortopedi Ürünleri > Bandaj,22,2,t,ds-plus-elastik-bandaj-12x120-cm
8690530024182,,Egos Styler Krem Jöle 150 ml,Egos,Saç Bakım > Saç şekillendiriciler > Saç Jölesi,22,1,t,egos-styler-krem-jole-150-ml
8699284270241,,Cold Mix Inhaler Damla 5 ml,Ena Farma,Anne Bebek > Bebek Bakım > Takviye Edici Damla ve şuruplar,22,2,t,cold-mix-inhaler-damla-mavi-5-ml
8470002147102,,Heliocare 360° Sensation Oil-Free SPF50 50 ml,Heliocare,Güneş Bakım > Vücut Güneş Kremleri,22,1,t,heliocare-360-sensation-oil-free-spf50-50-ml
8680133001154,,Lipovia Lipozomal Vitamin C 60 Kapsül,Lipovia,Besin Takviyeleri > Vitamin > C Vitamini,22,2,t,lipovia-lipozomal-c-vitamini-60-kapsul
8698758949690,,Luxor 107 Örgü Lumbosacral Korse - xLarge,Luxor,Sağlık Ve Medikal > Ortopedi Ürünleri > Korse,22,1,t,luxor-107-orgu-lumbosacral-korse-xlarge
8698758942837,,Luxor 845 Hostes Çorabı Külotlu Burnu Kapalı Siyah No: 4,Luxor,Sağlık Ve Medikal > Ortopedi Ürünleri > Varis Çorapları,22,1,t,luxor-845-hostes-corabi-kulotlu-burnu-kapali-siyah-no-4
7640128140917,,New Life EFA Mom 30 Kapsül,New Life,Besin Takviyeleri > Mineral > Demir,22,2,t,new-life-efa-mom-30-kapsul
8684441140338,,Nuvite Vitamin C 200 gr,Nuvite,Besin Takviyeleri > Vitamin > C Vitamini,22,1,t,nuvite-vitamin-c-200-gr
8680133001390,,Osende Intense Beauty 10000 mg 30 Saşe,Osende,Besin Takviyeleri > Kolajen > Toz Kolajen,22,2,t,osende-intense-beauty-collagen-30-tekli-sase-karpuz-cilek-aromali
8681379101646,,Panlife Portakal Yağı 10 ml,Panlife,Besin Takviyeleri > Takviye Edici Gıdalar > Bitkisel Ürünler,22,1,t,panlife-portakal-yagi-10-ml
8680067190184,,Vasinol Vajinal Duş 100 ml,Pharma Positive,Kişisel Bakım > Duş & Banyo Ürünleri,22,1,t,vasinol-vajinal-dus-100-ml
8699592806934,,Roll Korse xLarge - Siyah,Roll,Sağlık Ve Medikal > Ortopedi Ürünleri > Korse,22,1,t,roll-korse-xlarge-siyah
8699592822125,,Roll Lumbosakral Korse Ayarlanabilir Bedenli,Roll,Sağlık Ve Medikal > Ortopedi Ürünleri > Korse,22,1,t,roll-lumbosakral-korse-ayarlanabilir-bedenli
8699592822842,,Roll Parmak Ateli No: 2,Roll,Sağlık Ve Medikal > Ortopedi Ürünleri > Parmak Atelleri,22,1,t,roll-parmak-ateli-no-2
8699592822866,,Roll Parmak Ateli No: 4,Roll,Sağlık Ve Medikal > Ortopedi Ürünleri > Parmak Atelleri,22,1,t,roll-parmak-ateli-no-4
33984002357,,Solgar Beta 1.3 Glucans 60 Tablet,Solgar,Besin Takviyeleri > Takviye Edici Gıdalar > Bağışıklık Sistemi,22,2,t,solgar-beta-glukan-60-kapsul
8680133001093,,Iyodalin İyot ve Selenyum Damla 25 + 25 ml,Tab İlaç,Besin Takviyeleri > Mineral > Selenyum,22,2,t,tab-ilac-iyodalin-2x25ml
8680133002328,,Reprodo F 30 Saşe,Tab İlaç,Besin Takviyeleri > Mineral > Krom,22,1,t,reprodo-f-30-sase
8699680650050,,Wellcare Collagen Beauty Plus 10000 mg Karpuz  Nane Aromalı Likit Form 30 Tüp x 4 0ml + 30 Kapsül,Wellcare,Besin Takviyeleri > Kolajen > Kolajen Tip 1-3,22,2,t,wellcare-collagen-beauty-boost-plus-karpuz-nane-aromali-10000-mg-likit-form-40mlx30shot-30-kapsul
8699680700120,,Wellcare Expera Şurup 150 ml,Wellcare,Besin Takviyeleri > Takviye Edici Gıdalar > Bitkisel Ürünler,22,2,t,wellcare-expera-surup-150-ml
8681285114242,,B-Good Care El Kremi 50 ml,B-Good,Cilt Bakım > Akne Ve Sivilce Ürünleri > Akne Ve Yağlı Cilt Serumları,21,1,t,b-good-care-el-kremi-50-ml
8699080222550,,"Exxe Steril Gaz Kompres 7,5x7,5 cm 50li",Exxe,Sağlık Ve Medikal > Gaz Kompres,21,1,t,exxe-steril-gaz-kompres-75x75-cm-50li
8698758940000,,Luxor 412 Klavikula Bandajı Çocuk - Bedensiz,Luxor,Sağlık Ve Medikal,21,1,t,luxor-412-klavikula-bandaji-cocuk-bedensiz
8698758948327,,Luxor Silikon Topukluk - Medium - 606,Luxor,Sağlık Ve Medikal,21,1,t,luxor-silikon-topukluk-medium-606
8698758949102,,Luxor Örgü Silikon Ped Destekli Ayak Bilekliği - Small 105,Luxor,Sağlık Ve Medikal > Ortopedi Ürünleri > Ayak Bilekliği,21,1,t,luxor-orgu-silikon-ped-destekli-ayak-bilekligi-small-105
8698758943858,,Luxorvaris 851 CCL1 Dizaltı Burnu Açık Ten Rengi Varis Çorabı No: 3,Luxor,Sağlık Ve Medikal > Ortopedi Ürünleri > Varis Çorapları,21,1,t,luxorvaris-851-ccl1-dizalti-burnu-acik-ten-rengi-varis-corabi-no-3
8680133001864,,Magnimore Pro 60 Kapsül,Magnimore,Besin Takviyeleri > Mineral > Magnezyum,21,2,t,tab-ilac-magnimore-pro-60-kapsul
8699273570888,,Prefolic 75 mg 60 Tablet,Mnc İlaç,Besin Takviyeleri > Mineral,21,1,t,prefolic-75-mg-60-tablet
4005900546272,,Nivea Q10 Power Kırışık Karşıtı Gündüz Kremi SPF30 50 ml,Nivea,Cilt Bakım > Cilt ve İhtiyaç Tipi > Anti Age - Yaşlanma Karşıtı,21,1,t,nivea-q10-power-kirisik-karsiti-gunduz-kremi-spf30-50-ml
40060491,,Nivea Yüz Kremi Yaşlanma Karşıtı Yağlı His Bırakmaz 100 ml,Nivea,Cilt Bakım > Cilt ve İhtiyaç Tipi > Anti Age - Yaşlanma Karşıtı,21,1,t,nivea-yuz-kremi-yaslanma-karsiti-yagli-his-birakmaz-100-ml
8697595873489,,Ocean L-Glutamin 5000 mg 60 Saşe,Ocean,Besin Takviyeleri > Takviye Edici Gıdalar > Amino Asitler,21,1,t,ocean-l-glutamin-5000-mg-60-sase
8680133000577,,Osende Koenzim QH Ubikinol 100 mg 30 Tablet,Osende,Besin Takviyeleri > Takviye Edici Gıdalar > Koenzim Q10,21,1,t,osende-koenzim-qh-ubikinol-100-mg-30-tablet
8680133000942,,Osende Vitamin D3 400 IU Sprey 20 ml,Osende,Besin Takviyeleri > Vitamin > D Vitamini,21,2,t,osende-vitamin-d3-400iu-damla-sprey-20ml
8699245890174,,Otifleks Kulak Tıkacı çam Tipi - xLarge,Otifleks,Kişisel Bakım > Kulak & Burun Tıkacları,21,2,t,otifleks-cam-tipi-kulak-tikaci-xl
8680713008276,,Poblex Köpük Kulak Tıkacı,Poblex,Kişisel Bakım > Kulak & Burun Tıkacları,21,2,t,poblex-kopuk-kulak-tikaci-1-cift-2-adet-kutulu
8680713008696,,Poblex Uyku Maskesi Yeni Kulak Tıkacı Hediyeli Mavi,Poblex,Kişisel Bakım > Kulak & Burun Tıkacları,21,1,t,poblex-uyku-maskesi-yeni-kulak-tikaci-hediyeli-mavi
8699592822088,,Roll Ayarlanabilir Boyunluk,Roll,Sağlık Ve Medikal > Ortopedi Ürünleri > Boyunluk,21,1,t,roll-ayarlanabilir-boyunluk
8683655308084,,Senkavit Womens Multivitamin ve Multimineral Complex 180 Tablet,Senkavit,Besin Takviyeleri > Mineral > Demir,21,2,t,senkavit-womens-multivitamin-ve-multimineral-complex-180-tablet
33984009318,,Solgar Coenzyme Q-10 30 mg 30 Vegetable Kapsül,Solgar,Besin Takviyeleri > Takviye Edici Gıdalar > Koenzim Q10,21,2,t,solgar-coenzyme-q-10-30-mg-30-kapsul
3401060256340,,SVR Topialyse Palpebral Anti-Itcginh Soothing Cream 15ml,Svr,Cilt Bakım > Akne Ve Sivilce Ürünleri > Akne Ve Yağlı Cilt Serumları,21,1,t,svr-topialyse-palpebral-anti-itcginh-soothing-cream-15ml
8680133003561,,Tab Vitamins Immumore Likit 200 ml,Tab İlaç,Besin Takviyeleri > Mineral > Çinko,21,1,t,tab-vitamins-immumore-likit-200-ml
8690530069305,,"Uni Baby Sensitive Parfümsüz Islak Mendil, 90 Adet",Uni Baby,Anne Bebek > Bebek Bakım > Islak Mendil,21,1,t,uni-baby-sensitive-parfumsuz-islak-mendil-90-adet
8699680150246,,Wellcare Lipozomal C Vitamini 500 mg 30 Kapsül,Wellcare,Besin Takviyeleri > Takviye Edici Gıdalar > Multivitamin,21,2,t,wellcare-lipozomal-vitamin-c-500mg-30-kapsul
6975976510928,,Artımed Kinesiyoloji Bandı Ten 5*5 Metre Ten Rengi,Artımed,Sağlık Ve Medikal > Medikal & Sağlık Ürünleri > Kinesioloji Bantları,20,1,t,artimed-kinesiyoloji-bandi-ten-55-metre-ten-rengi
8680512632771,,Bioxcin Mens Hair 30 Tablet,Bioxcin,Saç Bakım > Saç Tipi & İhtiyaç > Keratin Bakım,20,2,t,bioxcin-mens-hair-30-tablet
8690742400392,,Canped Perine Bölgesi Temizleme Havlusu 50li,Canped,Sağlık Ve Medikal > Medikal & Sağlık Ürünleri > Hasta Bezi,20,1,t,canped-perine-bolgesi-temizleme-havlusu-50li
3522930003540,,Caudalie Premier Cru Le Serum 30 ml,Caudalie,Cilt Bakım > Cilt ve İhtiyaç Tipi > Anti Age - Yaşlanma Karşıtı,20,1,t,caudalie-premier-cru-le-serum-30-ml
8691685026939,,Eyüp Sabri Tuncer Yeni Nesil Oda Spreyi Nektarin 500 ml,Eyüp Sabri Tuncer,Ev & Yaşam,20,1,t,eyup-sabri-tuncer-yeni-nesil-oda-spreyi-nektarin-500-ml
3337875922043,,La Roche Posay Hyalu B5 Suractivated Cream 50 ml,La Roche Posay,Cilt Bakım > Cilt ve İhtiyaç Tipi > Anti Age - Yaşlanma Karşıtı,20,1,t,la-roche-posay-hyalu-b5-suractivated-cream-50-ml
8698758949188,,Luxor Örgü Silikon Ped Destek Dirseklik - Large - 106,Luxor,Sağlık Ve Medikal > Medikal & Sağlık Ürünleri,20,1,t,luxor-orgu-silikon-ped-destek-dirseklik-large-106
8684072989016,,Mochi Anne Sütü Saklama Poşeti 25li 200 ml,Mochi,Anne Bebek > Emzirme > Süt Saklama Poşeti,20,1,t,mochi-anne-sutu-saklama-poseti-25li-200-ml
4006000179186,,Nivea Luminos Skin Glow Peeling Etkili Tonik 100 ml,Nivea,Cilt Bakım > Cilt ve İhtiyaç Tipi > Anti Age - Yaşlanma Karşıtı,20,1,t,nivea-luminos-skin-glow-peeling-etkili-tonik-100-ml
8680512635680,,Nutraxin Multivitamin Mineral Powder 300 gr,Nutraxin,Besin Takviyeleri > Mineral > Krom,20,2,t,nutraxin-multivitamin-mineral-powder-300-gr
8699512012551,,OTACI KOLONYA LAVANTA 100 ML,Otacı,Ev & Yaşam > Ev & Yaşam Ürünleri > Kolonya,20,1,t,otaci-kolonya-lavanta-100-ml
8699512012582,,OTACI KOLONYA LAVANTA 50 ML,Otacı,Ev & Yaşam > Ev & Yaşam Ürünleri > Kolonya,20,1,t,otaci-kolonya-lavanta-50-ml
8699512012568,,OTACI KOLONYA LIMON 50 ML,Otacı,Ev & Yaşam > Ev & Yaşam Ürünleri > Kolonya,20,1,t,otaci-kolonya-limon-50-ml
8699512012544,,OTACI KOLONYA MANDALINA 100 ML,Otacı,Ev & Yaşam > Ev & Yaşam Ürünleri > Kolonya,20,1,t,otaci-kolonya-mandalina-100-ml
8699512012575,,OTACI KOLONYA MANDALINA 50 ML,Otacı,Ev & Yaşam > Ev & Yaşam Ürünleri > Kolonya,20,1,t,otaci-kolonya-mandalina-50-ml
8699512012193,,Otacı Botanics+ Dudak Bakım Kremi,Otacı,Cilt Bakım > Yüz Bakımı > Dudak Bakımı,20,1,t,otaci-botanics-dudak-bakim-kremi
8058090004271,,Pic Solution Vedoclear Esnek Uçlu Dijital Termometre,Pic Solution,Sağlık Ve Medikal > Medikal & Sağlık Ürünleri > Termometreler,20,2,t,pic-solution-vedoclear-esnek-uclu-dijital-termometre
8690742332013,,Prosafe Hasta Bezi Textil Medium 30lu,Prosafe,Sağlık Ve Medikal > Medikal & Sağlık Ürünleri > Hasta Bezi,20,1,t,prosafe-hasta-bezi-textil-medium-30lu
8699592821272,,Roll Ayarlanabilir Bedenli Epikondilit Bandı,Roll,Sağlık Ve Medikal > Medikal & Sağlık Ürünleri > Kas Ve Eklem Sağlığı,20,1,t,roll-ayarlanabilir-bedenli-epikondilit-bandi
8699592820817,,Roll Karın Korsesi Ayarlanabilir Bedenli,Roll,Sağlık Ve Medikal > Ortopedi Ürünleri > Korse,20,1,t,roll-karin-korsesi-ayarlanabilir-bedenli
8699592821258,,Roll Patella Destekli Ayarlanabilir Bedenli Cırtlı Dizlik,Roll,Sağlık Ve Medikal,20,1,t,roll-patella-destekli-ayarlanabilir-bedenli-cirtli-dizlik
8690530033832,,Selin PVC Kolonya Mandalina 400 ml,Selin,Ev & Yaşam > Ev & Yaşam Ürünleri > Kolonya,20,1,t,selin-pvc-kolonya-mandalina-400-ml
8680226510532,,Sun Selnty 30 F Milk 200 ml,Sun Selnty,Güneş Bakım > Bronzlaştırıcı > Bronzlaştırıcı Yağ,20,1,t,sun-selnty-30-f-milk-200-ml
3662361001927,,SVR Topialyse Balm Protect+ 400 ml,Svr,Cilt Bakım > Akne Ve Sivilce Ürünleri > Akne Ve Yağlı Cilt Serumları,20,1,t,svr-topialyse-balm-protect-400-ml
3662361001255,,Svr Cicavit + Besleyici Dudak Balmı 10 g,Svr,Cilt Bakım > Cilt ve İhtiyaç Tipi > Karma Cilt,20,1,t,svr-cicavit-besleyici-dudak-balmi-10-g
3401381331207,,Svr Physiopure Tonique 200ml,Svr,Cilt Bakım > Akne Ve Sivilce Ürünleri > Akne Ve Yağlı Cilt Serumları,20,1,t,svr-physiopure-tonique-200ml
3662361000364,,Svr Sebiaclear Serum 30 ml,Svr,Cilt Bakım > Cilt ve İhtiyaç Tipi > Karma Cilt,20,1,t,svr-sebiaclear-serum-30-ml
3401381381981,,Svr Topialyse Mains El Bakım Kremi 50 ml,Svr,Cilt Bakım > Akne Ve Sivilce Ürünleri > Akne Ve Yağlı Cilt Serumları,20,1,t,svr-topialyse-mains-el-bakim-kremi-50-ml
8680133001246,,Lifextra Selenyum 60 Tablet,Tab İlaç,Besin Takviyeleri > Mineral > Selenyum,20,2,t,lifextra-selenyum-60-tablet
8683229900553,,Venatura Çinko L-Karnosin 30 Kapsül,VeNatura,Besin Takviyeleri > Mineral > Çinko,20,2,t,venatura-cinko-l-karnosin-30-kapsul
8683229600729,,Viaxi Glide Kayganlaştırıcı Jel Çilek 100 ml,Viaxi,Kişisel Bakım > Cinsel Sağlık > Kayganlaştırıcı Jel,20,3,t,viaxi-glide-jel-cilek-aromali-100-ml
3337875940252,,Vichy Capital Soleil UV-Aqua Nemlendirici Renkli Güneş Fluidi SPF50 50 ml,Vichy,Cilt Bakım > Cilt ve İhtiyaç Tipi > Nemlendirme,20,1,t,vichy-capital-soleil-uv-aqua-nemlendirici-renkli-gunes-fluidi-spf50-50-ml
6975976510898,,Artımed Kinesiyoloji Bandı Kırmızı 5*5 Metre,Artımed,Sağlık Ve Medikal > Medikal & Sağlık Ürünleri > Kinesioloji Bantları,19,1,t,artimed-kinesiyoloji-bandi-kirmizi-55-metre
8699708091551,,Kondromin Plus 90 Tablet,Assos İlaç,Besin Takviyeleri > Mineral > Manganez,19,2,t,kondromin-plus-90-tablet-takviye-edici-gida
8690091825426,,Avicenna Vitamin D3 400 IU Damla Sprey 20 ml,Avicenna,Besin Takviyeleri > Vitamin > D Vitamini,19,2,t,avicenna-d3-vitamini-400iu-20ml
8681285101143,,"B-Good Kağıt Tıbbi Flaster 5m x 2,5cm",B-Good,Sağlık Ve Medikal > Medikal & Sağlık Ürünleri > Flaster,19,2,t,b-good-kagit-tibbi-flaster-5m-x-25cm
8685063350068,,Barbaris Collagen Silicium Three Peptides Complex 30 Tablet,Barbaris,Besin Takviyeleri > Kolajen > Kolajen Tip 1-3,19,2,t,barbaris-collagen-silicium-three-peptides-complex-30-tablet
3522930003007,,Caudalie Resveratrol Lift Fluide Cachemire Cream 40 ml,Caudalie,Cilt Bakım > Cilt ve İhtiyaç Tipi > Anti Age - Yaşlanma Karşıtı,19,1,t,caudalie-resveratrol-lift-fluide-cachemire-cream-40-ml
3522930004370,,Caudalie Vinosource Hydrating Cream Mask 75 ml,Caudalie,Cilt Bakım > Akne Ve Sivilce Ürünleri > Akne Ve Yağlı Cilt Serumları,19,1,t,caudalie-vinosource-hydrating-cream-mask-75-ml
8699080226725,,DS Plus Yarabandı Aloe Vera 20li,DS Plus,Sağlık Ve Medikal > Medikal & Sağlık Ürünleri > Yara Bandı,19,2,t,ds-plus-yarabandi-aloe-vera-20li
8699009540468,,Exxe Yün Dizlik No: 3,Exxe,Sağlık Ve Medikal > Ortopedi Ürünleri > Dizlik,19,1,t,exxe-yun-dizlik-no-3
8682511022416,,Kuteks Klasik Korse XS (1),Kuteks,Sağlık Ve Medikal > Ortopedi Ürünleri > Dizlik,19,1,t,kuteks-klasik-korse-xs-1
8682511022522,,Kuteks Kol Askısı Yetişkin,Kuteks,Sağlık Ve Medikal > Ortopedi Ürünleri > Kol Askısı,19,1,t,kuteks-kol-askisi-yetiskin
5060420233162,,Lansinoh Latch Assit Meme Ucu Çıkarıcı,Lansinoh,Anne Bebek > Göğüs Bakımı > Göğüs Ucu Koruyucu,19,1,t,lansinoh-latch-assit-meme-ucu-cikarici
8698758941014,,Luxor 609 Silikon Halkalı Metetarsal Ped Çift - Standart,Luxor,Sağlık Ve Medikal > Ortopedi Ürünleri > Parmak Ayırıcılar,19,1,t,luxor-609-silikon-halkali-metetarsal-ped-cift-standart
8698758940215,,Luxor Kol Askısı Fileli - Large - 406,Luxor,Sağlık Ve Medikal > Ortopedi Ürünleri > Kol Askısı,19,1,t,luxor-kol-askisi-fileli-large-406
8699512012537,,OTACI KOLONYA LIMON 100 ML,Otacı,Ev & Yaşam > Ev & Yaşam Ürünleri > Kolonya,19,1,t,otaci-kolonya-limon-100-ml
5000252003199,,Rayovac 13 Numara İşitme Cihazı Pili 6lı,Rayovac,Sağlık Ve Medikal > Medikal & Sağlık Ürünleri > İşitme Cihazı Pilleri,19,2,t,rayovac-13-numara-isitme-cihazi-pili-6li
8683655308169,,Senkavit Vitamin D3 ve K2 İçeren Yumuşak Kapsül 120 li,Senkavit,Besin Takviyeleri > Vitamin > D3 ve K2 Vitamin,19,1,t,senkavit-vitamin-d3-ve-k2-iceren-yumusak-kapsul-120-li
33984041240,,Solgar Green Tea 60 Kapsül,Solgar,Besin Takviyeleri > Takviye Edici Gıdalar,19,2,t,solgar-green-tea-leaf-extract-60-kapsul
33984023802,,Solgar Vitamin C with Rose Hips 500 mg 100 Tablet,Solgar,Besin Takviyeleri > Takviye Edici Gıdalar,19,2,t,solgar-vitamin-c-500-mg-with-rose-hips-100-tablet
3662361002559,,SVR Sun Secure Lait Crepitant Spf 50+ 200 ml,Svr,Güneş Bakım > Vücut Güneş Kremleri > Vücut Güneş Losyonu,19,1,t,svr-sun-secure-lait-crepitant-spf-50-200-ml
8680133001574,,Lectus Kids Çinko  Bakır 60 Saşe,Tab İlaç,Besin Takviyeleri > Mineral > Çinko,19,2,t,lectus-kids-cinko-bakir-60-sase
8680133000829,,Lectus PS 60 Kapsül,Tab İlaç,Besin Takviyeleri > Vitamin > Fosfatidilserin,19,2,t,lectus-ps-60-kapsul
8683229900416,,Venatura Evening Primrose Oil Primroz Yağı 60 Kapsül,VeNatura,Besin Takviyeleri > Takviye Edici Gıdalar > Bitkisel Ürünler,19,2,t,venatura-evening-primrose-oil-primroz-yagi-1000-mg-60-kapsul
8680807008229,,Voonka Collagen 600 mg 60 Kapsül,Voonka,Besin Takviyeleri > Kolajen,19,2,t,voonka-collagen-600-mg-takviye-edici-gida-62-kapsul
8683655089587,,Voonka Collagen Jasmine Orman Meyveli Aromalı 30 Saşe 50 ml,Voonka,Besin Takviyeleri > Kolajen > Kolajen Tip 1-3,19,2,t,voonka-collagen-jasmine-10000mg-orman-meyveli-30x50ml
8699708091650,,KC Norm 60 Tablet,Assos İlaç,Besin Takviyeleri > Takviye Edici Gıdalar > Folik Asit,18,1,t,kc-norm-60-tablet
8437011329066,,Babe Intim Hijyen Jel 250 ml,Babe,Cilt Bakım > Akne Ve Sivilce Ürünleri > Akne Ve Yağlı Cilt Serumları,18,2,t,babe-intimate-hygiene-gel-250-ml-genital-bolge-temizleyici-jel
8680512660675,,Bioxcin Biotin 5000 mcg 90 Tablet - 3 AL 2 ÖDE,Bioxcin,Besin Takviyeleri > Mineral > Çinko,18,1,t,bioxcin-biotin-5000-mcg-90-tablet-3-al-2-ode
8699080224998,,"DS Plus Bez Flaster 5 m x 1,25 cm",DS Plus,Sağlık Ve Medikal > Medikal & Sağlık Ürünleri > Flaster,18,1,t,ds-plus-bez-flaster-5-m-x-125-cm
8682276811102,,Hanymish 110 Şeffaf Kelebek Damaklı Emzik No: 2,Hanymish,Anne Bebek > Bebek Beslenme Ürünleri > Emzik,18,1,t,hanymish-110-seffaf-kelebek-damakli-emzik-no-2
8682511022515,,Kuteks Dik Duruş Korsesi,Kuteks,Sağlık Ve Medikal > Ortopedi Ürünleri > Korse,18,1,t,kuteks-dik-durus-korsesi
5060420230680,,Lansinoh Cam Biberon 160 ml,Lansinoh,Anne Bebek > Bebek Beslenme Ürünleri > Biberon,18,1,t,lansinoh-cam-biberon-160-ml
8698758940468,,Luxor 808 CCL2 Dizaltı Burnu Açık Varis Çorabı Ten Rengi No: 7,Luxor,Sağlık Ve Medikal > Ortopedi Ürünleri > Varis Çorapları,18,1,t,luxor-808-ccl2-dizalti-burnu-acik-varis-corabi-ten-rengi-no-7
4005900333544,,Nivea BB Clean Temizleme Suyu Normal Ciltler 400 ml,Nivea,Cilt Bakım > Cilt ve İhtiyaç Tipi > Normal Cilt,18,1,t,nivea-bb-clean-temizleme-suyu-normal-ciltler-400-ml
8698845330172,,Oniko Tırnak Güçlendirici Bakım Yağı 9 ml,Oniko,Sağlık Ve Medikal > Medikal & Sağlık Ürünleri > Tırnak Bakım,18,1,t,oniko-tirnak-guclendirici-bakim-yagi-9-ml
8681379101608,,Panlife Greyfurt Yağı 10 ml,Panlife,Besin Takviyeleri > Takviye Edici Gıdalar > Bitkisel Ürünler,18,1,t,panlife-greyfurt-yagi-10-ml
8680067190047,,Flamix Positive 30 Tablet,Pharma Positive,Besin Takviyeleri > Mineral > Selenyum,18,2,t,flamix-positive-30-tablet
8058090003373,,Pic Aquabloc Şeffaf Film Yara Örtüsü 10 x 25 cm,Pic Solution,Sağlık Ve Medikal > Medikal & Sağlık Ürünleri > Pansuman Örtüleri,18,1,t,pic-aquabloc-seffaf-film-yara-ortusu-10-x-25-cm
8684891230030,,Poblex Silikon Parmak Arası Makara - Small,Poblex,Sağlık Ve Medikal > Ortopedi Ürünleri > Parmak Atelleri,18,1,t,poblex-silikon-parmak-arasi-makara-small
8683655308145,,Senkavit S-adenozil Metiyonin Sam-e 60 Tablet,Senkavit,Besin Takviyeleri > Takviye Edici Gıdalar > Kemik Ve Eklem Sağlığı,18,1,t,senkavit-s-adenozil-metiyonin-sam-e-60-tablet
8690605670085,,Sesu Tüy Dökücü Krem Hassas Ciltler 40 ml,Sesu,Kişisel Bakım > Ağda & Epilasyon > Tüy Dökücü,18,1,t,sesu-tuy-dokucu-krem-hassas-ciltler-40-ml
33984004306,,Solgar Calcium Citrate with Vitamin D 3 60 Tablet,Solgar,Besin Takviyeleri > Mineral > Kalsiyum,18,2,t,solgar-calcium-citrate-with-vitamin-d3-60-tablet
8445291429116,,Solgar Ester-C 1000 mg 21 Saşe,Solgar,Besin Takviyeleri > Mineral > Fosfor,18,1,t,solgar-ester-c-1000-mg-21-sase
3662361001231,,SVR Sensifine Aqua-Gel 40 ml,Svr,Cilt Bakım > Akne Ve Sivilce Ürünleri > Akne Ve Yağlı Cilt Serumları,18,1,t,svr-sensifine-aqua-gel-40-ml
3662361002603,,SVR Sun Secure Extreme Spf 50+ Gel Ultra Mat 50 ml,Svr,Güneş Bakım > Vücut Güneş Kremleri > Vücut Güneş Losyonu,18,1,t,svr-sun-secure-extreme-spf-50-gel-ultra-mat-50-ml
3662361001897,,SVR Topialyse Gel Lavant 400ml,Svr,Cilt Bakım > Akne Ve Sivilce Ürünleri > Akne Ve Yağlı Cilt Serumları,18,1,t,svr-topialyse-gel-lavant-400ml
3662361004690,,Svr C Eye Biotic Işıltı Veren Göz Kremi 15 ml,Svr,Cilt Bakım > Akne Ve Sivilce Ürünleri > Akne Ve Yağlı Cilt Serumları,18,1,t,svr-c-eye-biotic-isilti-veren-goz-kremi-15-ml
8683229900560,,Venatura Metilfolat 400 mcg Ağızda Dağılan 30 Tablet,VeNatura,Besin Takviyeleri > Takviye Edici Gıdalar > Folik Asit,18,2,t,venatura-metilfolat-odt-takviye-edici-gida-30-tablet
8682368909021,,Velavit V-Firstect With Colostrum 30 Tablet,Velavit,Besin Takviyeleri > Mineral > Çinko,18,1,t,velavit-v-firstect-with-colostrum-30-tablet
3337875921947,,Vichy Liftactiv Collagen Specialist SPF50 Yedek Kapsül 50 ml,Vichy,Cilt Bakım > Cilt ve İhtiyaç Tipi > Anti Age - Yaşlanma Karşıtı,18,1,t,vichy-liftactiv-collagen-specialist-spf50-yedek-kapsul-50-ml
8699080225094,,DS Plus Elastik Bandaj 8x120 cm,DS Plus,Sağlık Ve Medikal > Ortopedi Ürünleri > Bandaj,17,1,t,ds-plus-elastik-bandaj-8x120-cm
8691685020265,,Eyüp Sabri Tuncer Çeşme Limon Kolonyalı Mendil 150li,Eyüp Sabri Tuncer,Ev & Yaşam,17,1,t,eyup-sabri-tuncer-cesme-limon-kolonyali-mendil-150li
8682511022539,,Kuteks Çocuk Kol Askısı,Kuteks,Sağlık Ve Medikal > Ortopedi Ürünleri > Kol Askısı,17,1,t,kuteks-cocuk-kol-askisi
8698758942721,,Luxor Hostes Corabı DizAlt18-23 Sıyah-3 843,Luxor,Sağlık Ve Medikal > Ortopedi Ürünleri > Varis Çorapları,17,1,t,luxor-hostes-corabi-dizalt18-23-siyah-3-843
8698758949751,,Luxor Örgü Patella Destek Dizlik - xxLarge 103,Luxor,Sağlık Ve Medikal > Ortopedi Ürünleri > Dizlik,17,1,t,luxor-orgu-patella-destek-dizlik-xxlarge-103
8698758949614,,Luxvaris 813 CCL2 Külotlu Burnu Kapalı Ten Rengi Varis Çorabı No: 5,Luxor,Sağlık Ve Medikal > Ortopedi Ürünleri > Varis Çorapları,17,1,t,luxvaris-813-ccl2-kulotlu-burnu-kapali-ten-rengi-varis-corabi-no-5
8698758940635,,Luxvaris 813 CCL2 Külotlu Burnu Kapalı Ten Rengi Varis Çorabı No: 6,Luxor,Sağlık Ve Medikal > Ortopedi Ürünleri > Varis Çorapları,17,1,t,luxvaris-813-ccl2-kulotlu-burnu-kapali-ten-rengi-varis-corabi-no-6
8698758943919,,Luxvaris 852 CCL1 Dizaltı Burnu Kapalı Ten Rengi Varis Çorabı No: 2,Luxor,Sağlık Ve Medikal > Ortopedi Ürünleri > Varis Çorapları,17,1,t,luxvaris-852-ccl1-dizalti-burnu-kapali-ten-rengi-varis-corabi-no-2
8698758943933,,Luxvaris 852 CCL1 Dizaltı Burnu Kapalı Ten Rengi Varis Çorabı No: 4,Luxor,Sağlık Ve Medikal > Ortopedi Ürünleri > Varis Çorapları,17,1,t,luxvaris-852-ccl1-dizalti-burnu-kapali-ten-rengi-varis-corabi-no-4
8698758944145,,Luxvaris 855 CCL1 Külotlu Burnu Açık Ten Rengi Varis Çorabı No: 4,Luxor,Sağlık Ve Medikal > Ortopedi Ürünleri > Varis Çorapları,17,1,t,luxvaris-855-ccl1-kulotlu-burnu-acik-ten-rengi-varis-corabi-no-4
42417712,,Nivea El Kremi Yoğun Nemlendirici Badem  Shea Yağı 75 ml,Nivea,Cilt Bakım > Cilt ve İhtiyaç Tipi > Kuru Cilt,17,1,t,nivea-el-kremi-yogun-nemlendirici-badem-shea-yagi-75-ml
8697595871324,,Cosakondrin OP 30 Tablet,Orzax,Besin Takviyeleri > Mineral > Kalsiyum,17,3,t,ocean-cosakondrin-op-k2-vit-ca-complex-30-tablet
8699512012230,,Otacı Botanics+ Doğal Argan Sabun 80 gr,Otacı,Kişisel Bakım > Duş & Banyo Ürünleri > Sabun,17,1,t,otaci-botanics-dogal-argan-sabun-80-gr
8680067190146,,Previt Positive Lact 50 ml,Pharma Positive,Besin Takviyeleri > Mineral > Çinko,17,1,t,previt-positive-lact-50-ml
8004395001897,,Proraso Sandal Ağacı Özlü Tıraş Köpüğü 300 ml,Proraso,Kişisel Bakım > Erkek Bakım > Erkek Cilt Bakımı,17,1,t,proraso-sandal-agaci-ozlu-tiras-kopugu-300-ml
8699293593881,,Sidefer Drops Damla 30 ml,Sidefer,Besin Takviyeleri > Mineral > Demir,17,2,t,sidefer-drops-damla-30-ml
3662361001293,,SVR Güneş Koruyucu Spf50+ Su 200 ml,Svr,Güneş Bakım > Vücut Güneş Kremleri > Vücut Güneş Losyonu,17,1,t,svr-gunes-koruyucu-spf50-su-200-ml
3662361003594,,SVR Sebiaclear Anti-mark Soothing Repairing Moisturizer 40 ml,Svr,Cilt Bakım > Cilt ve İhtiyaç Tipi > Lekeli Cilt,17,1,t,svr-sebiaclear-anti-mark-soothing-repairing-moisturizer-40-ml
3662361002108,,SVR Topialyse Huile Lavante Cleansing Oil 400 ml,Svr,Cilt Bakım > Cilt ve İhtiyaç Tipi > Karma Cilt,17,1,t,svr-topialyse-huile-lavante-cleansing-oil-400-ml
8680133001086,,Oculioon Omega 3 Lutein Zeaksantin Vitamin ve Mineral Kompleks Kapsül 60lı,Tab İlaç,Besin Takviyeleri > Mineral > Bakır,17,2,t,tab-ilac-oculioon-60-kapsul
8683229900973,,Venatura Vitamin D3 Damla 20 ml,VeNatura,Besin Takviyeleri > Takviye Edici Gıdalar,17,2,t,venatura-vitamin-d3-takviye-edici-gida-20-ml-damla
8690797103644,,Wee Baby Yuvarlak Uçlu Emzik Cool No 2,Wee Baby,Anne Bebek > Bebek Beslenme Ürünleri > Emzik,17,1,t,wee-baby-yuvarlak-uclu-emzik-cool-no-2
8699680150260,,Wellcare Coenzyme Q-10 100 mg 30 Kapsül,Wellcare,Besin Takviyeleri > Takviye Edici Gıdalar > Koenzim Q10,17,2,t,wellcare-coenzyme-q10-30-kapsul
8683249000974,,Betapad 9 cm x 25 cm Steril Hazır Pansuman Örtüsü,Betasan,Sağlık Ve Medikal > Medikal & Sağlık Ürünleri > Pansuman Örtüleri,16,1,t,betapad-9-cm-x-25-cm-steril-hazir-pansuman-ortusu
3522931003969,,Caudalie Organik Üzüm Suyu 300 ml,Caudalie,Cilt Bakım > Akne Ve Sivilce Ürünleri > Akne Ve Yağlı Cilt Serumları,16,1,t,caudalie-organik-uzum-suyu-300-ml
3522931003587,,Caudalie Premier Cru La Creme Rich Recharge 50 ml,Caudalie,Cilt Bakım > Cilt ve İhtiyaç Tipi > Anti Age - Yaşlanma Karşıtı,16,1,t,caudalie-premier-cru-la-creme-rich-recharge-50-ml
3522930005322,,Caudalie Thé des Vignes Fresh Fragrance 100 ml,Caudalie,Kişisel Bakım > Parfüm & Deodorant & Kozmetik > Erkek Deodorant > Erkek Parfüm,16,1,t,caudalie-the-des-vignes-fresh-fragrance-100-ml
3522930004394,,Caudalie Vinohydra Gelee Hydratante 60 ml,Caudalie,Cilt Bakım > Cilt ve İhtiyaç Tipi > Karma Cilt,16,1,t,caudalie-vinohydra-gelee-hydratante-60-ml
3522930005070,,Caudalie Vinopure Nettoyante Purifiante Gel 75 ml,Caudalie,Cilt Bakım > Cilt ve İhtiyaç Tipi > Karma Cilt,16,1,t,caudalie-vinopure-nettoyante-purifiante-gel-75-ml
8699080210533,,"Exxe Steril Gaz Kompres 7,5cm x 7,5cm 25li",Exxe,Sağlık Ve Medikal > Gaz Kompres,16,1,t,exxe-steril-gaz-kompres-75cm-x-75cm-25li
8693283610206,,Fortune Fix Tıbbi Flaster 10m x 15cm,Fortune,Sağlık Ve Medikal > Medikal & Sağlık Ürünleri > Flaster,16,1,t,fortune-fix-tibbi-flaster-10m-x-15cm
8685035174005,,Kiperin Elixea Longevity 60 Kapsül,Kiperin,Besin Takviyeleri > Takviye Edici Gıdalar > Bitkisel Ürünler,16,2,t,kiperin-elixea-longevity-60-kapsul
8698758940451,,Luxor 808 CCL2 Dizaltı Burnu Açık Varis Çorabı Ten Rengi No: 6,Luxor,Sağlık Ve Medikal > Ortopedi Ürünleri > Varis Çorapları,16,1,t,luxor-808-ccl2-dizalti-burnu-acik-varis-corabi-ten-rengi-no-6
8698758944077,,Luxor Hostes Varis Çorabı Burnu Kapalı No: 4 Kod: 854,Luxor,Sağlık Ve Medikal > Ortopedi Ürünleri > Varis Çorapları,16,1,t,luxor-hostes-varis-corabi-burnu-kapali-no-4-kod-854
8698758943889,,Luxvaris 851 CCL1 Dizaltı Burnu Açık Ten Rengi Varis Çorabı No: 6,Luxor,Sağlık Ve Medikal > Ortopedi Ürünleri > Varis Çorapları,16,1,t,luxvaris-851-ccl1-dizalti-burnu-acik-ten-rengi-varis-corabi-no-6
8698758943957,,Luxvaris 852 CCL1 Dizaltı Burnu Kapalı Ten Rengi Varis Çorabı No: 6,Luxor,Sağlık Ve Medikal > Ortopedi Ürünleri > Varis Çorapları,16,1,t,luxvaris-852-ccl1-dizalti-burnu-kapali-ten-rengi-varis-corabi-no-6
4005900289025,,Nivea Temizleme Köpüğü Normal  Karma Ciltler için 150 ml,Nivea,Cilt Bakım > Cilt ve İhtiyaç Tipi > Karma Cilt,16,1,t,nivea-temizleme-kopugu-normal-karma-ciltler-icin-150-ml
8680512627104,,Nutraxin Cranberry 60 Tablet,Nutraxin,Besin Takviyeleri > Takviye Edici Gıdalar > Bitkisel Ürünler,16,2,t,nutraxin-cranberry-500-mg-60-tablet
8684441140291,,Nuvite L-Arginin BCCA 200 gr,Nuvite,Besin Takviyeleri > Takviye Edici Gıdalar > L-Arjinin,16,1,t,nuvite-l-arginin-bcca-200-gr
8684891230054,,Poblex Silikon Parmak Arası Makara - Large,Poblex,Sağlık Ve Medikal > Ortopedi Ürünleri > Parmak Atelleri,16,1,t,poblex-silikon-parmak-arasi-makara-large
8699592822101,,Roll Ayarlanabilir Ayak Bilekliği,Roll,Sağlık Ve Medikal > Ortopedi Ürünleri > Ayak Bilekliği,16,1,t,roll-ayarlanabilir-ayak-bilekligi
8690530047884,,Selin Sprey Kolonya Lavanta 100 ml,Selin,Ev & Yaşam > Ev & Yaşam Ürünleri > Kolonya,16,1,t,selin-sprey-kolonya-lavanta-100-ml
8683655308220,,Senkavit Mens Multivitamin ve Mineral Complex +50 Yaş 120 Tablet,Senkavit,Besin Takviyeleri > Mineral > Bakır,16,1,t,senkavit-mens-multivitamin-ve-mineral-complex-50-yas-120-tablet
850071952131,,Shiniq Bebek ve Çocuklar için Güneş Koruyucu Vücut Spreyi SPF 50+ 200 ML,Shiniq,Güneş Bakım > Çocuk Güneş Kremleri,16,1,t,shiniq-bebek-ve-cocuklar-icin-gunes-koruyucu-vucut-spreyi-spf-50-200-ml
33984008779,,Solgar Cinnamon 100 Kapsül,Solgar,Besin Takviyeleri > Takviye Edici Gıdalar,16,2,t,solgar-cinnamon-100-kapsul
33984009479,,Solgar Coenzyme Q-10 100 mg 30 Softgel,Solgar,Besin Takviyeleri > Takviye Edici Gıdalar > Koenzim Q10,16,2,t,solgar-coenzyme-q-10-100-mg-30-kapsul
33984023277,,Solgar Reishi Shiitake Maitake Mushroom Extract 50 Kapsül,Solgar,Besin Takviyeleri > Takviye Edici Gıdalar > Bağışıklık Sistemi,16,2,t,solgar-reishi-shiitake-maitake-mushroom-extract-50-bitkisel-kapsul
8680133001819,,Lifeextra Saw Palmetto Complex 60 Yumuşak Kapsül,Tab İlaç,Besin Takviyeleri > Takviye Edici Gıdalar > Bitkisel Ürünler,16,1,t,lifeextra-saw-palmetto-complex-60-yumusak-kapsul
8680133001550,,Lifextra Bromelain 60 Kapsül,Tab İlaç,Besin Takviyeleri > Takviye Edici Gıdalar > Bromelain,16,1,t,lifextra-bromelain-60-kapsul
8680133003660,,Tabvitamins Safran 200 ml,Tab İlaç,Besin Takviyeleri > Takviye Edici Gıdalar > Bitkisel Ürünler,16,1,t,tabvitamins-safran-200-ml
8680133003400,,Tabvitamins Vitality Energy 60 Tablet,Tab İlaç,Besin Takviyeleri > Mineral > Bakır,16,1,t,tabvitamins-vitality-energy-60-tablet
8682368909687,,Velavit V-GlutenEase 60 Kapsül,Velavit,Besin Takviyeleri > Takviye Edici Gıdalar > Sindirim Sistemi,16,1,t,velavit-v-glutenease-60-kapsul
8690712026416,,Zade Vital Probiyotik Reforma Takviye Edici Gıda 30 Bitkisel Kapsül,Zade Vital,Besin Takviyeleri > Probiyotik & Prebiyotik,16,2,t,zade-vital-probiotics-reforma-30-kapsul
8699708350146,,Molien Krem 75 ml,Assos İlaç,Cilt Bakım > Cilt ve İhtiyaç Tipi > Kuru Cilt,15,1,t,molien-krem-75-ml
3522930005292,,Caudalie Eau des Vignes Fresh Fragrance 50 ml,Caudalie,Kişisel Bakım > Parfüm & Deodorant & Kozmetik > Erkek Deodorant > Erkek Parfüm,15,1,t,caudalie-eau-des-vignes-fresh-fragrance-50-ml
8681166207919,,China Oel Çin Yağı 25 ml,China Oel,Besin Takviyeleri > Yağlar,15,1,t,china-oel-cin-yagi-25-ml
8699080226954,,DS Plus Yuvarlak Yara Bandı 20 Adet,DS Plus,Sağlık Ve Medikal > Medikal & Sağlık Ürünleri > Yara Bandı,15,1,t,ds-plus-yuvarlak-yara-bandi-20-adet
8693203020276,,Fe Törpü 2 Fonksiyonlu Renkli Kağıt,Fe,Kişisel Bakım > El & Ayak Bakımı > El & Ayak Törpüsü,15,1,t,fe-torpu-2-fonksiyonlu-renkli-kagit
8682276815018,,Hanymish 501 Silikon Bebek Kaşığı,Hanymish,Anne Bebek > Bebek Bakım,15,1,t,hanymish-501-silikon-bebek-kasigi
8699592822910,,Kurmed Termojel Sıcak Soğuk Kompres Kılıflı 13x13 cm,Kurmed,Sağlık Ve Medikal > Medikal & Sağlık Ürünleri > Sıcak Soğuk Kompres,15,1,t,kurmed-termojel-sicak-soguk-kompres-kilifli-13x13-cm
8684382998715,,Kuteks Fix Elastik Flaster 5 m x 10 cm,Kuteks,Sağlık Ve Medikal > Medikal & Sağlık Ürünleri > Flaster,15,1,t,kuteks-fix-elastik-flaster-5-m-x-10-cm
3337875609593,,La Roche Posay Effaclar A.I. 15 ml - Sivilce Karşıtı Krem,La Roche Posay,Cilt Bakım > Cilt ve İhtiyaç Tipi > Yağlı Cilt,15,1,t,la-roche-posay-effaclar-ai-15-ml-sivilce-karsiti-krem
8698758947191,,Luxor 207 Ön Çapraz Bağ Destekli Dizlik Bedensiz,Luxor,Sağlık Ve Medikal,15,1,t,luxor-207-on-capraz-bag-destekli-dizlik-bedensiz
8698758945883,,Luxor 226 Deve Tüyü Rengi Yün Dizlik - Small,Luxor,Sağlık Ve Medikal > Ortopedi Ürünleri > Dizlik,15,1,t,luxor-226-deve-tuyu-rengi-yun-dizlik-small
8698758949607,,Luxor Çorabı Orta Basınçlı Külotlu Kapalı Burun Ten No:4 (813),Luxor,Sağlık Ve Medikal > Ortopedi Ürünleri > Varis Çorapları,15,1,t,luxor-corabi-orta-basincli-kulotlu-kapali-burun-ten-no4-813
8698758940253,,Luxor Örgü El-Bilek Ateli Sağ (508/S ),Luxor,Sağlık Ve Medikal > Ortopedi Ürünleri > Bileklik,15,1,t,luxor-orgu-el-bilek-ateli-sag-508s
8698758940260,,Luxor Örgü El-Bilek Ateli Sağ (M) 508,Luxor,Sağlık Ve Medikal > Ortopedi Ürünleri > Parmak Atelleri,15,1,t,luxor-orgu-el-bilek-ateli-sag-m-508
8698758940291,,Luxor Örgü El-Bilek Ateli Sağ (XXL) 508,Luxor,Sağlık Ve Medikal > Ortopedi Ürünleri > Bileklik,15,1,t,luxor-orgu-el-bilek-ateli-sag-xxl-508
8698758940390,,Luxor Örgü El-Bilek Ateli Sol (L) 508,Luxor,Sağlık Ve Medikal > Ortopedi Ürünleri > Bileklik,15,1,t,luxor-orgu-el-bilek-ateli-sol-l-508
8698758940376,,Luxor Örgü El-Bilek Ateli Sol (S) 50,Luxor,Sağlık Ve Medikal > Ortopedi Ürünleri > Bileklik,15,1,t,luxor-orgu-el-bilek-ateli-sol-s-50
8698758940413,,Luxor Örgü El-Bilek Ateli Sol (XXL) 508,Luxor,Sağlık Ve Medikal > Ortopedi Ürünleri > Bileklik,15,1,t,luxor-orgu-el-bilek-ateli-sol-xxl-508
8698758949515,,Luxvaris 811 CCL2 Dizüstü Burnu Kapalı Ten Rengi Varis Çorabı No: 5,Luxor,Sağlık Ve Medikal > Ortopedi Ürünleri > Varis Çorapları,15,1,t,luxvaris-811-ccl2-dizustu-burnu-kapali-ten-rengi-varis-corabi-no-5
8698758940550,,Luxvaris 811 CCL2 Dizüstü Burnu Kapalı Ten Rengi Varis Çorabı No: 6,Luxor,Sağlık Ve Medikal > Ortopedi Ürünleri > Varis Çorapları,15,1,t,luxvaris-811-ccl2-dizustu-burnu-kapali-ten-rengi-varis-corabi-no-6
8698758940642,,Luxvaris 813 CCL2 Külotlu Burnu Kapalı Ten Rengi Varis Çorabı No: 7,Luxor,Sağlık Ve Medikal > Ortopedi Ürünleri > Varis Çorapları,15,1,t,luxvaris-813-ccl2-kulotlu-burnu-kapali-ten-rengi-varis-corabi-no-7
8698758949348,,Luxvaris 814 CCL2 Külotlu Burnu Açık Ten Rengi Varis Çorabı No: 3,Luxor,Sağlık Ve Medikal > Ortopedi Ürünleri > Varis Çorapları,15,1,t,luxvaris-814-ccl2-kulotlu-burnu-acik-ten-rengi-varis-corabi-no-3
8698758942714,,Luxvaris 843 Hostes Çorabı Dizaltı Burnu Kapalı Siyah No 2,Luxor,Sağlık Ve Medikal > Ortopedi Ürünleri > Varis Çorapları,15,1,t,luxvaris-843-hostes-corabi-dizalti-burnu-kapali-siyah-no-2
8698758942820,,Luxvaris 845 Hostes Çorabı Külotlu Burnu Kapalı Siyah No: 3,Luxor,Sağlık Ve Medikal > Ortopedi Ürünleri > Varis Çorapları,15,1,t,luxvaris-845-hostes-corabi-kulotlu-burnu-kapali-siyah-no-3
8698758943926,,Luxvaris 852 CCL1 Dizaltı Burnu Kapalı Ten Rengi Varis Çorabı No: 3,Luxor,Sağlık Ve Medikal > Ortopedi Ürünleri > Varis Çorapları,15,1,t,luxvaris-852-ccl1-dizalti-burnu-kapali-ten-rengi-varis-corabi-no-3
8698758944022,,Luxvaris 853 CCL1 Dizüstü Burnu Açık Ten Rengi Varis Çorabı No: 6,Luxor,Sağlık Ve Medikal > Ortopedi Ürünleri > Varis Çorapları,15,1,t,luxvaris-853-ccl1-dizustu-burnu-acik-ten-rengi-varis-corabi-no-6
8681856396442,,Wagiborex 100 ml,Mnc İlaç,Kişisel Bakım > Kadın Hijyeni > Genital Bölge Temizliği,15,1,t,wagiborex-100-ml
8684441140321,,Nuvite Magnezyum D3 B12 200 gr,Nuvite,Besin Takviyeleri > Mineral > Magnezyum,15,1,t,nuvite-magnezyum-d3-b12-200-gr
8699512010229,,Otacı Naturway Sarımsaklı Şampuan 500 ml,Otacı,Saç Bakım > Saç Tipi & İhtiyaç > Elektriklenen Saç,15,1,t,otaci-naturway-sarimsakli-sampuan-500-ml
8699245890068,,Otifleks Kulak Tıkacı Uyku  Seyahat - xLarge,Otifleks,Kişisel Bakım > Kulak & Burun Tıkacları,15,1,t,otifleks-kulak-tikaci-uyku-seyahat-xlarge
8680067190122,,Previt Positive-Omega 30+30  Kapsül,Pharma Positive,Besin Takviyeleri > Mineral > Kalsiyum,15,1,t,previt-positive-omega-3030-kapsul
8004395002085,,Proraso Aloe Vera E Vitamini Tıraş Köpüğü 300 ml,Proraso,Kişisel Bakım > Erkek Bakım > Erkek Cilt Bakımı,15,1,t,proraso-aloe-vera-e-vitamini-tiras-kopugu-300-ml
8699592822736,,Roll Bant Yara Bandı Canavar Kamyon 12li,Roll,Sağlık Ve Medikal > Medikal & Sağlık Ürünleri > Yara Bandı,15,2,t,roll-bant-yara-bandi-canavar-kamyon-12li
8699592804558,,Roll Optik Erkek 50li,Roll,Sağlık Ve Medikal > Medikal & Sağlık Ürünleri > Göz Pedi,15,1,t,roll-optik-erkek-50li
8699592806989,,Roll Yün Dizlik xLarge,Roll,Sağlık Ve Medikal > Ortopedi Ürünleri > Dizlik,15,1,t,roll-yun-dizlik-xlarge
33984015401,,Solgar Lecithin 1360 mg 100 Kapsül,Solgar,Besin Takviyeleri > Takviye Edici Gıdalar > Bitkisel Ürünler,15,2,t,solgar-lecithin-1360-mg-100-yumusak-jelatin-kapsul
8680133002700,,Lectus Sharp 150 ml,Tab İlaç,Besin Takviyeleri > Mineral > Demir,15,1,t,lectus-sharp-150-ml
8680133001710,,Lifextra Bromelain 750 mg 30 Kapsül,Tab İlaç,Besin Takviyeleri > Takviye Edici Gıdalar > Bromelain,15,1,t,lifextra-bromelain-750-mg-30-kapsul
8680133001772,,Quercin Kuersetin Fosfolipitler Bromelain Vitamin ve Mineral 30 Kapsül,Tab İlaç,Besin Takviyeleri > Mineral > Çinko,15,1,t,quercin-kuersetin-fosfolipitler-bromelain-vitamin-ve-mineral-30-kapsul
8683229900089,,Venatura Kids Magnezyum 100 ml,VeNatura,Besin Takviyeleri > Mineral > Magnezyum,15,2,t,venatura-kids-magnezyum-100-ml
8683229900287,,Venatura L-Carnitine ve Taurin 25 ml x 20 Şişe,VeNatura,Besin Takviyeleri > Takviye Edici Gıdalar > L- Karnitine,15,2,t,venatura-l-karnitin-ve-taurin-takviye-edici-gida-25-ml-x-20-adet-sise
8690797108038p,,Wee Baby 803 Bebek Fırça Seti - Pembe,Wee Baby,Anne Bebek > Bebek Bakım > Bebek Hijyen Ürünleri,15,1,t,wee-baby-803-bebek-firca-seti-pembe
8690712028427,,Zade Vital Citicoline Focus 60 Kapsül,Zade Vital,Besin Takviyeleri > Vitamin > Vitamin B12,15,1,t,zade-vital-citicoline-focus-60-kapsul
8680434325331,,Artımed Ecza Dolabı Plastik,Artımed,Sağlık Ve Medikal > Medikal & Sağlık Ürünleri > İlaç Kutuları & Hap Takip Ürünleri,14,1,t,artimed-ecza-dolabi-plastik
8690797102456,,Bebsi Silikon Biberon Emzik No:1 (245),Bebsi,Anne Bebek > Bebek Beslenme Ürünleri > Emzik,14,1,t,bebsi-silikon-biberon-emzik-no1-245
8690797102470,,Bebsi Silikon Biberon Emzik No:3 (247),Bebsi,Anne Bebek > Bebek Beslenme Ürünleri > Emzik,14,1,t,bebsi-silikon-biberon-emzik-no3-247
3522930004363,,Caudalie Vinohydra Serum Hyaluronique 30 ml,Caudalie,Cilt Bakım > Akne Ve Sivilce Ürünleri > Akne Ve Yağlı Cilt Serumları,14,1,t,caudalie-vinohydra-serum-hyaluronique-30-ml
8690605065492,,Dalin Köpük Sabun Orman Meyvesi 200 ml,Dalin,Anne Bebek > Bebek Bakım > Bebek şampuanı,14,1,t,dalin-kopuk-sabun-orman-meyvesi-200-ml
8682022100009,,Luxor 180 Dorsolumbar Korse - One Size,Luxor,Sağlık Ve Medikal,14,1,t,luxor-180-dorsolumbar-korse-one-size
8698758947382,,Luxor 221 Yün Dizlik - Large,Luxor,Sağlık Ve Medikal > Ortopedi Ürünleri > Dizlik,14,1,t,luxor-221-yun-dizlik-large
8698758948273,,Luxor 603 Silikon Tabanlık - Medium,Luxor,Sağlık Ve Medikal > Ortopedi Ürünleri > Tabanlık,14,1,t,luxor-603-silikon-tabanlik-medium
8698758943940,,Luxor 852 CCL1 Diz Altı Burnu Kapalı Varis Çorabı Ten Rengi 18-21 mmhg No: 5,Luxor,Sağlık Ve Medikal > Ortopedi Ürünleri > Varis Çorapları,14,1,t,luxor-852-ccl1-diz-alti-burnu-kapali-varis-corabi-ten-rengi-18-21-mmhg-no-5
8698758944725,,Luxor Mallet Finger Parmak Ateli No: 2 - 523,Luxor,Sağlık Ve Medikal > Ortopedi Ürünleri > Parmak Atelleri,14,1,t,luxor-mallet-finger-parmak-ateli-no-2-523
8698758940406,,Luxor Örgü El-Bilek Ateli Sol (XL) 508,Luxor,Sağlık Ve Medikal > Ortopedi Ürünleri > Bileklik,14,1,t,luxor-orgu-el-bilek-ateli-sol-xl-508
8698758940444,,Luxvaris 807 CCL2 Dizaltı Burnu Kapalı Ten Rengi Varis Çorabı No: 7,Luxor,Sağlık Ve Medikal > Ortopedi Ürünleri > Varis Çorapları,14,1,t,luxvaris-807-ccl2-dizalti-burnu-kapali-ten-rengi-varis-corabi-no-7
8698758949492,,Luxvaris 811 CCL2 Dizüstü Burnu Kapalı Ten Rengi Varis Çorabı No: 3,Luxor,Sağlık Ve Medikal > Ortopedi Ürünleri > Varis Çorapları,14,1,t,luxvaris-811-ccl2-dizustu-burnu-kapali-ten-rengi-varis-corabi-no-3
8698758940611,,Luxvaris 814 CCL2 Külotlu Burnu Açık Ten Rengi Varis Çorabı No: 6,Luxor,Sağlık Ve Medikal > Ortopedi Ürünleri > Varis Çorapları,14,1,t,luxvaris-814-ccl2-kulotlu-burnu-acik-ten-rengi-varis-corabi-no-6
8698758943872,,Luxvaris 851 CCL1 Dizaltı Burnu Açık Ten Rengi Varis Çorabı No: 5,Luxor,Sağlık Ve Medikal > Ortopedi Ürünleri > Varis Çorapları,14,1,t,luxvaris-851-ccl1-dizalti-burnu-acik-ten-rengi-varis-corabi-no-5
8698758944039,,Luxvaris 853 CCL1 Dizüstü Burnu Açık Ten Rengi Varis Çorabı No: 7,Luxor,Sağlık Ve Medikal > Ortopedi Ürünleri > Varis Çorapları,14,1,t,luxvaris-853-ccl1-dizustu-burnu-acik-ten-rengi-varis-corabi-no-7
8699789004211,,Mega Joint Tip II Kolajen 60 Tablet,Mega Farma,Besin Takviyeleri > Kolajen > Kolajen Tip 2,14,2,t,mega-joint-tip-ii-kolajen-60-tablet
8680645531057,,NBT Life Betula 30 Kapsül,Nbt Life,Besin Takviyeleri,14,2,t,nbt-life-betula-30-kapsul
8697595873748,,Ocean Smart Gummies Sambucus 60lı,Ocean,Besin Takviyeleri > Mineral > Çinko,14,2,t,ocean-gummies-sambucus-kids-60-yumusak-jel-kapsul
8850956393976,,Okey Zero Extreme Prezervatif 10lu,Okey,Kişisel Bakım > Cinsel Sağlık > Prezervatif,14,2,t,okey-zero-extreme-prezervatif-10-adet
8699512012247,,Otacı Botanics+ Doğal Sığla Sabun 80 gr,Otacı,Kişisel Bakım > Duş & Banyo Ürünleri > Sabun,14,1,t,otaci-botanics-dogal-sigla-sabun-80-gr
8680713008436,,Poblex Silikon Kulak Tıkacı 2li,Poblex,Kişisel Bakım > Kulak & Burun Tıkacları,14,2,t,poblex-silikon-kulak-tikaci-kulak-koruyucu-tipasi-saf-silikon-2li
8684891230092,,Poblex Silikon Masaj Rulosu,Poblex,Sağlık Ve Medikal > Medikal & Sağlık Ürünleri,14,1,t,poblex-silikon-masaj-rulosu
8699592800338,,Roll Termojel Göz İçin Sıcak Soğuk Kompres Jel 8 x 21 cm,Roll,Sağlık Ve Medikal > Medikal & Sağlık Ürünleri > Sıcak Soğuk Kompres,14,2,t,roll-termojel-goz-icin-sicak-soguk-kompres-jel-8-x-21-cm
8683655308190,,Senkavit Kids Magnezyum B6 Çiğneme 60 Tablet,Senkavit,Besin Takviyeleri > Mineral > Magnezyum,14,1,t,senkavit-kids-magnezyum-b6-cigneme-60-tablet
850071952124,,Shiniq Güneş Koruyucu Vücut Spreyi SPF 50+ 200ML,Shiniq,Güneş Bakım > Vücut Güneş Kremleri > Vücut Güneş Losyonu,14,1,t,shiniq-gunes-koruyucu-vucut-spreyi-spf-50-200ml
850069595760,,Shiniq UV Güneş / Kuru Cilt SPF50 40 ml,Shiniq,Güneş Bakım > Yüz Güneş Kremi > Kuru Ciltler İçin Güneş Kremi,14,1,t,shiniq-uv-gunes-kuru-cilt-spf50-40-ml
33984020511,,Solgar Omega 3 700 mg 60 Softgel,Solgar,Besin Takviyeleri > Takviye Edici Gıdalar > Omega 3 & Balık Yağı,14,2,t,solgar-omega-3-700-mg-60-yumusak-jelatinli-kapsul
8680226510549,,Sun Selnty 25 F Milk 200 ml,Sun Selnty,Güneş Bakım > Bronzlaştırıcı > Bronzlaştırıcı Yağ,14,1,t,sun-selnty-25-f-milk-200-ml
8680133001727,,Lectus Kids Mikroenkapsule Demir 30 ml,Tab İlaç,Besin Takviyeleri > Mineral > Demir,14,2,t,lectus-kids-demir-30-ml
8680133001918,,SadeC Vitamin C 1000 mg 30 Saşe,Tab İlaç,Besin Takviyeleri > Vitamin > C Vitamini,14,3,t,sadec-vitamin-c-30-sase
8680133003493,,Tabvitamins Extra 5 Magnezyum Powder 60 Servis,Tab İlaç,Besin Takviyeleri > Mineral > Magnezyum,14,1,t,tabvitamins-extra-5-magnezyum-powder-60-servis
8683229901833,,VeNatura Astaksantin 3 mg 30 Kapsül,VeNatura,Besin Takviyeleri > Takviye Edici Gıdalar > Bitkisel Ürünler,14,2,t,venatura-astaksantin-3mg-30-kapsul
8683229901819,,Venatura Gummy Kids Lipozomal Omega 3 Dha 30 Ciğnenebilir Form,VeNatura,Besin Takviyeleri > Vitamin > E Vitamini,14,1,t,venatura-gummy-kids-lipozomal-omega-3-dha-30-cignenebilir-form
8690712023637,,Zade Vital Omega 3 Balik Yagi Premium 45 Kapsül,Zade Vital,Besin Takviyeleri > Takviye Edici Gıdalar > Omega 3 & Balık Yağı,14,2,t,zade-vital-premium-omega-3-balik-yagi-45-kapsul
8680512634997,,Bioxcin Collagen Hyaluronic Acid Hidrolize Tip 1-3 Kolajen 90 Saşe,Bioxcin,Besin Takviyeleri > Kolajen > Kolajen Tip 1-3,13,1,t,bioxcin-collagen-hyaluronic-acid-hidrolize-tip-1-3-kolajen-90-sase
8691685026656,,Eyüp Sabri Tuncer Artisan Doğal Zeytinyağlı Sıvı Sabun Pumpkin Tart 600 ml,Eyüp Sabri Tuncer,Kişisel Bakım,13,1,t,eyup-sabri-tuncer-artisan-dogal-zeytinyagli-sivi-sabun-pumpkin-tart-600-ml
8691685022016,,Eyüp Sabri Tuncer Verbena Zinde Kolonyalı Mendil 150li,Eyüp Sabri Tuncer,Ev & Yaşam,13,1,t,eyup-sabri-tuncer-verbena-zinde-kolonyali-mendil-150li
6938799212400,,"Kuteks Kohezif Bandaj 2,5 cm x 4,5 m",Kuteks,Sağlık Ve Medikal > Ortopedi Ürünleri > Bandaj,13,1,t,kuteks-kohezif-bandaj-25-cm-x-45-m
8698758945906,,Luxor 226 Deve Tüyü Rengi Yün Dizlik - Large,Luxor,Sağlık Ve Medikal > Ortopedi Ürünleri > Dizlik,13,1,t,luxor-226-deve-tuyu-rengi-yun-dizlik-large
8698758945890,,Luxor 226 Deve Tüyü Rengi Yün Dizlik - Medium,Luxor,Sağlık Ve Medikal > Ortopedi Ürünleri > Dizlik,13,1,t,luxor-226-deve-tuyu-rengi-yun-dizlik-medium
8698758944435,,Luxor Ağrı Bandı 5x5 - Turuncu,Luxor,Sağlık Ve Medikal > Medikal & Sağlık Ürünleri > Kinesioloji Bantları,13,1,t,luxor-agri-bandi-5x5-turuncu
8698758940284,,Luxor Örgü El-Bilek Ateli Sağ (XL) 508,Luxor,Sağlık Ve Medikal > Ortopedi Ürünleri > Bileklik,13,1,t,luxor-orgu-el-bilek-ateli-sag-xl-508
8698758949232,,Luxvaris 807 CCL2 Dizaltı Burnu Kapalı Ten Rengi Varis Çorabı No: 2,Luxor,Sağlık Ve Medikal > Ortopedi Ürünleri > Varis Çorapları,13,1,t,luxvaris-807-ccl2-dizalti-burnu-kapali-ten-rengi-varis-corabi-no-2
8698758949249,,Luxvaris 807 CCL2 Dizaltı Burnu Kapalı Ten Rengi Varis Çorabı No: 3,Luxor,Sağlık Ve Medikal > Ortopedi Ürünleri > Varis Çorapları,13,1,t,luxvaris-807-ccl2-dizalti-burnu-kapali-ten-rengi-varis-corabi-no-3
8698758949591,,Luxvaris 813 CCL2 Külotlu Burnu Kapalı Ten Rengi Varis Çorabı No: 3,Luxor,Sağlık Ve Medikal > Ortopedi Ürünleri > Varis Çorapları,13,1,t,luxvaris-813-ccl2-kulotlu-burnu-kapali-ten-rengi-varis-corabi-no-3
8698758949355,,Luxvaris 814 CCL2 Külotlu Burnu Açık Ten Rengi Varis Çorabı No: 4,Luxor,Sağlık Ve Medikal > Ortopedi Ürünleri > Varis Çorapları,13,1,t,luxvaris-814-ccl2-kulotlu-burnu-acik-ten-rengi-varis-corabi-no-4
8698758944008,,Luxvaris 853 CCL1 Dizüstü Burnu Açık Ten Rengi Varis Çorabı No: 4,Luxor,Sağlık Ve Medikal > Ortopedi Ürünleri > Varis Çorapları,13,1,t,luxvaris-853-ccl1-dizustu-burnu-acik-ten-rengi-varis-corabi-no-4
8699592822835,,Roll Parmak Ateli No: 1,Roll,Sağlık Ve Medikal,13,1,t,roll-parmak-ateli-no-1
8680702308004,,Vikozamin Plus 90 Tablet,Teda Farma,Besin Takviyeleri > Takviye Edici Gıdalar > Bitkisel Ürünler,13,1,t,vikozamin-plus-90-tablet
8683229901581,,Venatura Pycnogenol Sahil Çamı Ekstresi 30 mg 30 Kapsül,VeNatura,Besin Takviyeleri > Takviye Edici Gıdalar,13,2,t,venatura-pycnogenol-sahil-cami-ekstresi-30-mg-30-kapsul
8683229900645,,Venatura Vitamin A Palmitat 60 Yumuşak Kapsül,VeNatura,Besin Takviyeleri > Vitamin > A Vitamini,13,2,t,venatura-vitamin-a-palmitat-takviye-edici-gida-60-yumusak-kapsul
8682368909212,,Velavit V-DHA 500 30 Yumuşak Jel Kapsül,Velavit,Besin Takviyeleri > Takviye Edici Gıdalar > Omega 3 & Balık Yağı,13,1,t,velavit-v-dha-500-30-yumusak-jel-kapsul
8682368909816,,Velavit V-lodine Drop İyot ve Selenyum İçeren Takviye Edici Gıda 25 ml,Velavit,Besin Takviyeleri > Mineral > Selenyum,13,1,t,velavit-v-lodine-drop-iyot-ve-selenyum-iceren-takviye-edici-gida-25-ml
8690797104399,,Wee Baby Yalancı Emzik Damaklı No:3 2’li (439),Wee Baby,Anne Bebek > Bebek Beslenme Ürünleri > Emzik,13,1,t,wee-baby-yalanci-emzik-damakli-no3-2li-439
8699680091945,,Wellcare Collagen Beauty Boost Takviye Edici Gıda 60 Tablet,Wellcare,Besin Takviyeleri > Kolajen > Kolajen Tip 1-3,13,1,t,wellcare-collagen-beauty-boost-takviye-edici-gida-60-tablet
8436571630117,,Babe Dökülme Önleyici saç Bakım Seti,Babe,Kişisel Bakım > Erkek Bakım > Erkek Saç Bakımı,12,1,t,babe-dokulme-onleyici-sac-bakim-seti
8436571632166,,Babe SPF 50 Lip Balm 15 ml,Babe,Cilt Bakım > Yüz Bakımı > Dudak Bakımı,12,1,t,babe-spf-50-lip-balm-15-ml
8685063350105,,Barbaris Magna GTS 60 Tablet,Barbaris,Besin Takviyeleri > Mineral > Magnezyum,12,1,t,barbaris-magna-gts-60-tablet
3522930004622,,Caudalie Vinoperfect Dark Spot Correcting Glycolic Night Cream 50 ml,Caudalie,Cilt Bakım > Akne Ve Sivilce Ürünleri > Akne Ve Yağlı Cilt Serumları,12,1,t,caudalie-vinoperfect-dark-spot-correcting-glycolic-night-cream-50-ml
8690595216980,,"Cerave Balancing Air Foam Cleanser 148 ml - 599,90 TL İndirim Etiketli",Cerave,Cilt Bakım > Vücut Bakım > Yüz ve Vücut Temizleyicileri,12,1,t,cerave-balancing-air-foam-cleanser-148-ml-59990-tl-indirim-etiketli
8699080227746,,DS PLUS Esnek (nonwoven) Yara Örtüsü 9cm*10cm - (10 Adet),DS Plus,Sağlık Ve Medikal > Ortopedi Ürünleri > Sargı ve Sargı Bezi > Yara Örtüsü,12,1,t,ds-plus-esnek-nonwoven-yara-ortusu-9cm10cm-10-adet
8683060770148,,Enterogermina Family 5 Flakon,Enterogermina,Besin Takviyeleri > Probiyotik & Prebiyotik,12,2,t,enterogermina-family-probiyotik-5-ml-x-5-flakon
8691685026601,,Eyüp Sabri Tuncer Artisan Doğal Zeytinyağlı Sıvı Sabun Cappucino 600 ml,Eyüp Sabri Tuncer,Kişisel Bakım,12,1,t,eyup-sabri-tuncer-artisan-dogal-zeytinyagli-sivi-sabun-cappucino-600-ml
8691685020296,,Eyüp Sabri Tuncer Bodrum Mandalinası Kolonyalı Mendil 150li,Eyüp Sabri Tuncer,Ev & Yaşam > Kolonyalı Mendiller,12,1,t,eyup-sabri-tuncer-bodrum-mandalinasi-kolonyali-mendil-150li
8691685020142,,Eyüp Sabri Tuncer Pure Love El ve Vücut Kremi 50 ml Tüp,Eyüp Sabri Tuncer,Cilt Bakım > Vücut Bakım > Vücut Kremi,12,1,t,eyup-sabri-tuncer-pure-love-el-ve-vucut-kremi-50-ml-tup
851228005007,,Hurraw Dudak Balmı Badem Özlü,Hurraw,Cilt Bakım > Yüz Bakımı > Dudak Bakımı,12,1,t,hurraw-dudak-balmi-badem-ozlu
8698758942240,,Luxor 198 Alt Baldırlık - One Size,Luxor,Sağlık Ve Medikal,12,1,t,luxor-198-alt-baldirlik-one-size
8698758946385,,Luxor 408 Yastıklı Kol Askısı 30 Derece - Bedensiz,Luxor,Sağlık Ve Medikal > Ortopedi Ürünleri > Kol Askısı,12,1,t,luxor-408-yastikli-kol-askisi-30-derece-bedensiz
8698758948358,,Luxor Parmak Arası Makara - Medium - 607,Luxor,Sağlık Ve Medikal > Ortopedi Ürünleri > Parmak Ayırıcılar,12,1,t,luxor-parmak-arasi-makara-medium-607
8698758940277,,Luxor Örgü El-Bilek Ateli Sağ (L) 508,Luxor,Sağlık Ve Medikal > Ortopedi Ürünleri > Bileklik,12,1,t,luxor-orgu-el-bilek-ateli-sag-l-508
8698758940567,,Luxvaris 811 CCL2 Dizüstü Burnu Kapalı Ten Rengi Varis Çorabı No: 7,Luxor,Sağlık Ve Medikal > Ortopedi Ürünleri > Varis Çorapları,12,1,t,luxvaris-811-ccl2-dizustu-burnu-kapali-ten-rengi-varis-corabi-no-7
8698758949362,,Luxvaris 814 CCL2 Külotlu Burnu Açık Ten Rengi Varis Çorabı No: 5,Luxor,Sağlık Ve Medikal > Ortopedi Ürünleri > Varis Çorapları,12,1,t,luxvaris-814-ccl2-kulotlu-burnu-acik-ten-rengi-varis-corabi-no-5
4005900975591,,Nivea Derma Skin Clear Gece Arındırıcı Krem 40 ml,Nivea,Cilt Bakım > Cilt ve İhtiyaç Tipi > Yağlı Cilt,12,1,t,nivea-derma-skin-clear-gece-arindirici-krem-40-ml
4006000217703,,Nivea Pearl  Beauty Black Kadın Deodorant Sprey 150 ml,Nivea,Kişisel Bakım > Parfüm & Deodorant & Kozmetik > Kadın Deodorant,12,1,t,nivea-pearl-beauty-black-kadin-deodorant-sprey-150-ml
8683229604840,,Okey 2 in1 Aromasız Kayganlaştırıcı 200 ml,Okey,Kişisel Bakım > Cinsel Sağlık > Kayganlaştırıcı Jel,12,2,t,okey-2in1-aromasiz-kayganlastirici-200-ml
8699512609034,,Otavit D3 K2 Damla 20 ml,Otacı,Besin Takviyeleri > Mineral,12,1,t,otavit-d3-k2-damla-20-ml
8681379100465,,Panlife Anason Yağı 10 ml,Panlife,Besin Takviyeleri > Takviye Edici Gıdalar > Bitkisel Ürünler,12,1,t,panlife-anason-yagi-10-ml
8680713008030,,Poblex 3D Uyku Maskesi Siyah + Kulak Tıkacı,Poblex,Kişisel Bakım > Kulak & Burun Tıkacları,12,2,t,poblex-uyku-maskesi-kahverengi-kulak-tikaci-hediye
8684891230122,,Poblex Ark Desteği Yapışkanlı Jel,Poblex,Sağlık Ve Medikal > Ortopedi Ürünleri,12,1,t,poblex-ark-destegi-yapiskanli-jel
8684891230023,,Poblex Koruyucu Nasır Parmak Kılıfı,Poblex,Sağlık Ve Medikal > Ortopedi Ürünleri > Parmak Atelleri,12,1,t,poblex-koruyucu-nasir-parmak-kilifi
8680713008269,,Poblex Naturel Balmumu Kulak Tikaci 2li,Poblex,Kişisel Bakım > Kulak & Burun Tıkacları,12,2,t,poblex-natural-balmumu-kulak-tikaci-2li
8684891230177,,Poblex Silikon Jel Topukluk - Medium,Poblex,Sağlık Ve Medikal > Ortopedi Ürünleri > Topukluk,12,1,t,poblex-silikon-jel-topukluk-medium
8699522004416,,Sensodyne Tam Koruma Dis Macunu 75 ml,Sensodyne,Kişisel Bakım > Diş Macunu,12,2,t,sensodyne-tam-koruma-dis-macunu-75-ml
850071952193,,Shiniq Nemlendirici Göz Contour Krem 15 ml,Shiniq,Cilt Bakım > Cilt ve İhtiyaç Tipi > Nemlendirme,12,1,t,shiniq-nemlendirici-goz-contour-krem-15-ml
850069595821,,Shiniq UV Güneş / Akne SPF50 40 ml,Shiniq,Güneş Bakım > Yüz Güneş Kremi > Normal Ciltler İçin Güneş Kremi,12,1,t,shiniq-uv-gunes-akne-spf50-40-ml
8680226510464,,Sun Selnty 30 F Cocoa 200 ml,Sun Selnty,Güneş Bakım > Bronzlaştırıcı > Bronzlaştırıcı Yağ,12,1,t,sun-selnty-30-f-cocoa-200-ml
3662361004638,,Svr Cicavit Creme HPPI 100 ml,Svr,Cilt Bakım > Akne Ve Sivilce Ürünleri > Akne Ve Yağlı Cilt Serumları,12,1,t,svr-cicavit-creme-hppi-100-ml
8680133001543,,Lifextra L-Glutamin 30 Saşe,Tab İlaç,Besin Takviyeleri > Takviye Edici Gıdalar > Bitkisel Ürünler,12,2,t,lifextra-l-glutamin-takviye-edici-gida-30-sase
8680133003042,,Tabvitamins All in Collagen 1-2-3-5-10 Tip 503 gr,Tab İlaç,Besin Takviyeleri > Kolajen > Kolajen Tip 1-3,12,2,t,tab-vitamins-all-in-kollajen-takviye-edici-gida-503-gr-30-servis
8690530077584,,Uni Baby Sensitive Saç ve Vücut Şampuanı 200 mL,Uni Baby,Anne Bebek > Bebek Bakım > Bebek şampuanı,12,1,t,uni-baby-sensitive-sac-ve-vucut-sampuani-200-ml
8690530068711,,Uni Baby Yenidoğan ve Premature Islak Mendil 40lı,Uni Baby,Anne Bebek > Bebek Bakım > Islak Mendil,12,1,t,uni-baby-yenidogan-ve-premature-islak-mendil-40li
5021265222407,,Jointace Original 30 Tablet,VITABIOTICS,Besin Takviyeleri > Mineral > Bakır,12,2,t,vitabiotics-jointace-original-30-tablet
4008496218912,,Varta Kartela AA 20li,Varta,Sağlık Ve Medikal > Medikal & Sağlık Ürünleri > Pil,12,1,t,varta-kartela-aa-20li
8683229900140,,Venatura Vitamin D3 600 IU Sprey 20 ml,VeNatura,Besin Takviyeleri > Takviye Edici Gıdalar,12,1,t,venatura-vitamin-d3-600-iu-sprey-20-ml
8682368909113,,Velavit V-Firstect Kids with Colostrum 30 Tablet,Velavit,Besin Takviyeleri > Mineral > Fosfor,12,1,t,velavit-v-firstect-kids-with-colostrum-30-tablet
8699273579843,,Vitaself Multivitamin For Women 60 Tablet,Vitaself,Besin Takviyeleri > Mineral,12,1,t,vitaself-multivitamin-for-women-60-tablet
8690797124199,,Wee Kids Su Matarası 500 ml Kuzu Desenli,Wee Baby,Anne Bebek > Bebek Beslenme Ürünleri > Biberon,12,1,t,wee-kids-su-matarasi-500-ml-kuzu-desenli
8699680590233,,Wellcare İyot Selenyum Oral Damla 30 ml,Wellcare,Besin Takviyeleri > Mineral > Selenyum,12,1,t,wellcare-iyot-selenyum-oral-damla-30-ml
8699708151774,,Refemax 30 Kapsül,Assos İlaç,Besin Takviyeleri > Takviye Edici Gıdalar > Bitkisel Ürünler,11,1,t,refemax-30-kapsul
8436571630780,,Babe Healthyaging+ Multi Rejuvenating Revitalising Booster - 50 ml,Babe,Cilt Bakım > Cilt ve İhtiyaç Tipi > Anti Age - Yaşlanma Karşıtı,11,1,t,babe-healthyaging-multi-rejuvenating-revitalising-booster-50-ml
3522930002581,,Caudalie Vinoperfect Dark Spot Correcting Hand Cream 50 ml,Caudalie,Kişisel Bakım > El & Ayak Bakımı > El Kremi,11,1,t,caudalie-vinoperfect-dark-spot-correcting-hand-cream-50-ml
8691685026427,,Eyüp Sabri Tuncer Çeşme Limonu Kolonyası Pet Şişe 100 ml,Eyüp Sabri Tuncer,Ev & Yaşam > Ev & Yaşam Ürünleri > Kolonya,11,1,t,eyup-sabri-tuncer-cesme-limonu-kolonyasi-pet-sise-100-ml
8684600157030,,Goodday Collagen Max 30 Tablet,Goodday,Besin Takviyeleri > Mineral > Bakır,11,1,t,goodday-collagen-max-30-tablet
8682276816558,,Hanymish 655 Yenidoğan Pp Hediye Seti 5li - Mavi,Hanymish,Anne Bebek > Bebek Bakım,11,1,t,hanymish-655-yenidogan-pp-hediye-seti-5li-mavi
8682276811195,,Hanymish Tiny Damaklı Emzik No: 2,Hanymish,Anne Bebek > Bebek Beslenme Ürünleri > Emzik,11,1,t,hanymish-tiny-damakli-emzik-no-2
851228005182,,Hurraw Sun Lip Balm SPF15 - Güneş Koruyuculu 4.8 gr,Hurraw,Cilt Bakım > Yüz Bakımı > Dudak Bakımı,11,1,t,hurraw-sun-lip-balm-spf15-gunes-koruyuculu-48-gr
8698758945685,,Luxor 614 Visco Boyun Yastığı,Luxor,Sağlık Ve Medikal > Ortopedi Ürünleri > Boyunluk,11,1,t,luxor-614-visco-boyun-yastigi
8698758942370,,Luxor 628 Silikon Parmak Halkası Large No: 42 - 46,Luxor,Sağlık Ve Medikal > Ortopedi Ürünleri > Parmak Ayırıcılar,11,1,t,luxor-628-silikon-parmak-halkasi-large-no-42-46
8698758945920,,Luxor Deve Tüyü XXL 226 Yün Dizlik,Luxor,Sağlık Ve Medikal > Ortopedi Ürünleri > Dizlik,11,1,t,luxor-deve-tuyu-xxl-226-yun-dizlik
8698758944701,,Luxor Kurbağa Parmak Ateli No:3 (522),Luxor,Sağlık Ve Medikal > Ortopedi Ürünleri > Parmak Atelleri,11,1,t,luxor-kurbaga-parmak-ateli-no3-522
8698758940383,,Luxor Örgü El-Bilek Ateli Sol (M) 508,Luxor,Sağlık Ve Medikal > Ortopedi Ürünleri > Bileklik,11,1,t,luxor-orgu-el-bilek-ateli-sol-m-508
8698758940628,,Luxvaris 814 CCL2 Külotlu Burnu Açık Ten Rengi Varis Çorabı No: 7,Luxor,Sağlık Ve Medikal > Ortopedi Ürünleri > Varis Çorapları,11,1,t,luxvaris-814-ccl2-kulotlu-burnu-acik-ten-rengi-varis-corabi-no-7
8698758943865,,Luxvaris 851 CCL1 Dizaltı Burnu Açık Ten Rengi Varis Çorabı No: 4,Luxor,Sağlık Ve Medikal > Ortopedi Ürünleri > Varis Çorapları,11,1,t,luxvaris-851-ccl1-dizalti-burnu-acik-ten-rengi-varis-corabi-no-4
8680645530340,,NBT Life Full Life 60 Kapsül,Nbt Life,Besin Takviyeleri > Takviye Edici Gıdalar > Koenzim Q10,11,2,t,nbt-life-fulllife-60-kapsul
3264680041990,,Nuxe Sun - Altın Işıltılı Bronzlaştırıcı Güneş Koruyucu Yağ SPF30 150 ml,Nuxe,Güneş Bakım > Vücut Güneş Kremleri > Vücut Güneş Yağı,11,1,t,nuxe-sun-altin-isiltili-bronzlastirici-gunes-koruyucu-yag-spf30-150-ml
4015672110465,,Omron Evolv HEM-7600T-E Koldan Dijital Tansiyon Aleti,Omron,Sağlık Ve Medikal > Medikal & Sağlık Ürünleri > Tansiyon Aleti,11,1,t,omron-evolv-hem-7600t-e-koldan-dijital-tansiyon-aleti
8680133000560,,Osende Koenzim Q10 100 mg 30 Kapsül,Osende,Besin Takviyeleri > Takviye Edici Gıdalar > Koenzim Q10,11,3,t,osende-koenzim-100mg-q10-30-yumusak-kapsul
8004395001941,,Proraso Yulaf Yeşil Çay Özlü Tıraş Köpüğü 300ml,Proraso,Kişisel Bakım > Erkek Bakım > Erkek Cilt Bakımı,11,1,t,proraso-yulaf-yesil-cay-ozlu-tiras-kopugu-300ml
8699592822132,,Roll Dik Duruş Korsesi Bedensiz,Roll,Sağlık Ve Medikal > Ortopedi Ürünleri > Korse,11,1,t,roll-dik-durus-korsesi-bedensiz
8683655308183,,Senkavit Omega 3 ve Astaksantin İçeren Yumuşak Kapsül 90  lı,Senkavit,Besin Takviyeleri > Takviye Edici Gıdalar > Omega 3 & Balık Yağı,11,1,t,senkavit-omega-3-ve-astaksantin-iceren-yumusak-kapsul-90-li
33984595972,,Solgar Curcumin Food Supplement 30 Kapsül,Solgar,Besin Takviyeleri > Takviye Edici Gıdalar,11,2,t,solgar-curcumin-30-kapsul
3662361004676,,SVR Sebiaclear Gel Flash 4H Sivilce Yatıştırıcı Jel 15 ml,Svr,Cilt Bakım > Akne Ve Sivilce Ürünleri > Akne Ve Yağlı Cilt Serumları,11,1,t,svr-sebiaclear-gel-flash-4h-sivilce-yatistirici-jel-15-ml
8680133000423,,Panem Hp 30 Tablet,Tab İlaç,Besin Takviyeleri > Takviye Edici Gıdalar > Kemik Ve Eklem Sağlığı,11,1,t,panem-hp-30-tablet
8690530069206,,"Uni Baby Sensitive Avokado Özlü Islak Mendil, 90 Adet",Uni Baby,Anne Bebek > Bebek Bakım > Islak Mendil,11,1,t,uni-baby-sensitive-avokado-ozlu-islak-mendil-90-adet
8690530077614,,Uni Baby Sensitive Saç ve Vücut Şampuanı 500 ml,Uni Baby,Anne Bebek > Bebek Bakım > Bebek şampuanı,11,1,t,uni-baby-sensitive-sac-ve-vucut-sampuani-500-ml
8683229900508,,Venatura Selenyum 45 Tablet,VeNatura,Besin Takviyeleri > Mineral > Selenyum,11,1,t,venatura-selenyum-45-tablet
8680131758081,,Venatura Vitamin C Plus 60 Kapsül,VeNatura,Besin Takviyeleri > Vitamin > C Vitamini,11,1,t,venatura-vitamin-c-plus-60-kapsul
8680014261653,,Magne-Flex DayNight Magnezyum 30 Gündüz 30 Gece 60 Kapsül,Vitamaks,Besin Takviyeleri > Mineral > Magnezyum,11,1,t,magne-flex-daynight-magnezyum-30-gunduz-30-gece-60-kapsul
8690712025471,,Zade Vital Omega 3 Forte 40 Yumuşak Kapsül,Zade Vital,Besin Takviyeleri > Takviye Edici Gıdalar > Omega 3 & Balık Yağı,11,2,t,zade-vital-omega3-forte-40-kapsul
8699708091605,,Telovium Biotin 30 Tablet,Assos İlaç,Besin Takviyeleri > Mineral > Demir,10,1,t,telovium-biotin-30-tablet
3522930003151,,Caudalie Vinoclean Moisturizing Toner Nemlendirici Tonik 200 ml,Caudalie,Cilt Bakım > Akne Ve Sivilce Ürünleri > Akne Ve Yağlı Cilt Serumları,10,1,t,caudalie-vinoclean-moisturizing-toner-nemlendirici-tonik-200-ml
8691685026625,,Eyüp Sabri Tuncer Artisan Doğal Zeytinyağlı Sıvı Sabun Creme Brulee 600 ml,Eyüp Sabri Tuncer,Kişisel Bakım > Duş & Banyo Ürünleri > Sıvı Sabunlar,10,1,t,eyup-sabri-tuncer-artisan-dogal-zeytinyagli-sivi-sabun-creme-brulee-600-ml
8691685026649,,Eyüp Sabri Tuncer Artisan Doğal Zeytinyağlı Sıvı Sabun Muffin 600 ml,Eyüp Sabri Tuncer,Kişisel Bakım,10,1,t,eyup-sabri-tuncer-artisan-dogal-zeytinyagli-sivi-sabun-muffin-600-ml
8698995520683,,Farmin D-Pasta Fare Zehiri,Farmin,Anne Bebek > Bebek Bakım > Haşere Karşıtı Ürünler,10,2,t,farmin-d-pasta-fare-zehiri-90gr
851228005212,,Hurraw Lip Balm Almond Cardomom Rose,Hurraw,Cilt Bakım > Yüz Bakımı > Dudak Bakımı,10,1,t,hurraw-lip-balm-almond-cardomom-rose
851228005205,,Hurraw Lip Balm Vanilla Bean,Hurraw,Cilt Bakım > Yüz Bakımı > Dudak Bakımı,10,1,t,hurraw-lip-balm-vanilla-bean
851228005021,,Hurraw Lip Balmı Chai Baharat,Hurraw,Cilt Bakım > Yüz Bakımı > Dudak Bakımı,10,1,t,hurraw-lip-balmi-chai-baharat
8682304243547,,Kiperin Postbiyotik 21 Kapsül,Kiperin,Besin Takviyeleri > Probiyotik & Prebiyotik,10,2,t,kiperin-postbiyotik-21-kapsul
6938799212448,,"Kuteks Kohezif Bandaj 15 cm x 4,5 m",Kuteks,Sağlık Ve Medikal > Ortopedi Ürünleri > Bandaj,10,1,t,kuteks-kohezif-bandaj-15-cm-x-45-m
6938799212417,,"Kuteks Kohezif Bandaj 5 cm x 4,5 m",Kuteks,Sağlık Ve Medikal > Ortopedi Ürünleri > Bandaj,10,1,t,kuteks-kohezif-bandaj-5-cm-x-45-m
8698758948525,,Luxor 612 Oturma Simidi - Tek Boy,Luxor,Sağlık Ve Medikal > Ortopedi Ürünleri > Oturma Simidi,10,1,t,luxor-612-oturma-simidi-tek-boy
8698758940536,,Luxor 810 CCL2 Orta Basınçlı Dizüstü Burnu Açık Varis Çorabı Ten Rengi No: 6,Luxor,Sağlık Ve Medikal > Ortopedi Ürünleri > Varis Çorapları,10,1,t,luxor-810-ccl2-orta-basincli-dizustu-burnu-acik-varis-corabi-ten-rengi-no-6
8698758942738,,Luxor 843 Hostes Çorabı Dizaltı Burnu Kapalı Siyah Renk 18-23 Mmhg No: 4,Luxor,Sağlık Ve Medikal > Ortopedi Ürünleri > Varis Çorapları,10,1,t,luxor-843-hostes-corabi-dizalti-burnu-kapali-siyah-renk-18-23-mmhg-no-4
8698758942776,,Luxor 844 Hostes Çorabı Dizüstü Burnu Kapalı 18-23 Mmhg No: 3 - Siyah,Luxor,Sağlık Ve Medikal > Ortopedi Ürünleri > Varis Çorapları,10,1,t,luxor-844-hostes-corabi-dizustu-burnu-kapali-18-23-mmhg-no-3-siyah
8698758944596,,Luxor Ark Destekli Silikon Tabanlık - xSmall - 602,Luxor,Sağlık Ve Medikal > Ortopedi Ürünleri > Tabanlık,10,1,t,luxor-ark-destekli-silikon-tabanlik-xsmall-602
8698758940437,,Luxvaris 807 CCL2 Dizaltı Burnu Kapalı Ten Rengi Varis Çorabı No: 6,Luxor,Sağlık Ve Medikal > Ortopedi Ürünleri > Varis Çorapları,10,1,t,luxvaris-807-ccl2-dizalti-burnu-kapali-ten-rengi-varis-corabi-no-6
8698758949508,,Luxvaris 811 CCL2 Dizüstü Burnu Kapalı Ten Rengi Varis Çorabı No: 4,Luxor,Sağlık Ve Medikal > Ortopedi Ürünleri > Varis Çorapları,10,1,t,luxvaris-811-ccl2-dizustu-burnu-kapali-ten-rengi-varis-corabi-no-4
8698758943841,,Luxvaris 851 CCL1 Dizaltı Burnu Açık Ten Rengi Varis Çorabı No: 2,Luxor,Sağlık Ve Medikal > Ortopedi Ürünleri > Varis Çorapları,10,1,t,luxvaris-851-ccl1-dizalti-burnu-acik-ten-rengi-varis-corabi-no-2
8680133003530,,Magnimore Kids Magnezyum Pidolat 200 ml,Magnimore,Besin Takviyeleri > Mineral > Magnezyum,10,1,t,magnimore-kids-magnezyum-pidolat-200-ml
8681788054250,,Medicago Vitamin D3 1000 IU Sprey 30 ml,Medicago,Besin Takviyeleri > Vitamin > D Vitamini,10,1,t,medicago-vitamin-d3-1000-iu-sprey-30-ml
8684441140307,,Nuvite Omega 3 L-Serine 200 gr,Nuvite,Besin Takviyeleri > Takviye Edici Gıdalar > Omega 3 & Balık Yağı,10,1,t,nuvite-omega-3-l-serine-200-gr
8697595870914,,Orzax Bigflor Probiotic  Prebiotic 10 Sase,Orzax,Besin Takviyeleri > Probiyotik & Prebiyotik,10,2,t,ocean-bigflor-probiyotik-10-sase
8680713008702,,Poblex 3D Uyku Maskesi Kahve Rengi + Kulak Tıkacı,Poblex,Kişisel Bakım > Kulak & Burun Tıkacları,10,1,t,poblex-3d-uyku-maskesi-kahve-rengi-kulak-tikaci
8684891230108,,Poblex Yapışkanlı Ön Kaydırmaz Ped,Poblex,Sağlık Ve Medikal > Ortopedi Ürünleri > Topukluk,10,1,t,poblex-yapiskanli-on-kaydirmaz-ped
8690605078805,,Sesu Ağda Bandı Yüz İçin Hassas Ciltler 20Li,Sesu,Kişisel Bakım > Ağda & Epilasyon > Ağda,10,1,t,sesu-agda-bandi-yuz-icin-hassas-ciltler-20li
850071952186,,Shiniq Deep Moisture Therapy 50 ml,Shiniq,Cilt Bakım > Cilt ve İhtiyaç Tipi > Kuru Cilt,10,1,t,shiniq-deep-moisture-therapy-50-ml
850071952179,,Shiniq Hydrating Booster Serum 50 ml,Shiniq,Cilt Bakım > Cilt ve İhtiyaç Tipi > Kuru Cilt,10,1,t,shiniq-hydrating-booster-serum-50-ml
850071952049,,Shiniq Ultra Repairing Protective Cream 40 ml,Shiniq,Cilt Bakım > Akne Ve Sivilce Ürünleri > Akne Ve Yağlı Cilt Serumları,10,1,t,shiniq-ultra-repairing-protective-cream-40-ml
3662361002023,,SVR Densitium Bi-Sérum Double Concentré Restructurant Anti-gravity 2x15ml,Svr,Cilt Bakım > Cilt ve İhtiyaç Tipi > Anti Age - Yaşlanma Karşıtı,10,1,t,svr-densitium-bi-serum-double-concentre-restructurant-anti-gravity-2x15ml
3662361001910,,SVR Topialyse Balm Protect+ 200 ml,Svr,Cilt Bakım > Cilt ve İhtiyaç Tipi > Kuru Cilt,10,1,t,svr-topialyse-balm-protect-200-ml
3662361003228,,Svr Hydraliane Yoğun Nemlendirici Krem 50 ml,Svr,Cilt Bakım > Akne Ve Sivilce Ürünleri > Akne Ve Yağlı Cilt Serumları,10,1,t,svr-hydraliane-yogun-nemlendirici-krem-50-ml
3401381332495,,Svr Sebiaclear Eau Micellaire 400ml,Svr,Cilt Bakım > Akne Ve Sivilce Ürünleri > Akne Ve Yağlı Cilt Serumları,10,1,t,svr-sebiaclear-eau-micellaire-400ml
3662361003204,,Svr Sun Secure Spf 30 Güneş Koruyucu Sprey 200 ml,Svr,Güneş Bakım > Vücut Güneş Kremleri > Vücut Güneş Spreyi,10,1,t,svr-sun-secure-spf-30-gunes-koruyucu-sprey-200-ml
3662361002443,,Svr Topialyse Creme 400 ml,Svr,Cilt Bakım > Akne Ve Sivilce Ürünleri > Akne Ve Yağlı Cilt Serumları,10,1,t,svr-topialyse-creme-400-ml
8680133001406,,Lectus Kids Kral Şakir Karışık Meyve Aromalı Balık Yağı 150 ml,Tab İlaç,Besin Takviyeleri > Takviye Edici Gıdalar > Omega 3 & Balık Yağı,10,1,t,lectus-kids-kral-sakir-karisik-meyve-aromali-balik-yagi-150-ml
8690530077645,,Uni Baby Sensitive Saç ve Vücut Şampuanı 700 mL,Uni Baby,Anne Bebek > Bebek Bakım > Bebek şampuanı,10,1,t,uni-baby-sensitive-sac-ve-vucut-sampuani-700-ml
8683229901475,,VeNatura Vitamin B6 ( P-5-P) Sıvı Takviye Edici Gıda 150 ml,VeNatura,Besin Takviyeleri > Mineral,10,1,t,venatura-vitamin-b6-p-5-p-sivi-takviye-edici-gida-150-ml
8683229902168,,Venatura Imumix Şurup 150 ml,VeNatura,Besin Takviyeleri > Takviye Edici Gıdalar > Bağışıklık Sistemi,10,1,t,venatura-imumix-surup-150-ml
8682368909632,,Velavit V-Active Gummy 60 Gummies,Velavit,Besin Takviyeleri > Mineral > Demir,10,1,t,velavit-v-active-gummy-60-gummies
8682368909205,,Velavit V-Iron  Vitamin C İçeren Takviye Edici Gıda 30 Tablet,Velavit,Besin Takviyeleri > Mineral > Demir,10,1,t,velavit-v-iron-vitamin-c-iceren-takviye-edici-gida-30-tablet
8682368909663,,Velavit V-MNP Gummy 60 Gummies,Velavit,Besin Takviyeleri > Takviye Edici Gıdalar > Bitkisel Ürünler,10,1,t,velavit-v-mnp-gummy-60-gummies
8682368909373,,Velavit V-PsCog 30 Kapsül,Velavit,Besin Takviyeleri > Vitamin > Fosfatidilserin,10,1,t,velavit-v-pscog-30-kapsul
8681285103222,,B-Good Nefes Açıcı Bant 6lı,B-Good,Sağlık Ve Medikal > Medikal & Sağlık Ürünleri > Burun Bandı,9,2,t,b-good-nefes-acici-bant-6li
8690797105990,,Bebsi 599 Bardak Pipetli 300 ml,Bebsi,Anne Bebek > Bebek Beslenme Ürünleri > Pipetli Bardaklar,9,1,t,bebsi-599-bardak-pipetli-300-ml
3522930003212,,Caudalie Grape Water Organik Üzüm Suyu 200 ml,Caudalie,Cilt Bakım > Akne Ve Sivilce Ürünleri > Akne Ve Yağlı Cilt Serumları,9,1,t,caudalie-grape-water-organik-uzum-suyu-200-ml
3522930005360,,Caudalie Invisible High Protection Spray SPF30 150ml,Caudalie,Güneş Bakım > Yüz Güneş Kremi > Hassas Ciltler İçin Güneş Kremi,9,1,t,caudalie-invisible-high-protection-spray-spf30-150ml
3522930003823,,Caudalie The Des Vigne Shower Gel 200 ml,Caudalie,Cilt Bakım > Akne Ve Sivilce Ürünleri > Akne Ve Yağlı Cilt Serumları,9,1,t,caudalie-the-des-vigne-shower-gel-200-ml
3522931005017,,Caudalie Vinopure Hydrating Mattifying Fluid 60ml,Caudalie,Cilt Bakım > Cilt ve İhtiyaç Tipi > Gözenek Sıkılaştırıcı,9,1,t,caudalie-vinopure-hydrating-mattifying-fluid-60ml
8699080225100,,DS Plus Elastik Bandaj 10x120 cm,DS Plus,Sağlık Ve Medikal > Ortopedi Ürünleri > Bandaj,9,1,t,ds-plus-elastik-bandaj-10x120-cm
6970226432142,,"Ds Plus Coban Bandaj 10 cm x 4,5 m - Sarı",DS Plus,Sağlık Ve Medikal > Ortopedi Ürünleri > Bandaj,9,1,t,ds-plus-coban-bandaj-10-cm-x-45-m-sari
8699009540130,,Exxe Tıbbi İpek Flaster 5 m x 1.25 cm,Exxe,Sağlık Ve Medikal > Medikal & Sağlık Ürünleri > Flaster,9,2,t,exxe-tibbi-ipek-flaster-5-m-x-125-cm
8691685025345,,Eyüp Sabri Tuncer Okyanus Doğal Zeytinyağlı El Vücut Kremi,Eyüp Sabri Tuncer,Cilt Bakım > Akne Ve Sivilce Ürünleri > Akne Ve Yağlı Cilt Serumları,9,1,t,eyup-sabri-tuncer-okyanus-dogal-zeytinyagli-el-vucut-kremi
8684382901104,,Kuteks Steril Gaz Kompres 7.5 x 7.5 cm (10x5) 50li,Kuteks,Sağlık Ve Medikal > Gaz Kompres,9,2,t,kuteks-steril-gaz-kompres-75-x-75-cm-10x5-50li
8698758944381,,Luxcare Termo Jel Sıcak-Soğuk Kompres S 13 x 13 cm,Luxor,Sağlık Ve Medikal > Medikal & Sağlık Ürünleri > Sıcak Soğuk Kompres,9,1,t,luxcare-termo-jel-sicak-soguk-kompres-s-13-x-13-cm
8698758942707,,Luxor 843 Hostes Çorabı Dizaltı Burnu Kapalı 18-23 Mmhg No: 1 - Siyah,Luxor,Sağlık Ve Medikal > Ortopedi Ürünleri > Varis Çorapları,9,1,t,luxor-843-hostes-corabi-dizalti-burnu-kapali-18-23-mmhg-no-1-siyah
8698758944718,,Luxor Mallet Finger Parmak Ateli No: 1 - 523,Luxor,Sağlık Ve Medikal > Ortopedi Ürünleri > Parmak Atelleri,9,1,t,luxor-mallet-finger-parmak-ateli-no-1-523
8698758942684,,Luxor Seyahat Varis Çorabı Dizaltı Burnu Kapalı Siyah 18-23 mmhg No: 4,Luxor,Sağlık Ve Medikal > Ortopedi Ürünleri > Varis Çorapları,9,1,t,luxor-seyahat-varis-corabi-dizalti-burnu-kapali-siyah-18-23-mmhg-no-4
8698758949713,,Luxor Örgü Patella Destek Dizlik- Small 103,Luxor,Sağlık Ve Medikal > Ortopedi Ürünleri > Dizlik,9,1,t,luxor-orgu-patella-destek-dizlik-small-103
8698758949331,,Luxvaris 814 CCL2 Külotlu Burnu Açık Ten Rengi Varis Çorabı No: 2,Luxor,Sağlık Ve Medikal > Ortopedi Ürünleri > Varis Çorapları,9,1,t,luxvaris-814-ccl2-kulotlu-burnu-acik-ten-rengi-varis-corabi-no-2
8680133001871,,Magnimore Threo PS 60 Kapsül,Magnimore,Besin Takviyeleri > Mineral > Magnezyum,9,1,t,magnimore-threo-ps-60-kapsul
8699273570918,,Plentyfert For Man 60 Tablet,Mnc İlaç,Besin Takviyeleri > Mineral > Kalsiyum,9,1,t,plentyfert-for-man-60-tablet
4006000217529,,Nivea Men Fresh Sensation Erkek Sprey Deodorant 150 ml,Nivea,Kişisel Bakım > Parfüm & Deodorant & Kozmetik > Erkek Deodorant > Erkek Parfüm,9,1,t,nivea-men-fresh-sensation-erkek-sprey-deodorant-150-ml
8697595872901,,Ocean Betain HCI+ Pepsin Takviye Edici Gıda 120 Tablet,Ocean,Besin Takviyeleri > Takviye Edici Gıdalar > Bitkisel Ürünler,9,2,t,ocean-betain-hci-pepsin-120-tablet
8681379100113,,Panlife Aspir Yağı 250 ml,Panlife,Besin Takviyeleri > Takviye Edici Gıdalar > Bitkisel Ürünler,9,1,t,panlife-aspir-yagi-250-ml
8684891230139,,Poblex Ark Desteği Silikon Çorap,Poblex,Sağlık Ve Medikal > Ortopedi Ürünleri > Varis Çorapları,9,1,t,poblex-ark-destegi-silikon-corap
8684891230047,,Poblex Silikon Parmak Arası Makara - Medium,Poblex,Sağlık Ve Medikal > Ortopedi Ürünleri > Parmak Atelleri,9,1,t,poblex-silikon-parmak-arasi-makara-medium
8699592804572,,Roll Optik 20li Kız,Roll,Sağlık Ve Medikal > Medikal & Sağlık Ürünleri > Göz Pedi,9,1,t,roll-optik-20li-kiz
8683655308060,,Senkavit Omega 3 1300 mg 200 Softjel,Senkavit,Besin Takviyeleri > Takviye Edici Gıdalar > Omega 3 & Balık Yağı,9,2,t,senkavit-omega-3-1300-mg-200-softjel
850071952032,,Shiniq Pore Purifying Scrub 200 ml,Shiniq,Cilt Bakım > Yüz Bakımı > Yüz Maskesi,9,1,t,shiniq-pore-purifying-scrub-200-ml
850071952216,,Shiniq Rich Moisturizing Cream 50 ml,Shiniq,Cilt Bakım > Cilt ve İhtiyaç Tipi > Nemlendirme,9,1,t,shiniq-rich-moisturizing-cream-50-ml
3662361001965,,SVR Densitium Contour Yeux Levres 15 ml,Svr,Cilt Bakım > Cilt ve İhtiyaç Tipi > Anti Age - Yaşlanma Karşıtı,9,1,t,svr-densitium-contour-yeux-levres-15-ml
3662361003211,,SVR Hydraliane Crème Hydratante Intense Light 50 ml,Svr,Cilt Bakım > Akne Ve Sivilce Ürünleri > Akne Ve Yağlı Cilt Serumları,9,1,t,svr-hydraliane-creme-hydratante-intense-light-50-ml
3662361002115,,Svr Huile Lavante Topialyse Cleansing Oil 1000 ml,Svr,Cilt Bakım > Vücut Bakım > Vücut Yağı,9,1,t,svr-huile-lavante-topialyse-cleansing-oil-1000-ml
3662361002436,,Svr Topialyse Creme 200 ml,Svr,Cilt Bakım > Akne Ve Sivilce Ürünleri > Akne Ve Yağlı Cilt Serumları,9,1,t,svr-topialyse-creme-200-ml
8680133003721,,Tab İlaç Sade-C Direkt C Vitamini 30 Stik Şase,Tab İlaç,Besin Takviyeleri > Vitamin > C Vitamini,9,1,t,tab-ilac-sade-c-direkt-c-vitamini-30-stik-sase
8680133003622,,TabVitamins Telastra 30 Kapsül,Tab İlaç,Besin Takviyeleri > Takviye Edici Gıdalar > Bitkisel Ürünler,9,1,t,tabvitamins-telastra-30-kapsul
8681285105684,,B-Good Hidrofil Sargı Bezi 15cm x 200cm 25li,B-Good,Sağlık Ve Medikal,8,1,t,b-good-hidrofil-sargi-bezi-15cm-x-200cm-25li
8690998215153,,Balparmak Apitera Plus Propolisli Sprey 20 ml,Balparmak,Besin Takviyeleri > Takviye Edici Gıdalar > Ağız & Boğaz Spreyi,8,2,t,balparmak-apitera-plus-propolisli-sprey-20-ml
8680461201301,,Beauty Eye Polypeptide Göz Maskesi,Beauty Collection,Cilt Bakım > Cilt ve İhtiyaç Tipi > Anti Age - Yaşlanma Karşıtı,8,1,t,beauty-eye-polypeptide-goz-maskesi
8680512660446,,Bioxcin Men Hair Set - 30 Tablet + Şampuan 100 ml Hediyeli,Bioxcin,Saç Bakım > Saç Tipi & İhtiyaç > Boyalı Saç,8,1,t,bioxcin-men-hair-set-30-tablet-sampuan-100-ml-hediyeli
3522931003693,,Caudalie The Des Vignes Body Lotion 200 ml,Caudalie,Cilt Bakım > Cilt ve İhtiyaç Tipi > Karma Cilt,8,1,t,caudalie-the-des-vignes-body-lotion-200-ml
3522930004011,,Caudalie Vinoperfect Leke Karşıtı ve Işıltı Verici Glikolik Esans 100 ml,Caudalie,Cilt Bakım > Akne Ve Sivilce Ürünleri > Akne Ve Yağlı Cilt Serumları,8,1,t,caudalie-vinoperfect-leke-karsiti-ve-isilti-verici-glikolik-esans-100-ml
3522930003434,,Caudalie Vinopure Purifying Toner 400 ml,Caudalie,Cilt Bakım > Cilt ve İhtiyaç Tipi > Yağlı Cilt,8,1,t,caudalie-vinopure-purifying-toner-400-ml
3522930005407,,Caudalie Vinosun After-Sun Repairing Lotion 200 Ml,Caudalie,Cilt Bakım > Akne Ve Sivilce Ürünleri > Akne Ve Yağlı Cilt Serumları,8,1,t,caudalie-vinosun-after-sun-repairing-lotion-200-ml
8681291002045,,Centrum Advance 30 Tablet - 50 Yaş Üstü,Centrum,Besin Takviyeleri > Mineral > Bakır,8,1,t,centrum-advance-30-tablet-50-yas-ustu
6970226432029,,"Ds Plus Coban Bandaj 7,5 cm x 4,5 m - Kırmızı",DS Plus,Sağlık Ve Medikal > Ortopedi Ürünleri > Bandaj,8,1,t,ds-plus-coban-bandaj-75-cm-x-45-m-kirmizi
8691685020234,,Eyüp Sabri Tuncer Perfume Jewels Love Kisses El Kremi 50 ml,Eyüp Sabri Tuncer,Kişisel Bakım > El & Ayak Bakımı > El Kremi,8,1,t,eyup-sabri-tuncer-perfume-jewels-love-kisses-el-kremi-50-ml
8682276815209,,Hanymish Akıtmaz Kulplu Bardak,Hanymish,Anne Bebek > Bebek Beslenme Ürünleri,8,1,t,hanymish-akitmaz-kulplu-bardak
p8682276817302,,Hanymish Emzik Saklama Kabı - Pembe,Hanymish,Anne Bebek > Bebek Bakım,8,1,t,hanymish-emzik-saklama-kabi-pembe
851228005090,,Hurraw Kapha Greyfurt Lip Balm,Hurraw,Cilt Bakım > Yüz Bakımı > Dudak Bakımı,8,1,t,hurraw-kapha-greyfurt-lip-balm
851228005045,,Hurraw Lip Balm Coconut,Hurraw,Cilt Bakım > Yüz Bakımı > Dudak Bakımı,8,1,t,hurraw-lip-balm-coconut
851228005243,,Hurraw Lip Balm Papaya,Hurraw,Cilt Bakım > Yüz Bakımı > Dudak Bakımı,8,1,t,hurraw-lip-balm-papaya
851228005144,,"Hurraw Moon Lip Balm 4,8 gr",Hurraw,Cilt Bakım > Yüz Bakımı > Dudak Bakımı,8,1,t,hurraw-moon-lip-balm-48-gr
8698758942356,,Luxor 628 Silikon Parmak Halkası Small No: 35 - 37,Luxor,Sağlık Ve Medikal > Ortopedi Ürünleri > Parmak Ayırıcılar,8,1,t,luxor-628-silikon-parmak-halkasi-small-no-35-37
8698758946019,,Luxor 704 Nelson Boyunluk 34-36 cm No: 1,Luxor,Sağlık Ve Medikal > Ortopedi Ürünleri > Boyunluk,8,1,t,luxor-704-nelson-boyunluk-34-36-cm-no-1
8698758944107,,Luxor 854 CCL1 Dizüstü Kapalı Burun Varis Çorabı No: 7,Luxor,Sağlık Ve Medikal > Ortopedi Ürünleri > Varis Çorapları,8,1,t,luxor-854-ccl1-dizustu-kapali-burun-varis-corabi-no-7
8698758944114,,Luxor 855 Ccl1 Külotlu Burnu Açık Varis Çorabı No: 1 - Ten Rengi,Luxor,Sağlık Ve Medikal > Ortopedi Ürünleri > Varis Çorapları,8,1,t,luxor-855-ccl1-kulotlu-burnu-acik-varis-corabi-no-1-ten-rengi
8698758944442,,Luxor Ağrı Bandı 5x5 - Pembe,Luxor,Sağlık Ve Medikal > Medikal & Sağlık Ürünleri > Kinesioloji Bantları,8,1,t,luxor-agri-bandi-5x5-pembe
8698758944411,,Luxor Ağrı Bandı 5x5 - Siyah,Luxor,Sağlık Ve Medikal > Medikal & Sağlık Ürünleri > Kinesioloji Bantları,8,1,t,luxor-agri-bandi-5x5-siyah
8698758947597,,Luxor Sekiz Bandajı S 214,Luxor,Sağlık Ve Medikal > Ortopedi Ürünleri > Ayak Bilekliği,8,1,t,luxor-sekiz-bandaji-s-214
8698758947351,,Luxor Yün Dizlik 221 Small,Luxor,Sağlık Ve Medikal > Ortopedi Ürünleri > Dizlik,8,1,t,luxor-yun-dizlik-221-small
8698758947405,,Luxor Yün Dizlik 221 XXL,Luxor,Sağlık Ve Medikal > Ortopedi Ürünleri > Dizlik,8,1,t,luxor-yun-dizlik-221-xxl
8698758949164,,Luxor Örgü Silikon Ped Destek Dirseklik - Small - 106,Luxor,Sağlık Ve Medikal > Ortopedi Ürünleri > Dirseklik,8,1,t,luxor-orgu-silikon-ped-destek-dirseklik-small-106
8698758949263,,Luxvaris 807 CCL2 Dizaltı Burnu Kapalı Ten Rengi Varis Çorabı No: 5,Luxor,Sağlık Ve Medikal > Ortopedi Ürünleri > Varis Çorapları,8,1,t,luxvaris-807-ccl2-dizalti-burnu-kapali-ten-rengi-varis-corabi-no-5
8698758949478,,Luxvaris 811 CCL2 Dizüstü Burnu Kapalı Ten Rengi Varis Çorabı No: 1,Luxor,Sağlık Ve Medikal > Ortopedi Ürünleri > Varis Çorapları,8,1,t,luxvaris-811-ccl2-dizustu-burnu-kapali-ten-rengi-varis-corabi-no-1
8698758949577,,Luxvaris 813 CCL2 Külotlu Burnu Kapalı Ten Rengi Varis Çorabı No: 1,Luxor,Sağlık Ve Medikal > Ortopedi Ürünleri > Varis Çorapları,8,1,t,luxvaris-813-ccl2-kulotlu-burnu-kapali-ten-rengi-varis-corabi-no-1
8698758949584,,Luxvaris 813 CCL2 Külotlu Burnu Kapalı Ten Rengi Varis Çorabı No: 2,Luxor,Sağlık Ve Medikal > Ortopedi Ürünleri > Varis Çorapları,8,1,t,luxvaris-813-ccl2-kulotlu-burnu-kapali-ten-rengi-varis-corabi-no-2
8698758949324,,Luxvaris 814 CCL2 Külotlu Burnu Açık Ten Rengi Varis Çorabı No: 1,Luxor,Sağlık Ve Medikal > Ortopedi Ürünleri > Varis Çorapları,8,1,t,luxvaris-814-ccl2-kulotlu-burnu-acik-ten-rengi-varis-corabi-no-1
8698758944152,,Luxvaris 855 CCL1 Külotlu Burnu Açık Ten Rengi Varis Çorabı No: 5,Luxor,Sağlık Ve Medikal > Ortopedi Ürünleri > Varis Çorapları,8,1,t,luxvaris-855-ccl1-kulotlu-burnu-acik-ten-rengi-varis-corabi-no-5
4005900612663,,Nivea Tıraş Sonrası Balsam Men Protect  Care Nemlendirici 100 ml,Nivea,Cilt Bakım > Cilt ve İhtiyaç Tipi > Kuru Cilt,8,1,t,nivea-tiras-sonrasi-balsam-men-protect-care-nemlendirici-100-ml
8699512012209,,Otacı Naturway Sarımsak Özlü Dökülme Karşıtı Saç Bakım Serumu 100 ml,Otacı,Saç Bakım > Saç Bakım Ürünleri & Saç Vitaminleri > Saç Serumu,8,1,t,otaci-naturway-sarimsak-ozlu-dokulme-karsiti-sac-bakim-serumu-100-ml
8681379100717,,Panlife Servi Cupres Yağı 10 ml,Panlife,Besin Takviyeleri > Takviye Edici Gıdalar > Bitkisel Ürünler,8,1,t,panlife-servi-cupres-yagi-10-ml
8684891230184,,Poblex Silikon Jel Topukluk - Large,Poblex,Sağlık Ve Medikal > Ortopedi Ürünleri > Topukluk,8,1,t,poblex-silikon-jel-topukluk-large
8684891230214,,Poblex Silikon Patik,Poblex,Sağlık Ve Medikal > Medikal & Sağlık Ürünleri,8,1,t,poblex-silikon-patik
8684891230207,,Poblex Silikon Topuk Çorabı,Poblex,Sağlık Ve Medikal > Ortopedi Ürünleri > Varis Çorapları,8,1,t,poblex-silikon-topuk-corabi
8690742332037,,Prosafe Hasta Bezi Textil xLarge 30lu,Prosafe,Sağlık Ve Medikal > Medikal & Sağlık Ürünleri > Hasta Bezi,8,1,t,prosafe-hasta-bezi-textil-xlarge-30lu
8684623001778,,Raid Lavanta Kesesi,Raid,Ev & Yaşam > Oda Kokuları,8,1,t,raid-lavanta-kesesi
8690530057449,,Selpak Bambu  Organik Pamuk Özlü 50’li,Selpak,Anne Bebek > Bebek Bakım > Islak Mendil,8,1,t,selpak-bambu-organik-pamuk-ozlu-50li
8683655308091,,Senkavit Mens Multivitamin ve Multimineral Complex 180 Tablet,Senkavit,Besin Takviyeleri,8,2,t,senkavit-mens-multivitamin-ve-multimineral-complex-180-tablet
850069595883,,Shiniq Enzim Peeling Tozu 55 gr,Shiniq,Cilt Bakım > Vücut Bakım > Vücut Peelingi,8,1,t,shiniq-enzim-peeling-tozu-55-gr
850071952155,,Shiniq Nemlendirici BB Krem SPF30+ Medium 40 ml,Shiniq,Cilt Bakım > Akne Ve Sivilce Ürünleri > Akne Ve Yağlı Cilt Serumları,8,1,t,shiniq-nemlendirici-bb-krem-spf30-medium-40-ml
850071952063,,Shiniq Soothing  Moisturising Eye Contour Cream 15 ml,Shiniq,Cilt Bakım > Akne Ve Sivilce Ürünleri > Akne Ve Yağlı Cilt Serumları,8,1,t,shiniq-soothing-moisturising-eye-contour-cream-15-ml
850071952100,,Shiniq UV Güneş / Normal Karma TT SPF 50 40 ml,Shiniq,Cilt Bakım > Cilt ve İhtiyaç Tipi > Karma Cilt,8,1,t,shiniq-uv-gunes-normal-karma-tt-spf-50-40-ml
33984003705,,Solgar Reduced L-Glutathione 250 mg 30 Kapsül,Solgar,Besin Takviyeleri > Takviye Edici Gıdalar,8,2,t,solgar-l-glutathione-250-mg-reduced-30-kapsul
3401381381523,,SVR Topialyse Barrier Cream 50ml,Svr,Cilt Bakım > Akne Ve Sivilce Ürünleri > Akne Ve Yağlı Cilt Serumları,8,1,t,svr-topialyse-barrier-cream-50ml
3662361000890,,Svr Sebiaclear Active Teinte Bakım Kremi 40 ml,Svr,Cilt Bakım > Akne Ve Sivilce Ürünleri > Akne Ve Yağlı Cilt Serumları,8,1,t,svr-sebiaclear-active-teinte-bakim-kremi-40-ml
8690530069657,,"Uni Baby Soft Care Badem Yağlı Islak Mendil, 90 Adet",Uni Baby,Anne Bebek > Bebek Bakım > Islak Mendil,8,1,t,uni-baby-soft-care-badem-yagli-islak-mendil-90-adet
8682368909052,,Velavit V-Biotin 5000 mg 60 Tablet,Velavit,Besin Takviyeleri > Mineral > Bakır,8,1,t,velavit-v-biotin-5000-mg-60-tablet
8682368909625,,Velavit V-Focus Gummy 60 Gummies,Velavit,Besin Takviyeleri > Takviye Edici Gıdalar > Bitkisel Ürünler,8,1,t,velavit-v-focus-gummy-60-gummies
8699220000666,,Motiflor Drops 10 ml,Abfen,Besin Takviyeleri > Probiyotik & Prebiyotik,7,1,t,motiflor-drops-10-ml
4260491222244,,Ben  Anna Natural Deostick Mint 40 gr,Ben & Anna,Kişisel Bakım > Parfüm & Deodorant & Kozmetik > Erkek Deodorant,7,1,t,ben-anna-natural-deostick-mint-40-gr
8680512630005,,Bioder İntim Jel 200 ml,Bioder,Kişisel Bakım > Kadın Hijyeni > Genital Bölge Temizliği,7,2,t,bioder-hijyenik-intim-yikama-jeli-200-ml
3522932003562,,Caudalie Premier Cru Le Creme Refill Dolum 50 ml,Caudalie,Cilt Bakım > Cilt ve İhtiyaç Tipi > Anti Age - Yaşlanma Karşıtı,7,1,t,caudalie-premier-cru-le-creme-refill-dolum-50-ml
3522930004103,,Caudalie Vinocrush Skin Tint Shade No: 2 30 ml,Caudalie,Cilt Bakım > Akne Ve Sivilce Ürünleri > Akne Ve Yağlı Cilt Serumları,7,1,t,caudalie-vinocrush-skin-tint-shade-no-2-30-ml
6970226431992,,"Ds Plus Coban Bandaj 10 cm x 4,5 m - Yeşil",DS Plus,Sağlık Ve Medikal > Ortopedi Ürünleri > Bandaj,7,1,t,ds-plus-coban-bandaj-10-cm-x-45-m-yesil
8699080227043,,"Ds Plus Coban Bandaj 7,5 cm x 4,5 m - Yeşil",DS Plus,Sağlık Ve Medikal > Ortopedi Ürünleri > Bandaj,7,1,t,ds-plus-coban-bandaj-75-cm-x-45-m-yesil
8682276815100,,Hanymish 510 Mama Kaşığı 3lü Set,Hanymish,Anne Bebek > Bebek Beslenme Ürünleri > Bebek Beslenme Araçları,7,1,t,hanymish-510-mama-kasigi-3lu-set
8682276810105,,Hanymish Tirle Göğüs Pompası,Hanymish,Anne Bebek > Emzirme > Göğüs Pompası,7,1,t,hanymish-tirle-gogus-pompasi
851228005168,,Hurraw Lip Balm Pitta Hindistan Cevizi,Hurraw,Cilt Bakım > Yüz Bakımı > Dudak Bakımı,7,1,t,hurraw-lip-balm-pitta-hindistan-cevizi
8682304243554,,Kiperin Bromelain+Papain 30 Kapsül,Kiperin,Besin Takviyeleri > Takviye Edici Gıdalar > Bromelain,7,2,t,kiperin-bromelain-papain-30-kapsul
8685035174012,,Kiperin Eigrela Kuersetin Kekik Astragalus Çörek Otu Akgünlük 60 Kapsül,Kiperin,Besin Takviyeleri > Takviye Edici Gıdalar > Bitkisel Ürünler,7,2,t,kiperin-eigrela-kuersetin-60-kapsul
3548960030318,,Kolossal Penis Büyütücü Ereksiyon Krem 200 ml,Kolossal,Kişisel Bakım > Cinsel Sağlık > Uzun Gece,7,2,t,kolossal-krem-200ml
8690595227856,,La Roche Posay Hyalu B5 Water Gel 40 ml,La Roche Posay,Cilt Bakım > Cilt ve İhtiyaç Tipi > Karma Cilt,7,1,t,la-roche-posay-hyalu-b5-water-gel-40-ml
8698758944572,,Luxor 215 Halluks Valgus Gündüz Ateli - Bedensiz,Luxor,Sağlık Ve Medikal > Ortopedi Ürünleri > Ayak Bilekliği,7,1,t,luxor-215-halluks-valgus-gunduz-ateli-bedensiz
8698758944046,,Luxor CCL1 Diz Üstü Kapalı Burun Varis Çorabı No: 1 854,Luxor,Sağlık Ve Medikal > Ortopedi Ürünleri > Varis Çorapları,7,1,t,luxor-ccl1-diz-ustu-kapali-burun-varis-corabi-no-1-854
8698758942745,,Luxor Varis Diz Açık Hostes B K 5 843,Luxor,Sağlık Ve Medikal > Ortopedi Ürünleri > Varis Çorapları,7,1,t,luxor-varis-diz-acik-hostes-b-k-5-843
8698758949058,,Luxor Örgü Patella Ligament Destek Dizlik - Medium 104,Luxor,Sağlık Ve Medikal,7,1,t,luxor-orgu-patella-ligament-destek-dizlik-medium-104
8698758944121,,Luxvaris 18-21 mmhg CCL1 Külotlu Burnu Açık Düşük Basınç Varis Çorabı Ten Rengi No: 2 855-02,Luxor,Sağlık Ve Medikal > Ortopedi Ürünleri > Varis Çorapları,7,1,t,luxvaris-18-21-mmhg-ccl1-kulotlu-burnu-acik-dusuk-basinc-varis-corabi-ten-rengi-no-2-855-02
8698758949256,,Luxvaris 807 CCL2 Dizaltı Burnu Kapalı Ten Rengi Varis Çorabı No: 4,Luxor,Sağlık Ve Medikal > Ortopedi Ürünleri > Varis Çorapları,7,1,t,luxvaris-807-ccl2-dizalti-burnu-kapali-ten-rengi-varis-corabi-no-4
8698758944138,,Luxvaris 808 Varis Çorabı Diz Altı Burnu Açık Orta Basınç Ten Rengi No 3,Luxor,Sağlık Ve Medikal > Ortopedi Ürünleri > Varis Çorapları,7,1,t,luxvaris-808-varis-corabi-diz-alti-burnu-acik-orta-basinc-ten-rengi-no-3
8698758943902,,Luxvaris 852 CCL1 Dizaltı Burnu Kapalı Ten Rengi Varis Çorabı No: 1,Luxor,Sağlık Ve Medikal > Ortopedi Ürünleri > Varis Çorapları,7,1,t,luxvaris-852-ccl1-dizalti-burnu-kapali-ten-rengi-varis-corabi-no-1
8698758943995,,Luxvaris 853 CCL1 Dizüstü Burnu Açık Ten Rengi Varis Çorabı No: 3,Luxor,Sağlık Ve Medikal > Ortopedi Ürünleri > Varis Çorapları,7,1,t,luxvaris-853-ccl1-dizustu-burnu-acik-ten-rengi-varis-corabi-no-3
8698758944015,,Luxvaris 853 CCL1 Dizüstü Burnu Açık Ten Rengi Varis Çorabı No: 5,Luxor,Sağlık Ve Medikal > Ortopedi Ürünleri > Varis Çorapları,7,1,t,luxvaris-853-ccl1-dizustu-burnu-acik-ten-rengi-varis-corabi-no-5
8698758944169,,Luxvaris 855 CCL1 Külotlu Burnu Açık Ten Rengi Varis Çorabı No: 6,Luxor,Sağlık Ve Medikal > Ortopedi Ürünleri > Varis Çorapları,7,1,t,luxvaris-855-ccl1-kulotlu-burnu-acik-ten-rengi-varis-corabi-no-6
8698758944084,,Luxvaris Varis Çorabı Dizüstü Burnu Kapalı Ten Rengi No: 5 (CCL1 18-21),Luxor,Sağlık Ve Medikal > Ortopedi Ürünleri > Varis Çorapları,7,1,t,luxvaris-varis-corabi-dizustu-burnu-kapali-ten-rengi-no-5-ccl1-18-21
8699241775567,,Softfine İnsülin İğne Ucu 4mm,Luxor,Kişisel Bakım > Ağız Gargaraları,7,1,t,softfine-insulin-igne-ucu-4mm
8697595873564,,Ocean Enzymes Lactase Damla 20 ml,Ocean,Besin Takviyeleri > Takviye Edici Gıdalar > Bitkisel Ürünler,7,1,t,ocean-enzymes-lactase-damla-20-ml
8697595873809,,Ocean Gummies Multivitamin Adult 60 Çiğnenebilir Jel Form,Ocean,Cilt Bakım > Cilt ve İhtiyaç Tipi > Cilt ve Güzellik Takviyeleri,7,2,t,ocean-gummies-multivitamin-adult-60-yumusak-jel-kapsul
8699245891416,,Otifleks Gama Cep İlaç Kutusu Beyaz 10lu Paket,Otifleks,Sağlık Ve Medikal > Medikal & Sağlık Ürünleri > İlaç Kutuları & Hap Takip Ürünleri,7,1,t,otifleks-gama-cep-ilac-kutusu-beyaz-10lu-paket
8681379100670,,Panlife Palmarosa Yağı 10 ml,Panlife,Besin Takviyeleri > Takviye Edici Gıdalar > Bitkisel Ürünler,7,1,t,panlife-palmarosa-yagi-10-ml
8680067190092,,Miyositol Positive 25 Tablet,Pharma Positive,Besin Takviyeleri > Mineral > Selenyum,7,1,t,miyositol-positive-25-tablet
96178256,,Rayovac 675 Numara İşitme Cihazı Pili 6lı,Rayovac,Sağlık Ve Medikal,7,2,t,rayovac-675-numara-isitme-cihazi-pili-6li
8699592807238,,"Roll Fix Esnek Nonwoven Tıbbi Flaster 2,5 cm x 10 m",Roll,Sağlık Ve Medikal > Medikal & Sağlık Ürünleri > Flaster,7,2,t,roll-fix-esnek-nonwoven-tibbi-flaster-25-cm-x-10-m
850069595906,,Shiniq Ad Atopi Yıkama Yağı 400 ml,Shiniq,Cilt Bakım > Vücut Bakım > Yüz ve Vücut Temizleyicileri,7,1,t,shiniq-ad-atopi-yikama-yagi-400-ml
850077028113,,Shiniq Balancing Anti-Dandruff Shampoo 200 ml,Shiniq,Saç Bakım > Saç Tipi & İhtiyaç > Kepekli Saç,7,1,t,shiniq-balancing-anti-dandruff-shampoo-200-ml
850069595852,,Shiniq Dengeleyici Temizleme Köpüğü 180 ml,Shiniq,Cilt Bakım > Akne Ve Sivilce Ürünleri > Akne Ve Yağlı Cilt Serumları,7,1,t,shiniq-dengeleyici-temizleme-kopugu-180-ml
3662361001880,,SVR Topialyse Gel Lavant 200ml,Svr,Cilt Bakım > Akne Ve Sivilce Ürünleri > Akne Ve Yağlı Cilt Serumları,7,1,t,svr-topialyse-gel-lavant-200ml
3662361003259,,Svr Biotic Göz ve Dudak Çevresi Bakım Kremi 15 ml,Svr,Cilt Bakım > Cilt ve İhtiyaç Tipi > Anti Age - Yaşlanma Karşıtı,7,1,t,svr-biotic-goz-ve-dudak-cevresi-bakim-kremi-15-ml
8680133000607,,Reprodo M 30 Saşe,Tab İlaç,Besin Takviyeleri > Mineral > Selenyum,7,3,t,reprodo-m-30-sase
8680133001925,,Slimda Fit Complex 60 Kapsül 20 Saşe,Tab İlaç,Besin Takviyeleri > Mineral > Krom,7,2,t,slimda-fit-complex-60-kapsul-20-sase
4008496276639,,Varta CR2016 Lithium Pil 3V Tekli,Varta,Sağlık Ve Medikal > Medikal & Sağlık Ürünleri > Pil,7,1,t,varta-cr2016-lithium-pil-3v-tekli
4008496276875,,Varta CR2025 Lithium Pil 3V Tekli,Varta,Sağlık Ve Medikal > Medikal & Sağlık Ürünleri > Pil,7,1,t,varta-cr2025-lithium-pil-3v-tekli
3337875940139,,Vichy Protection Solaire Invisible Hydratante SPF50 UV Aqua 200 ml,Vichy,Güneş Bakım > Vücut Güneş Kremleri > Vücut Güneş Spreyi,7,1,t,vichy-protection-solaire-invisible-hydratante-spf50-uv-aqua-200-ml
8680434326932,,Artımed Kinesiyoloji Bandı Yeşil 5*5 Metre,Artımed,Sağlık Ve Medikal > Medikal & Sağlık Ürünleri > Kinesioloji Bantları,6,1,t,artimed-kinesiyoloji-bandi-yesil-55-metre
8699708151767,,Lacmix 60 Kapsül,Assos İlaç,Besin Takviyeleri > Mineral > Bakır,6,2,t,assos-lacmix-60-kapsul
8437011329813,,Babe Pediatrik Nemlendirici Vücut Losyonu 100 ml,Babe,Anne Bebek > Bebek Bakım > Bebek Kremi,6,1,t,babe-pediatrik-nemlendirici-vucut-losyonu-100-ml
8681701009176,,Bebak Bronzlaştırıcı Güneş Sütü 215 ml,Bebak,Güneş Bakım > Bronzlaştırıcı > Bronzlaştırıcı Krem,6,1,t,bebak-bronzlastirici-gunes-sutu-215-ml
8681105980330,,Bioil Aynısefa Yağı 20 ml,Bioil,Cilt Bakım > Vücut Bakım > Vücut Yağı,6,1,t,bioil-aynisefa-yagi-20-ml
8681105980347,,Bioil Buğday Yağı 20ml,Bioil,Cilt Bakım > Vücut Bakım > Vücut Yağı,6,1,t,bioil-bugday-yagi-20ml
8681105980897,,Bioil Kudret Narı Yağı 20 ml,Bioil,Cilt Bakım > Vücut Bakım > Vücut Yağı,6,1,t,bioil-kudret-nari-yagi-20-ml
8681105980606,,Bioil Pelesenk Yağı 20ml,Bioil,Cilt Bakım > Cilt ve İhtiyaç Tipi > Gözenek Sıkılaştırıcı,6,1,t,bioil-pelesenk-yagi-20ml
8681105980064,,Bioil Susam Yağı 20 ml,Bioil,Cilt Bakım > Vücut Bakım > Vücut Nemlendirici,6,1,t,bioil-susam-yagi-20-ml
8681105980521,,Bioil Üzüm Çekirdeği Yağı 20 ml,Bioil,Cilt Bakım > Vücut Bakım > Vücut Yağı,6,1,t,bioil-uzum-cekirdegi-yagi-20-ml
8690742310486,,Canped Belbantlı Hasta Bezi xSmall 30lu,Canped,Sağlık Ve Medikal > Medikal & Sağlık Ürünleri > Hasta Bezi,6,1,t,canped-belbantli-hasta-bezi-xsmall-30lu
8699512849041,,Capila Kükürtlü Sabun 90 gr,Capila,Cilt Bakım > Cilt ve İhtiyaç Tipi > Yağlı Cilt,6,1,t,capila-kukurtlu-sabun-90-gr
3522930004257,,Caudalie Resveratrol Lift Firming Night Cream 50 ml,Caudalie,Cilt Bakım > Cilt ve İhtiyaç Tipi > Anti Age - Yaşlanma Karşıtı,6,1,t,caudalie-resveratrol-lift-firming-night-cream-50-ml
3522930004127,,Caudalie Vinocrush Skin Tint Shade 4 - Ton 4 Cream 30 ml,Caudalie,Cilt Bakım > Akne Ve Sivilce Ürünleri > Akne Ve Yağlı Cilt Serumları,6,1,t,caudalie-vinocrush-skin-tint-shade-4-ton-4-cream-30-ml
3522930005001,,Caudalie Vinopure Blemish Control Salicylic Serum 30 ml,Caudalie,Cilt Bakım > Cilt ve İhtiyaç Tipi > Karma Cilt,6,1,t,caudalie-vinopure-blemish-control-salicylic-serum-30-ml
3522930003632,,Caudalie Vinotherapist Hyaluronic Nourishing Body Lotion 200 ml,Caudalie,Cilt Bakım > Cilt ve İhtiyaç Tipi > Normal Cilt,6,1,t,caudalie-vinotherapist-hyaluronic-nourishing-body-lotion-200-ml
8699080226985,,"DS Plus Coban Bandaj 7,5 cm x 4,5 m - Ten Rengi",DS Plus,Sağlık Ve Medikal > Ortopedi Ürünleri > Bandaj,6,1,t,ds-plus-coban-bandaj-75-cm-x-45-m-ten-rengi
8699956000053,,Dermolife Babys Göbek Bakım Seti,Deniz Pharma,Cilt Bakım > Cilt ve İhtiyaç Tipi > Cilt Bakım Setleri,6,1,t,dermolife-babys-gobek-bakim-seti
851228005250,,Hurraw Lip Balm Baobab Muz,Hurraw,Cilt Bakım > Yüz Bakımı > Dudak Bakımı,6,1,t,hurraw-lip-balm-baobab-muz
851228005069,,Hurraw Lip Balm Earl Grey,Hurraw,Cilt Bakım > Yüz Bakımı > Dudak Bakımı,6,1,t,hurraw-lip-balm-earl-grey
851228005076,,Hurraw Lip Balm Grapefruit,Hurraw,Cilt Bakım > Yüz Bakımı > Dudak Bakımı,6,1,t,hurraw-lip-balm-grapefruit
8684382997466,,"Kuteks Med Kağıt Flaster 1,25 cm x 5m",Kuteks,Sağlık Ve Medikal > Medikal & Sağlık Ürünleri > Flaster,6,1,t,kuteks-med-kagit-flaster-125-cm-x-5m
8680133001963,,Lectus Multivitamin Mutlimineral Şurup 200 ml,Lectus,Besin Takviyeleri > Mineral > Krom,6,1,t,lectus-multivitamin-mutlimineral-surup-200-ml
8683675618071,,Leeroy Compleks B Vitamini 120 Tablet,LeeRoy,Besin Takviyeleri > Takviye Edici Gıdalar > Folik Asit,6,2,t,leeroy-compleks-b-vitamini-120-tablet
8698758943834,,Luxor 851 CCL1 Dizaltı Burnu Açık Varis Çorabı Ten Rengi No: 1,Luxor,Sağlık Ve Medikal > Ortopedi Ürünleri > Varis Çorapları,6,1,t,luxor-851-ccl1-dizalti-burnu-acik-varis-corabi-ten-rengi-no-1
8698758944428,,Luxor Ağrı Bandı 5x5 - Ten,Luxor,Sağlık Ve Medikal > Medikal & Sağlık Ürünleri > Kinesioloji Bantları,6,1,t,luxor-agri-bandi-5x5-ten
8698758944756,,Luxor Mallet Finger Parmak Ateli No: 5 - 523,Luxor,Sağlık Ve Medikal > Ortopedi Ürünleri > Parmak Atelleri,6,1,t,luxor-mallet-finger-parmak-ateli-no-5-523
8698758942691,,Luxor Seyahat Varis Çorabı Dizaltı Burnu Kapalı Siyah 18-23 mmhg No: 5,Luxor,Sağlık Ve Medikal > Ortopedi Ürünleri > Varis Çorapları,6,1,t,luxor-seyahat-varis-corabi-dizalti-burnu-kapali-siyah-18-23-mmhg-no-5
8698758949737,,Luxor Örgü Patella Destek Dizlik - Large 103,Luxor,Sağlık Ve Medikal > Ortopedi Ürünleri > Dizlik,6,1,t,luxor-orgu-patella-destek-dizlik-large-103
8698758944176,,Luxvaris 18-21 mmhg CCL1 Külotlu Burnu Açık Düşük Basınç Varis Çorabı Ten Rengi No: 7 855-07,Luxor,Sağlık Ve Medikal > Ortopedi Ürünleri > Varis Çorapları,6,1,t,luxvaris-18-21-mmhg-ccl1-kulotlu-burnu-acik-dusuk-basinc-varis-corabi-ten-rengi-no-7-855-07
8698758943896,,Luxvaris 851 CCL1 Dizaltı Burnu Açık Ten Rengi Varis Çorabı No: 7,Luxor,Sağlık Ve Medikal > Ortopedi Ürünleri > Varis Çorapları,6,1,t,luxvaris-851-ccl1-dizalti-burnu-acik-ten-rengi-varis-corabi-no-7
8699273570819,,Plentyfert For Man 90 Tablet,Mnc İlaç,Besin Takviyeleri > Mineral > Magnezyum,6,1,t,plentyfert-for-man-90-tablet
8680645531255,,NBT Life Gummymag Kids Magnezyum Vitamin B6 K2 D3 İçeren 60 Gummy,Nbt Life,Besin Takviyeleri > Mineral > Magnezyum,6,2,t,nbt-life-gummy-mag-kids-magnezyum-60-gummies
8680512605522,,Nutraxin Propolis Boğaz Spreyi 30 ml,Nutraxin,Besin Takviyeleri > Takviye Edici Gıdalar > Ağız & Boğaz Spreyi,6,2,t,nutraxin-propolis-bogaz-spreyi-30-ml
3264680043475,,Nuxe Very Rose Hassas Temizleme Yağı 150 ml,Nuxe,Cilt Bakım > Akne Ve Sivilce Ürünleri > Akne Ve Yağlı Cilt Serumları,6,1,t,nuxe-very-rose-hassas-temizleme-yagi-150-ml
3264680043390,,Nuxe Very Rose Temizleme Sütü 200 ml,Nuxe,Cilt Bakım > Akne Ve Sivilce Ürünleri > Akne Ve Yağlı Cilt Serumları,6,1,t,nuxe-very-rose-temizleme-sutu-200-ml
4015672112865,,Omron Complete HEM-7530T Tansiyon Aleti + EKG Cihazı,Omron,Sağlık Ve Medikal > Medikal & Sağlık Ürünleri > Tansiyon Aleti,6,2,t,omron-complete-hem-7530t-tansiyon-aleti-ekg-cihazi
8680133000959,,Osende Vitamin D3 K2 Damla 20 ml,Osende,Besin Takviyeleri > Takviye Edici Gıdalar > Bağışıklık Sistemi,6,2,t,osende-d3k2-20-ml-damla
8699512012148,,Otacı Botanics Onarıcı ve Güçlendirici Bitkisel Saç Bakım Maskesi 200 ml,Otacı,Saç Bakım > Saç Bakım Ürünleri & Saç Vitaminleri > Saç Maskesi,6,1,t,otaci-botanics-onarici-ve-guclendirici-bitkisel-sac-bakim-maskesi-200-ml
5900717164017,,Pharmaceris A Sensirineal Regenerating Anti-Wrinkle SPF10 30 ml,Pharmaceris,Cilt Bakım,6,1,t,pharmaceris-a-sensirineal-regenerating-anti-wrinkle-spf10-30-ml
8684891230160,,Poblex Silikon Jel Topukluk - Small,Poblex,Sağlık Ve Medikal > Ortopedi Ürünleri > Topukluk,6,1,t,poblex-silikon-jel-topukluk-small
8684891230153,,Poblex Yapışkanlı Silikon Jel Topukluk - Kadın,Poblex,Sağlık Ve Medikal > Ortopedi Ürünleri > Topukluk,6,1,t,poblex-yapiskanli-silikon-jel-topukluk-kadin
850071952087,,Shiniq Anti-Redness Intense Care Serum 50 ml,Shiniq,Cilt Bakım > Akne Ve Sivilce Ürünleri > Akne Ve Yağlı Cilt Serumları,6,1,t,shiniq-anti-redness-intense-care-serum-50-ml
850069595876,,Shiniq Dengeleyici Tonik 200 ml,Shiniq,Cilt Bakım > Akne Ve Sivilce Ürünleri > Akne Ve Yağlı Cilt Serumları,6,1,t,shiniq-dengeleyici-tonik-200-ml
850071952162,,Shiniq Nemlendirici BB Krem SPF30+ Light 40 ml,Shiniq,Güneş Bakım > Yüz Güneş Kremi > Hassas Ciltler İçin Güneş Kremi,6,1,t,shiniq-nemlendirici-bb-krem-spf30-light-40-ml
850071952001,,Shiniq Soothing Anti-Imperfection Expert 40 ml,Shiniq,Cilt Bakım > Cilt ve İhtiyaç Tipi > Lekeli Cilt,6,1,t,shiniq-soothing-anti-imperfection-expert-40-ml
850069595838,,Shiniq UV Güneş / Kuru Cilt  TT SPF50 40 ml,Shiniq,Cilt Bakım > Cilt ve İhtiyaç Tipi > Yağlı Cilt,6,1,t,shiniq-uv-gunes-kuru-cilt-tt-spf50-40-ml
850071952056,,Shiniq Ultra Repairing Protective Cream SPF50+ 40 ml,Shiniq,Güneş Bakım > Yüz Güneş Kremi > Hassas Ciltler İçin Güneş Kremi,6,1,t,shiniq-ultra-repairing-protective-cream-spf50-40-ml
3662361005253,,SVR C20 Biotic Fluide 30 ml,Svr,Cilt Bakım > Cilt ve İhtiyaç Tipi > Anti Age - Yaşlanma Karşıtı,6,1,t,svr-c20-biotic-fluide-30-ml
3662361005567,,SVR Xerial Peeling Etkili Temizleme Jeli 400 ml,Svr,Cilt Bakım > Akne Ve Sivilce Ürünleri > Akne Ve Yağlı Cilt Serumları,6,1,t,svr-xerial-peeling-etkili-temizleme-jeli-400-ml
3662361003150,,Svr Sunsecure Blur Sans Parfum Spf50+ Güneş Kremi 50 ml,Svr,Güneş Bakım > Yüz Güneş Kremi > Hassas Ciltler İçin Güneş Kremi,6,1,t,svr-sunsecure-blur-sans-parfum-spf50-gunes-kremi-50-ml
8680131757640,,Venatura L-Glutamin 30 Saşe,VeNatura,Besin Takviyeleri > Takviye Edici Gıdalar > Amino Asitler,6,2,t,venatura-l-glutamin-30-sase
8683229901284,,Venatura Zencefil Ekstresi 60 Tablet,VeNatura,Besin Takviyeleri > Takviye Edici Gıdalar > Bitkisel Ürünler,6,2,t,venatura-zencefil-ekstresi-60-tablet
8699220000895,,ALENISTA AFTER SUN VUCUT LOS 150 ML,Abfen,Cilt Bakım > Vücut Bakım > Vücut Losyonu,5,1,t,alenista-after-sun-vucut-los-150-ml
8699220000758,,Alenista Güneş Kremi SPF50 100 ml,Abfen,Güneş Bakım > Yüz Güneş Kremi > Normal Ciltler İçin Güneş Kremi,5,1,t,alenista-gunes-kremi-spf50-100-ml
8699708151972,,Assostinex 100 Kapsül,Assos İlaç,Besin Takviyeleri > Takviye Edici Gıdalar > Bitkisel Ürünler,5,1,t,assostinex-100-kapsul
8699708091698,,Premesis Plus 60 Tablet,Assos İlaç,Besin Takviyeleri > Vitamin > B Vitamini,5,1,t,premesis-plus-60-tablet
8681285100627,,B-Good Esnek Tıbbi Flaster 10m x 10cm,B-Good,Sağlık Ve Medikal > Medikal & Sağlık Ürünleri > Flaster,5,2,t,b-good-esnek-tibbi-flaster-10m-x-10cm
8681285102706,,B-Good Hazır Pansuman Örtü Su Geçirmez 9x25 cm 5li,B-Good,Sağlık Ve Medikal > Medikal & Sağlık Ürünleri > Medikal Sarf Ürünleri,5,2,t,b-good-hazir-pansuman-ortu-su-gecirmez-9x25-cm-5li
8681105980576,,Bioil Anason Yağı 20 ml,Bioil,Cilt Bakım > Vücut Bakım > Vücut Yağı,5,1,t,bioil-anason-yagi-20-ml
8681105980644,,Bioil Aspir Yağı 20 ml,Bioil,Cilt Bakım > Vücut Bakım > Vücut Yağı,5,1,t,bioil-aspir-yagi-20-ml
8681105980309,,Bioil Avokado Yağı 20 ml,Bioil,Cilt Bakım > Vücut Bakım > Vücut Yağı,5,1,t,bioil-avokado-yagi-20-ml
8681105980415,,Bioil Havuç Tohumu Yağı 20 ml,Bioil,Cilt Bakım > Vücut Bakım > Vücut Yağı,5,1,t,bioil-havuc-tohumu-yagi-20-ml
8681105980453,,Bioil Isırgan Tohumu Yağı 20 ml,Bioil,Cilt Bakım > Vücut Bakım > Vücut Yağı,5,1,t,bioil-isirgan-tohumu-yagi-20-ml
8681105980491,,Bioil Keten Yağı 20 ml,Bioil,Cilt Bakım > Vücut Bakım > Vücut Yağı,5,1,t,bioil-keten-yagi-20-ml
8681105980514,,Bioil Papatya Yağı 20 ml,Bioil,Cilt Bakım > Vücut Bakım > Vücut Yağı,5,1,t,bioil-papatya-yagi-20-ml
8681105980286,,Bioil Portakal Yağı 20ml,Bioil,Cilt Bakım > Vücut Bakım > Vücut Yağı,5,1,t,bioil-portakal-yagi-20ml
8681105980651,,Bioil Tarçın Yağı 20 ml,Bioil,Cilt Bakım > Akne Ve Sivilce Ürünleri > Akne Ve Yağlı Cilt Serumları,5,1,t,bioil-tarcin-yagi-20-ml
8681105980378,,Bioil Çilek Aroması Yağı 20 ml,Bioil,Cilt Bakım > Vücut Bakım > Vücut Yağı,5,1,t,bioil-cilek-aromasi-yagi-20-ml
8690742330958,,Canped Emici Külot Küçük (S) 9’lu,Canped,Kişisel Bakım > Kadın Hijyeni > Tampon,5,1,t,canped-emici-kulot-kucuk-s-9lu
3522930003878,,Caudalie Fleur De Vigne Fresh Fragrance Üzüm Çiçeği Aromalı Parfüm 50 ml,Caudalie,Kişisel Bakım > Parfüm & Deodorant & Kozmetik > Kadın Deodorant > Kadın Parfüm,5,1,t,caudalie-fleur-de-vigne-fresh-fragrance-uzum-cicegi-aromali-parfum-50-ml
3522930004172,,Caudalie Soleil Des Vignes Oil Elixir 100 ml,Caudalie,Cilt Bakım > Akne Ve Sivilce Ürünleri > Akne Ve Yağlı Cilt Serumları,5,1,t,caudalie-soleil-des-vignes-oil-elixir-100-ml
3522930004110,,Caudalie Vinocrush Skin Tint Shade No:3 30 ml,Caudalie,Cilt Bakım > Akne Ve Sivilce Ürünleri > Akne Ve Yağlı Cilt Serumları,5,1,t,caudalie-vinocrush-skin-tint-shade-no3-30-ml
3522930004295,,Caudalie Vinocrush Skin Tint Shade No:5 30 ml,Caudalie,Cilt Bakım > Akne Ve Sivilce Ürünleri > Akne Ve Yağlı Cilt Serumları,5,1,t,caudalie-vinocrush-skin-tint-shade-no5-30-ml
3522930004653,,Caudalie Vinoperfect Dark Spot Correcting Glycolic Night Refill 50 ml,Caudalie,Cilt Bakım > Yüz Bakımı > Yüz Bakım Aletleri,5,1,t,caudalie-vinoperfect-dark-spot-correcting-glycolic-night-refill-50-ml
3522930003625,,Caudalie Vinotherapist Vegan Vücut Balmı 250 ml,Caudalie,Cilt Bakım > Cilt ve İhtiyaç Tipi > Kuru Cilt,5,1,t,caudalie-vinotherapist-vegan-vucut-balmi-250-ml
8699080227012,,"Ds Plus Coban Bandaj 7,5 cm x 4,5 m - Mavi",DS Plus,Sağlık Ve Medikal > Ortopedi Ürünleri > Bandaj,5,1,t,ds-plus-coban-bandaj-75-cm-x-45-m-mavi
8682276816541,,Hanymish 654 Yenidoğan Pp Hediye Seti 5li - Pembe,Hanymish,Anne Bebek > Bebek Bakım,5,1,t,hanymish-654-yenidogan-pp-hediye-seti-5li-pembe
851228005038,,Hurraw Chocolate Lip Balm Dudak Nemlendiricisi,Hurraw,Cilt Bakım > Yüz Bakımı > Dudak Bakımı,5,1,t,hurraw-chocolate-lip-balm-dudak-nemlendiricisi
851228005052,,Hurraw Lip Balm Coffee Bean,Hurraw,Cilt Bakım > Yüz Bakımı > Dudak Bakımı,5,1,t,hurraw-lip-balm-coffee-bean
851228005120,,Hurraw Lip Balm Lime,Hurraw,Cilt Bakım > Yüz Bakımı > Dudak Bakımı,5,1,t,hurraw-lip-balm-lime
8693283080054,,Kuteks Yün Korse No: 5,Kuteks,Sağlık Ve Medikal > Ortopedi Ürünleri > Korse,5,1,t,kuteks-yun-korse-no-5
3337875909303,,La Roche Posay Effaclar Duo (M) Lıght 40 ml,La Roche Posay,Cilt Bakım > Akne Ve Sivilce Ürünleri > Akne Ve Yağlı Cilt Serumları,5,1,t,la-roche-posay-effaclar-duo-m-light-40-ml
5060420234381,,Lansinoh Başlangıç Biberon Seti,Lansinoh,Anne Bebek > Bebek Beslenme Ürünleri > Emzik,5,1,t,lansinoh-baslangic-biberon-seti
8698758946026,,Luxor 704 Nelson Boyunluk 36-38 cm No: 2,Luxor,Sağlık Ve Medikal > Ortopedi Ürünleri > Boyunluk,5,1,t,luxor-704-nelson-boyunluk-36-38-cm-no-2
8698758949386,,Luxor 808 CCL2 Dizaltı Burnu Açık Varis Çorabı Ten Rengi No: 2,Luxor,Sağlık Ve Medikal > Ortopedi Ürünleri > Varis Çorapları,5,1,t,luxor-808-ccl2-dizalti-burnu-acik-varis-corabi-ten-rengi-no-2
8698758949294,,Luxor 810 CCL2 Orta Basınçlı Dizüstü Burnu Açık Varis Çorabı Ten Rengi No: 3,Luxor,Sağlık Ve Medikal > Ortopedi Ürünleri > Varis Çorapları,5,1,t,luxor-810-ccl2-orta-basincli-dizustu-burnu-acik-varis-corabi-ten-rengi-no-3
8698758943964,,Luxor 852 CCL1 Diz Altı Burnu Kapalı Varis Çorabı Ten Rengi 18-21 mmhg No: 7,Luxor,Sağlık Ve Medikal > Ortopedi Ürünleri > Varis Çorapları,5,1,t,luxor-852-ccl1-diz-alti-burnu-kapali-varis-corabi-ten-rengi-18-21-mmhg-no-7
8698758944053,,Luxor 854 Ccl1 Dizüstü Burnu Kapalı Varis Çorabı No:2 - Ten Rengi,Luxor,Sağlık Ve Medikal > Ortopedi Ürünleri > Varis Çorapları,5,1,t,luxor-854-ccl1-dizustu-burnu-kapali-varis-corabi-no2-ten-rengi
8698758944091,,Luxor 854 Ccl1 Dizüstü Burnu Kapalı Varis Çorabı No:6 - Ten Rengi,Luxor,Sağlık Ve Medikal > Ortopedi Ürünleri > Varis Çorapları,5,1,t,luxor-854-ccl1-dizustu-burnu-kapali-varis-corabi-no6-ten-rengi
8698758949720,,Luxor Örgü Patella Destek Dizlik- Medium 103,Luxor,Sağlık Ve Medikal > Ortopedi Ürünleri > Dizlik,5,1,t,luxor-orgu-patella-destek-dizlik-medium-103
8698758949201,,Luxor Örgü Silikon Ped Destek Dirsekli - xxLarge - 106,Luxor,Sağlık Ve Medikal > Ortopedi Ürünleri > Dirseklik,5,1,t,luxor-orgu-silikon-ped-destek-dirsekli-xxlarge-106
8699789004259,,Cartia Plus 30 Tablet,Mega Farma,Besin Takviyeleri > Takviye Edici Gıdalar > Bromelain,5,2,t,cartia-plus-30-tablet
850077028151,,NaturalNest Funny Multi  Defence Gummies 36 Paket,NaturalNest,Besin Takviyeleri > Mineral > Çinko,5,1,t,naturalnest-funny-multi-defence-gummies-36-paket
8685185013001,,Octabrush Soft Diş Fırçası,Octabrush,Kişisel Bakım > Diş Fırçası > Yumuşak Diş Fırçası,5,1,t,octabrush-soft-dis-fircasi
8699245891423,,Otifleks Gama Haftalık İlaç Kutusu Beyaz 10lu Paket,Otifleks,Sağlık Ve Medikal > Medikal & Sağlık Ürünleri > İlaç Kutuları & Hap Takip Ürünleri,5,1,t,otifleks-gama-haftalik-ilac-kutusu-beyaz-10lu-paket
8684468262358,,Prodoctor Erken Gebelik Testi,Prodoctor,Kişisel Bakım > Cinsel Sağlık > Gebelik Testi,5,1,t,prodoctor-erken-gebelik-testi
96178287,,Rayovac 10 Numara İşitme Cihazı Pili 6lı,Rayovac,Sağlık Ve Medikal > Medikal & Sağlık Ürünleri > İşitme Cihazı Pilleri,5,1,t,rayovac-10-numara-isitme-cihazi-pili-6li
850069595937,,Shiniq Ad Atopi Tırnak El Kremi 40 ML,Shiniq,Kişisel Bakım > El & Ayak Bakımı > El Kremi,5,1,t,shiniq-ad-atopi-tirnak-el-kremi-40-ml
850069595944,,Shiniq Ad Care Göz Kapağı Bakım Kremi 15 ml,Shiniq,Cilt Bakım > Yüz Bakımı > Göz Bakımı,5,1,t,shiniq-ad-care-goz-kapagi-bakim-kremi-15-ml
850069595845,,Shiniq Dengeleyici Temizleme Jeli 400 ml,Shiniq,Cilt Bakım > Akne Ve Sivilce Ürünleri > Akne Ve Yağlı Cilt Serumları,5,1,t,shiniq-dengeleyici-temizleme-jeli-400-ml
850071952209,,Shiniq Light Moisturizing Cream 50 ml,Shiniq,Cilt Bakım > Cilt ve İhtiyaç Tipi > Nemlendirme,5,1,t,shiniq-light-moisturizing-cream-50-ml
850071952148,,Shiniq Mineral Filtreli Güneş Koruyucu Krem SPF 30+ 100ML,Shiniq,Güneş Bakım > Mineral Güneş Kremleri,5,1,t,shiniq-mineral-filtreli-gunes-koruyucu-krem-spf-30-100ml
850069595951,,Shiniq Soothing Cream 40 ml,Shiniq,Cilt Bakım > Akne Ve Sivilce Ürünleri > Akne Ve Yağlı Cilt Serumları,5,1,t,shiniq-soothing-cream-40-ml
33984014787,,Solgar Soya İsoflavones 30 Tablet,Solgar,Besin Takviyeleri > Takviye Edici Gıdalar > Bitkisel Ürünler,5,2,t,solgar-soya-isoflavones-30-tablet
3331300097221,,Sterimar Deniz Suyu Burun Spreyi 50 ml,Sterimar,Sağlık Ve Medikal > Medikal & Sağlık Ürünleri > Burun Spreyi,5,2,t,sterimar-deniz-suyu-burun-spreyi-50-ml
8693203013681,,Stop Filtreli Ağızlık 25li Slim,Stop,Ev & Yaşam > Sigara Aksesuarları > Sigara Ağızlığı,5,1,t,stop-filtreli-agizlik-25li-slim
3662361004294,,SVR C20 Biotic Regenerating Radiance Cream 50 ML,Svr,Cilt Bakım > Akne Ve Sivilce Ürünleri > Akne Ve Yağlı Cilt Serumları,5,1,t,svr-c20-biotic-regenerating-radiance-cream-50-ml
3662361000999,,SVR Clairial Kahverengi Lekeler İçin Gece Peelingi 50 ml,Svr,Cilt Bakım > Akne Ve Sivilce Ürünleri > Akne Ve Yağlı Cilt Serumları,5,1,t,svr-clairial-kahverengi-lekeler-icin-gece-peelingi-50-ml
3401360167902,,SVR Sensifine Ar Eau Micellaire 400ml,Svr,Cilt Bakım > Akne Ve Sivilce Ürünleri > Akne Ve Yağlı Cilt Serumları,5,1,t,svr-sensifine-ar-eau-micellaire-400ml
3662361004089,,Svr A Ampoule Lift Serum 30 ml,Svr,Cilt Bakım > Cilt ve İhtiyaç Tipi > Anti Age - Yaşlanma Karşıtı,5,1,t,svr-a-ampoule-lift-serum-30-ml
3662361001217,,Svr Ampoule Refresh Smoothing Toning Eye Concentrate 15 ml,Svr,Cilt Bakım > Cilt ve İhtiyaç Tipi > Anti Age - Yaşlanma Karşıtı,5,1,t,svr-ampoule-refresh-smoothing-toning-eye-concentrate-15-ml
3662361004331,,Svr Collagen Biotic Sıkılaştırıcı Kolajen Bakım Kremi 50 ml,Svr,Cilt Bakım > Cilt ve İhtiyaç Tipi > Anti Age - Yaşlanma Karşıtı,5,1,t,svr-collagen-biotic-sikilastirici-kolajen-bakim-kremi-50-ml
3662361004300,,Svr Hyalu Biotic Smoothing Plumping Gel 50 ml,Svr,Cilt Bakım > Cilt ve İhtiyaç Tipi > Anti Age - Yaşlanma Karşıtı,5,1,t,svr-hyalu-biotic-smoothing-plumping-gel-50-ml
3662361003297,,Svr Hydraliane Creme Riche Yoğun Nemlendirici Krem 50 ml,Svr,Cilt Bakım > Akne Ve Sivilce Ürünleri > Akne Ve Yağlı Cilt Serumları,5,1,t,svr-hydraliane-creme-riche-yogun-nemlendirici-krem-50-ml
3662361004553,,Svr Lait Corps Clairial Unifying Correcting 24H Moisturising 200 ml,Svr,Cilt Bakım > Akne Ve Sivilce Ürünleri > Akne Ve Yağlı Cilt Serumları,5,1,t,svr-lait-corps-clairial-unifying-correcting-24h-moisturising-200-ml
3662361002726,,Svr Sebiaclear Mat+Pores Cream 40ml,Svr,Cilt Bakım > Akne Ve Sivilce Ürünleri > Akne Ve Yağlı Cilt Serumları,5,1,t,svr-sebiaclear-matpores-cream-40ml
3662361003396,,Svr Sebiaclear Yüz Temizleyici Jel 200 ml,Svr,Cilt Bakım > Akne Ve Sivilce Ürünleri > Akne Ve Yağlı Cilt Serumları,5,1,t,svr-sebiaclear-yuz-temizleyici-jel-200-ml
3662361004591,,Svr Sensifine Cleansing Soothing Balm 200 Gr,Svr,Cilt Bakım > Akne Ve Sivilce Ürünleri > Akne Ve Yağlı Cilt Serumları,5,1,t,svr-sensifine-cleansing-soothing-balm-200-gr
3401360084063,,Svr Sensifine Dermo Nettoyant 400ml,Svr,Cilt Bakım > Akne Ve Sivilce Ürünleri > Akne Ve Yağlı Cilt Serumları,5,1,t,svr-sensifine-dermo-nettoyant-400ml
8680133003417,,Tab Vitamins Jump Takviye Edici Gıda 30 Saşe,Tab İlaç,Besin Takviyeleri > Mineral > Çinko,5,3,t,tabvitamins-jump-30-sase
8683229901390,,Venatura Lipozomal Kuersetin 30 Kapsül,VeNatura,Besin Takviyeleri > Vitamin > Quercetin,5,1,t,venatura-lipozomal-kuersetin-30-kapsul
8682368909618,,Velavit V-Happy Kids Gummy 60 Gummies,Velavit,Besin Takviyeleri > Mineral > Çinko,5,1,t,velavit-v-happy-kids-gummy-60-gummies
3337875930611,,Vichy Neovadiol Longevity Revolumizing Cream 50 ml,Vichy,Cilt Bakım > Cilt ve İhtiyaç Tipi > Gözenek Sıkılaştırıcı,5,1,t,vichy-neovadiol-longevity-revolumizing-cream-50-ml
8681285100979,,B Good Şeffaf Pe Flaster 5m x 2.5cm,B-Good,Sağlık Ve Medikal > Medikal & Sağlık Ürünleri > Flaster,4,2,t,b-good-seffaf-pe-flaster-5m-x-25cm
8680461201295,,Beauty Collection Sensitive Yüz Bakim Kremi 50 ml,Beauty Collection,Cilt Bakım > Akne Ve Sivilce Ürünleri > Akne Ve Yağlı Cilt Serumları,4,1,t,beauty-collection-sensitive-yuz-bakim-kremi-50-ml
8690797103255,,Bebsi Mini Pp Alıstırma Bardagı 30Ml (325),Bebsi,Anne Bebek > Bebek Beslenme Ürünleri > Bebek Beslenme Araçları,4,1,t,bebsi-mini-pp-alistirma-bardagi-30ml-325
8681105980354,,Bioil Ceviz Yağı 20ml,Bioil,Cilt Bakım > Vücut Bakım > Vücut Yağı,4,1,t,bioil-ceviz-yagi-20ml
8681105980200,,Bioil Tatlıbadem Yağı 250 ml,Bioil,Cilt Bakım > Vücut Bakım > Vücut Nemlendirici,4,1,t,bioil-tatlibadem-yagi-250-ml
8690742332242,,Canped Emici Külot XL 7’li,Canped,Kişisel Bakım > Kadın Hijyeni > Tampon,4,1,t,canped-emici-kulot-xl-7li
3522930003199,,Caudalie Beauty Elixir Güzellik İksiri Sprey 100 ml,Caudalie,Cilt Bakım > Cilt ve İhtiyaç Tipi > Cilt ve Güzellik Takviyeleri,4,1,t,caudalie-beauty-elixir-guzellik-iksiri-sprey-100-ml
8691685026410,,Eyüp Sabri Tuncer Bodrum Mandalinası Kolonyası Pet Şişe 100 ml,Eyüp Sabri Tuncer,Ev & Yaşam > Ev & Yaşam Ürünleri > Kolonya,4,1,t,eyup-sabri-tuncer-bodrum-mandalinasi-kolonyasi-pet-sise-100-ml
m8682276817272,,Hanymish 727 Bebek Çıngırağı - Mavi,Hanymish,Anne Bebek > Bebek Bakım > Bebek Aksesuar,4,1,t,hanymish-727-bebek-cingiragi-mavi
8682276811058,,Hanymish Happy Damaklı Emzik No: 3,Hanymish,Anne Bebek > Bebek Beslenme Ürünleri > Emzik,4,1,t,hanymish-happy-damakli-emzik-no-3
8699592810276,,Kurmed Fix Flaster 15cm x 10m,Kurmed,Sağlık Ve Medikal > Medikal & Sağlık Ürünleri > Flaster,4,1,t,kurmed-fix-flaster-15cm-x-10m
8698758944404,,Luxcare Termo Jel Sıcak-Soğuk Kompres L 26 x 37 cm,Luxor,Sağlık Ve Medikal > Medikal & Sağlık Ürünleri > Sıcak Soğuk Kompres,4,1,t,luxcare-termo-jel-sicak-soguk-kompres-l-26-x-37-cm
8698758949218,,Luxor 107 Örgü Lumbosacral Korse - Small,Luxor,Sağlık Ve Medikal > Ortopedi Ürünleri > Korse,4,1,t,luxor-107-orgu-lumbosacral-korse-small
8698758949287,,Luxor 810 CCL2 Orta Basınçlı Dizüstü Burnu Açık Varis Çorabı Ten Rengi No: 2,Luxor,Sağlık Ve Medikal > Ortopedi Ürünleri > Varis Çorapları,4,1,t,luxor-810-ccl2-orta-basincli-dizustu-burnu-acik-varis-corabi-ten-rengi-no-2
8698758945289,,Luxor Ark Destekli Silikon Tabanlık - Large - 602,Luxor,Sağlık Ve Medikal > Ortopedi Ürünleri > Tabanlık,4,1,t,luxor-ark-destekli-silikon-tabanlik-large-602
8698758949706,,Luxor Örgü Lumcosacral Korse - xxLarge 107,Luxor,Sağlık Ve Medikal > Ortopedi Ürünleri > Korse,4,1,t,luxor-orgu-lumcosacral-korse-xxlarge-107
8698758949140,,Luxor Örgü Silikon Ped Destek Ayak Bilekliği - xxLarge 105,Luxor,Sağlık Ve Medikal > Ortopedi Ürünleri > Ayak Bilekliği,4,1,t,luxor-orgu-silikon-ped-destek-ayak-bilekligi-xxlarge-105
8698758942813,,Luxvaris 845 Külotlu Burnu Kapalı Hostes Çorabı No: 2 Siyah,Luxor,Sağlık Ve Medikal > Ortopedi Ürünleri > Varis Çorapları,4,1,t,luxvaris-845-kulotlu-burnu-kapali-hostes-corabi-no-2-siyah
8698758944060,,Luxvaris 854 CCL1 Dizüstü Burnu Kapalı Ten Rengi Varis Çorabı No: 3,Luxor,Sağlık Ve Medikal > Ortopedi Ürünleri > Varis Çorapları,4,1,t,luxvaris-854-ccl1-dizustu-burnu-kapali-ten-rengi-varis-corabi-no-3
8699273570864,,Test Plus 30 Tablet,Mnc İlaç,Besin Takviyeleri > Mineral > Magnezyum,4,1,t,test-plus-30-tablet
8681105981689,,Naturaly Kolajen Krem Hyulorik Asit 150 ml,Naturaly,Cilt Bakım > Akne Ve Sivilce Ürünleri > Akne Ve Yağlı Cilt Serumları,4,1,t,naturaly-kolajen-krem-hyulorik-asit-150-ml
8680512634539,,Nutraxin Vegan Collagen Booster 300 gr,Nutraxin,Besin Takviyeleri > Kolajen > Kolajen Tip 1-3,4,2,t,nutraxin-vegan-collagen-booster-300-g
3264680043383,,Nuxe Very Rose Yüz Temizleme Köpüğü 150 ml,Nuxe,Cilt Bakım > Akne Ve Sivilce Ürünleri > Akne Ve Yağlı Cilt Serumları,4,1,t,nuxe-very-rose-yuz-temizleme-kopugu-150-ml
8685185013018,,Octabrush Ultrasoft Diş Fırçası,Octabrush,Kişisel Bakım > Diş Fırçası > Yumuşak Diş Fırçası,4,1,t,octabrush-ultrasoft-dis-fircasi
8697595870303,,Minomin 60 Tablet,Orzax,Besin Takviyeleri > Mineral > Kalsiyum,4,2,t,ocean-minomin-60-tablet
8680133001031,,Osende Metilfolat 30 Tablet,Osende,Besin Takviyeleri > Takviye Edici Gıdalar > Folik Asit,4,1,t,osende-metilfolat-30-tablet
8681379100106,,Panlife Aspir Yağı 100 ml,Panlife,Besin Takviyeleri > Takviye Edici Gıdalar > Bitkisel Ürünler,4,1,t,panlife-aspir-yagi-100-ml
8680067190016,,Previt Positive 90 Tablet,Pharma Positive,Besin Takviyeleri > Mineral > Bakır,4,1,t,previt-positive-90-tablet
8683060570137,,Pharmaton Kiddi Growth Kalsiyum Vitamin D İyot İçeren Takviye Edici Gıda Meyve Aromalı Şurup 200 ml,Pharmaton,Besin Takviyeleri > Mineral > Kalsiyum,4,2,t,pharmaton-kiddi-growth-meyve-aromali-multivitamin-surup-200-ml
8058090003380,,Pic Aquabloc Su Geçirmez Pedli Antibakteriyel Film Yara Örtüsü 10 cm x 15 cm 5li,Pic Solution,Sağlık Ve Medikal > Ortopedi Ürünleri > Sargı ve Sargı Bezi > Yara Örtüsü,4,1,t,pic-aquabloc-su-gecirmez-pedli-antibakteriyel-film-yara-ortusu-10-cm-x-15-cm-5li
8699592805029,,Roll Bant xLarge 10lu,Roll,Sağlık Ve Medikal > Medikal & Sağlık Ürünleri > Yara Bandı,4,2,t,roll-bant-xlarge-10lu
850069595920,,Shiniq Ad Atopi Nemlendirici Balsam 200 ml,Shiniq,Cilt Bakım > Cilt ve İhtiyaç Tipi > Kuru Cilt,4,1,t,shiniq-ad-atopi-nemlendirici-balsam-200-ml
850071952018,,Shiniq Anti-Acnerose Expert 40 ml,Shiniq,Cilt Bakım > Akne Ve Sivilce Ürünleri > Akne Ve Yağlı Cilt Serumları,4,1,t,shiniq-anti-acnerose-expert-40-ml
850069595869,,Shiniq Dengeleyici İntim Jel pH 3.5 200 ml,Shiniq,Kişisel Bakım > Kadın Hijyeni > Genital Bölge Temizliği,4,1,t,shiniq-dengeleyici-intim-jel-ph-35-200-ml
850069595890,,Shiniq Lipid Yenileyici ve Besleyici Temizleyici Jel 400 ml,Shiniq,Cilt Bakım > Cilt ve İhtiyaç Tipi > Kuru Cilt,4,1,t,shiniq-lipid-yenileyici-ve-besleyici-temizleyici-jel-400-ml
850069595791,,Shiniq UV Güneş  / Leke TT SPF50 40 ml,Shiniq,Cilt Bakım > Cilt ve İhtiyaç Tipi > Lekeli Cilt,4,1,t,shiniq-uv-gunes-leke-tt-spf50-40-ml
3662361004324,,SVR Pepti Biotic Regenerating Smoothing Matt Gel 50 ml Yaşlanma Karşıtı Bakım Kremi,Svr,Cilt Bakım > Cilt ve İhtiyaç Tipi > Anti Age - Yaşlanma Karşıtı,4,1,t,svr-pepti-biotic-regenerating-smoothing-matt-gel-50-ml-yaslanma-karsiti-bakim-kremi
3401360084070,,SVR Sensifine Dermo Nettoyant 200ml,Svr,Cilt Bakım > Akne Ve Sivilce Ürünleri > Akne Ve Yağlı Cilt Serumları,4,1,t,svr-sensifine-dermo-nettoyant-200ml
3662361003860,,SVR Spirial 24h Deodorant Plant Roll-On 50 ml,Svr,Cilt Bakım > Akne Ve Sivilce Ürünleri > Akne Ve Yağlı Cilt Serumları,4,1,t,svr-spirial-24h-deodorant-plant-roll-on-50-ml
3662361001682,,Svr Cicavit Creme Mains El Kremi 75 gr,Svr,Cilt Bakım > Akne Ve Sivilce Ürünleri > Akne Ve Yağlı Cilt Serumları,4,1,t,svr-cicavit-creme-mains-el-kremi-75-gr
3662361002757,,Svr Clairial Kahverengi Lekeler İçin Yaşlanma Karşıtı Ampul 30 ml,Svr,Cilt Bakım > Cilt ve İhtiyaç Tipi > Anti Age - Yaşlanma Karşıtı,4,1,t,svr-clairial-kahverengi-lekeler-icin-yaslanma-karsiti-ampul-30-ml
3662361001224,,Svr Night Ampoule Relax Eye Concetrate 15 ml,Svr,Cilt Bakım > Akne Ve Sivilce Ürünleri > Akne Ve Yağlı Cilt Serumları,4,1,t,svr-night-ampoule-relax-eye-concetrate-15-ml
8684985709022,,Svr Sensifine Ar Unifying Anti Redness Soothing Intensive Moisturiser 40 ml,Svr,Cilt Bakım > Akne Ve Sivilce Ürünleri > Akne Ve Yağlı Cilt Serumları,4,1,t,svr-sensifine-ar-unifying-anti-redness-soothing-intensive-moisturiser-40-ml
3662361003174,,Svr Sun Secure Blur Teinte Spf 50+ 50 ml - Bej Renk,Svr,Güneş Bakım > Yüz Güneş Kremi > Hassas Ciltler İçin Güneş Kremi,4,1,t,svr-sun-secure-blur-teinte-spf-50-50-ml-bej-renk
8680133001536,,Lifextra D-Riboz 30 Saşe,Tab İlaç,Sağlık Ve Medikal > Medikal & Sağlık Ürünleri > Kas Ve Eklem Sağlığı,4,1,t,lifextra-d-riboz-30-sase
8680133002397,,Lifextra Tmg Trimetilglisin 60 Kapsül,Tab İlaç,Besin Takviyeleri > Takviye Edici Gıdalar > Beta Glukan,4,1,t,lifextra-tmg-trimetilglisin-60-kapsul
8680133000997,,Omepa PS 30 Yumuşak Kapsül,Tab İlaç,Besin Takviyeleri > Takviye Edici Gıdalar > Omega 3 & Balık Yağı,4,2,t,omepa-ps-omega3-fosfatidilserin-30-kapsul
8690530068933,,Uni Baby Sensitive Islak Mendil 3*50Li,Uni Baby,Anne Bebek > Bebek Bakım > Islak Mendil,4,1,t,uni-baby-sensitive-islak-mendil-350li
4008496218929,,Varta Kartela AAA 20 li,Varta,Sağlık Ve Medikal > Medikal & Sağlık Ürünleri > Pil,4,1,t,varta-kartela-aaa-20-li
8683229900249,,Venatura Beauty Kollajen 5000 mg 30 Sase,VeNatura,Besin Takviyeleri > Kolajen > Kolajen Tip 1-3,4,2,t,venatura-beauty-kollajen-5000-mg-takviye-edici-gida-30-sase
8683229900706,,Venatura Demir Bisgilisinat Vitamin C 90 Kapsül,VeNatura,Besin Takviyeleri > Mineral > Demir,4,2,t,venatura-demir-bisglisinat-ve-vitamin-c-90-kapsul
8683229900881,,Venatura Kurkumin 30 Kapsül,VeNatura,Besin Takviyeleri > Takviye Edici Gıdalar > Bitkisel Ürünler,4,2,t,venatura-kurkumin-takviye-edici-gida-30-kapsul
8683229900744,,Venatura Metilkobalamin Sprey 20 ml,VeNatura,Besin Takviyeleri > Vitamin > Vitamin B12,4,2,t,venatura-vitamin-b12-metilkobalamin-sprey-20-ml
8683229900522,,Venatura Vitamin B Kompleks 30 Kapsül,VeNatura,Besin Takviyeleri > Takviye Edici Gıdalar,4,2,t,venatura-vitamin-b-kompleks-kapsul-takviye-edici-gida-30-kapsul
8682368909045,,Velavit V-Mens Daily Takviye Edici Gıda 30 Tablet,Velavit,Besin Takviyeleri > Mineral > Bakır,4,1,t,velavit-v-mens-daily-takviye-edici-gida-30-tablet
8682368909458,,Velavit V-Selenium 200 60 Tablet,Velavit,Besin Takviyeleri > Mineral > Selenyum,4,1,t,velavit-v-selenium-200-60-tablet
8602853651976,,Vichy Liftactiv Collagen Specialist 16 Bonding Serum 30 ml + Capital Soleil Uv-Age Spf50 15ml (Çanta Hediyeli),Vichy,Cilt Bakım > Akne Ve Sivilce Ürünleri > Akne Ve Yağlı Cilt Serumları,4,1,t,vichy-liftactiv-collagen-specialist-16-bonding-serum-30-ml-capital-soleil-uv-age-spf50-15ml-canta-hediyeli
8602853651761,,Vichy Liftactiv Pigment B3 Serum 30ml + Pigment B3 Göz Kremi 15ml Çanta Hediyeli,Vichy,Cilt Bakım > Akne Ve Sivilce Ürünleri > Akne Ve Yağlı Cilt Serumları,4,1,t,vichy-liftactiv-pigment-b3-serum-30ml-pigment-b3-goz-kremi-15ml-canta-hediyeli
8690797102210,,Wee Baby Pipetli Bardak 200 ml 221,Wee Baby,Anne Bebek > Bebek Beslenme Ürünleri > Pipetli Bardaklar,4,2,t,wee-baby-pipetli-bardak-200-ml-221
33984005150,,Solgar Calcium Magnesium Plus Boron 100 Tablet,Solgar,Besin Takviyeleri > Mineral > Kalsiyum,3,2,t,solgar-calcium-magnesium-plus-boron-100
33984019102,,Solgar No Flush Niacin 500 mg 50 Kapsül,Solgar,Besin Takviyeleri > Takviye Edici Gıdalar > Bitkisel Ürünler,3,2,t,solgar-no-flush-niacin-500-mg-50-kapsul
8680133001079,,Osteozinc Plus Calcium 60 Tablet + 30 Yumuşak Kapsül,Tab İlaç,Besin Takviyeleri > Mineral > Bakır,3,2,t,osteozinc-plus-60-tablet-30-kapsul
8683229902175,,VeNatura Pelarim Afrika Sardunyası 20 ml,VeNatura,Besin Takviyeleri > Takviye Edici Gıdalar > Bitkisel Ürünler,3,2,t,venatura-pelarim-afrika-sardunyasi-20-ml
8683229900430,,Venatura Vitamin B2 Riboflavin 100 mg 100 Kapsül,VeNatura,Besin Takviyeleri > Vitamin > B Vitamini,3,2,t,venatura-vitamin-b2-riboflavin-takviye-edici-gida-100-kapsul
8699313000047,,Viaxi Masaj Yağı çilekli 177 ml,Viaxi,Cilt Bakım > Vücut Bakım > Masaj Yağı,3,2,t,viaxi-masaj-yagi-cilekli-177-ml
8690712028359,,Zade Vital Marine Kolajen Super Lift 28 Saşe,Zade Vital,Besin Takviyeleri > Mineral > Çinko,3,2,t,zade-vital-marine-kolajen-super-lif-28-sase
8683675618095,,Leeroy Men Multivitamin Multimineral 90 Tablet,LeeRoy,Besin Takviyeleri > Mineral > Bakır,2,2,t,leeroy-men-multivitamin-multimineral-90-tablet
8680133003288,,TabVitamins Boron BOR Takviye Edici Gıda 120 Kapsül,Tab İlaç,Besin Takviyeleri > Mineral > Bor,2,2,t,tabvitamins-boron-bor-takviye-edici-gida-120-kapsul
8683229901628,,VeNatura Dgl Meyan Kökü 90 Çiğneme Tablet,VeNatura,Besin Takviyeleri > Takviye Edici Gıdalar,2,2,t,venatura-dgl-meyan-koku-cigneme-tableti-takviye-edici-gida-90-adet
8683229900799,,Venatura SR Vitamin C 1000 mg 30 Kapsül,VeNatura,Besin Takviyeleri > Vitamin > C Vitamini,2,2,t,venatura-sr-vitamin-c-1000mg-30-tablet
8683229900157,,Venatura Vitamin D3 400 IU Sprey 20 ml,VeNatura,Besin Takviyeleri > Vitamin > D3 ve K2 Vitamin,2,2,t,venatura-vitamin-d3-400iu-takviye-edici-gida-20-ml-sprey
8683229900850,,Venatura Çinko L-Karnosin 60 Kapsül,VeNatura,Besin Takviyeleri > Mineral > Çinko,2,2,t,venatura-cinko-l-karnosin-60-kapsul
8683130019290,,Rexona Deodorant Sprey Shower Fresh 150 ml,Rexona,Kişisel Bakım > Parfüm & Deodorant & Kozmetik > Kadın Deodorant,1,2,t,rexona-deodorant-sprey-shower-fresh-150-ml
33984039605,,Solgar Korean Ginseng 50 Kapsül,Solgar,Besin Takviyeleri > Takviye Edici Gıdalar > Ginseng,1,2,t,solgar-korean-ginseng-50-kapsul
8680131759620,,Venatura Kids Mikroenkapsüle Demir ve Vitamin C 20 ml,VeNatura,Besin Takviyeleri > Çocuklar İçin Gıda Takviyesi > Çocuklar İçin Mineral,1,2,t,venatura-kids-mikroenkapsule-demir-ve-vitamin-c-takviye-edici-gida-20-ml
8699313000054,,Viaxi Masaj Yağı Vanilyalı 177 ml,Viaxi,Cilt Bakım > Vücut Bakım > Masaj Yağı,1,2,t,viaxi-masaj-yagi-vanilya-aromali-177-ml
8699329509824,,"Aktident Orid Arayüz Fırçası 0,80 mm 4lü - Yeşil",Aktident,Kişisel Bakım > Ağız Bakım Ürünleri > Diş Fırçaları,0,1,f,aktident-orid-arayuz-fircasi-080-mm-4lu-yesil
8684718193135,,Algolina Matcha Tozu 2 gr Şase 30 Adet Takviye Edici Gıda,Algolina,Besin Takviyeleri > Takviye Edici Gıdalar > Bitkisel Ürünler,0,1,f,algolina-matcha-tozu-2-gr-sase-30-adet-takviye-edici-gida
8683270544263,,Anocin Akkermansia Muciniphila Probiyotik + Prebiyotik + Postbiyotik + İnulin 20 Tablet,Anocin,Besin Takviyeleri > Takviye Edici Gıdalar > Bitkisel Ürünler,0,1,f,anocin-akkermansia-muciniphila-probiyotik-prebiyotik-postbiyotik-inulin-20-tablet
8680434320282,,Artımed Oturma Simidi,Artımed,Sağlık Ve Medikal > Ortopedi Ürünleri > Oturma Simidi,0,1,f,artimed-oturma-simidi
8699708011306,,AGA K 60 Tablet,Assos İlaç,Besin Takviyeleri > Mineral > Çinko,0,2,f,assos-aga-k-takviye-edici-gida-60-tablet
8699708011825,,Arete Women 90 Tablet,Assos İlaç,Besin Takviyeleri > Mineral > Demir,0,1,f,arete-women-90-tablet
8699708011382,,Cuma 30 Tablet,Assos İlaç,Besin Takviyeleri > Takviye Edici Gıdalar > Bitkisel Ürünler,0,2,f,assos-cuma-30-tablet
8699708350139,,Depigmenta Crem 40 ml,Assos İlaç,Cilt Bakım > Cilt ve İhtiyaç Tipi > Anti Age - Yaşlanma Karşıtı,0,2,f,depigmenta-crem-40-ml
8699708240300,,Glutamin Assos 60 Saşe,Assos İlaç,Besin Takviyeleri > Takviye Edici Gıdalar > L- Karnitine,0,1,f,glutamin-assos-60-sase
8699708151651,,Gutfeel Prebiyotik Probiyotik 20 Kapsül,Assos İlaç,Besin Takviyeleri > Probiyotik & Prebiyotik,0,2,f,assos-gutfeel-probiotik-prebiotik-20-kapsul
8699708070044,,Imex Akne Sabunu 100 Gr,Assos İlaç,Cilt Bakım > Cilt ve İhtiyaç Tipi > Lekeli Cilt,0,1,f,imex-akne-sabunu-100-gr
8699708011795,,K2 Trio 60 Tablet,Assos İlaç,Besin Takviyeleri > Mineral > Kalsiyum,0,2,f,assos-k2-trio-60-tablet
8699708120022,,Kondromin - S 60 Efervesan Tablet,Assos İlaç,Sağlık Ve Medikal > Medikal & Sağlık Ürünleri > Kas Ve Eklem Sağlığı,0,2,f,kondromin-s-msm-effervesan-60-tablet
4048882181840,,Linola Kuru ve Hassas Saçlar için Şampuan 200 ml,Assos İlaç,Saç Bakım > Saç Tipi & İhtiyaç > Elektriklenen Saç,0,1,f,linola-kuru-ve-hassas-saclar-icin-sampuan-200-ml
4048882245399,,Linola Yüz Kremi 50 ml,Assos İlaç,Cilt Bakım > Akne Ve Sivilce Ürünleri > Akne Ve Yağlı Cilt Serumları,0,1,f,linola-yuz-kremi-50-ml
8699708260230,,Molien Baby Temizleyici Jel 300 ml,Assos İlaç,Anne Bebek > Bebek Bakım > Bebek Hijyen Ürünleri,0,1,f,molien-baby-temizleyici-jel-300-ml
8699708151675,,Regula-3 Gold Omega-3 1250 mg 30 Kapsül,Assos İlaç,Besin Takviyeleri > Takviye Edici Gıdalar > Omega 3 & Balık Yağı,0,1,f,regula-3-gold-omega-3-1250-mg-30-kapsul
8699708340208,,Silistar Rejuvenating Jel 50 gr,Assos İlaç,Cilt Bakım > Akne Ve Sivilce Ürünleri > Akne Ve Yağlı Cilt Serumları,0,1,f,silistar-rejuvenating-jel-50-gr
6970392215655,,B-Good DET-306 Kızılötesi Alından Temassız Ateş Ölçer,B-Good,Anne Bebek > Bebek Bakım > Bebek Ateş Ölçer,0,1,f,b-good-det-306-kizilotesi-alindan-temassiz-ates-olcer
8681285114730,,B-Good Yara Bandı Rafadan Tayfa 15li,B-Good,Sağlık Ve Medikal > Medikal & Sağlık Ürünleri > Yara Bandı,0,1,f,b-good-yara-bandi-rafadan-tayfa-15li
8681285102263,,B-Good Yara Örtüsü Tekstil 9x10 cm,B-Good,Sağlık Ve Medikal > Medikal & Sağlık Ürünleri > Medikal Sarf Ürünleri,0,2,f,b-good-yara-ortusu-tekstil-9x10-cm
8437011329837,,Babe %10 Urea Repairing Lotion 100 ml - Üre Vücut Losyonu,Babe,Cilt Bakım > Akne Ve Sivilce Ürünleri > Akne Ve Yağlı Cilt Serumları,0,1,f,babe-10-urea-repairing-lotion-100-ml-ure-vucut-losyonu
8437000945734,,Babe Pediatric Bath Gel - 500 ml,Babe,Anne Bebek > Bebek Bakım > Bebek Kremi,0,1,f,babe-pediatric-bath-gel-500-ml
8437011329806,,Babe Pediatric Bath Gel 100 ml,Babe,Anne Bebek > Bebek Bakım > Bebek Hijyen Ürünleri,0,1,f,babe-pediatric-bath-gel-100-ml
4260491222220,,Ben  Anna Green Fusion Natural Deostick 40 gr,Ben & Anna,Kişisel Bakım > Parfüm & Deodorant & Kozmetik > Erkek Deodorant,0,1,f,ben-anna-green-fusion-natural-deostick-40-gr
4260491222213,,Ben  Anna Natural Deostick Coco Mania 40 gr,Ben & Anna,Kişisel Bakım > Parfüm & Deodorant & Kozmetik > Erkek Deodorant,0,1,f,ben-anna-natural-deostick-coco-mania-40-gr
4260491222275,,Ben  Anna Natural Deostick Persian Lime 40 gr,Ben & Anna,Kişisel Bakım > Parfüm & Deodorant & Kozmetik > Erkek Deodorant,0,1,f,ben-anna-natural-deostick-persian-lime-40-gr
4260491222282,,Ben  Anna Natural Deostick Pink Grapefruit 40 gr,Ben & Anna,Kişisel Bakım > Parfüm & Deodorant & Kozmetik > Erkek Deodorant,0,1,f,ben-anna-natural-deostick-pink-grapefruit-40-gr
8683249000936,,Betapad 9 cm x 15 cm Steril Hazır Pansuman Örtüsü,Betasan,Sağlık Ve Medikal > Medikal & Sağlık Ürünleri > Pansuman Örtüleri,0,1,f,betapad-9-cm-x-15-cm-steril-hazir-pansuman-ortusu
8681105980569,,Bioil Acıbadem Yağı 20 ml,Bioil,Cilt Bakım > Vücut Bakım > Vücut Yağı,0,1,f,bioil-acibadem-yagi-20-ml
8681105980071,,Bioil Adaçayı Yağı 20 ml,Bioil,Cilt Bakım > Vücut Bakım > Vücut Yağı,0,1,f,bioil-adacayi-yagi-20-ml
8681105980637A,,Bioil Defne Yağı 20 ml,Bioil,Cilt Bakım > Vücut Bakım > Vücut Yağı,0,1,f,bioil-defne-yagi-20-ml
8681105980460,,Bioil Jojoba Yağı 20 ml,Bioil,Cilt Bakım > Vücut Bakım > Vücut Yağı,0,1,f,bioil-jojoba-yagi-20-ml
8681105980194,,Bioil Kantaron Yağı 250 ml,Bioil,Cilt Bakım > Vücut Bakım > Vücut Yağı,0,1,f,bioil-kantaron-yagi-250-ml
8681105980279,,Bioil Melisa Yağı 20 ml,Bioil,Cilt Bakım > Vücut Bakım > Vücut Yağı,0,1,f,bioil-melisa-yagi-20-ml
8681105980552,,Bioil Menekşe Yağı 20 ml,Bioil,Cilt Bakım > Vücut Bakım > Vücut Yağı,0,1,f,bioil-menekse-yagi-20-ml
8681105980620,,Bioil Sarımsak Yağı 20ml,Bioil,Cilt Bakım > Vücut Bakım > Vücut Yağı,0,1,f,bioil-sarimsak-yagi-20ml
8681105980187,,Bioil Çörekotu Yağı 250 ml,Bioil,Cilt Bakım > Vücut Bakım > Masaj Yağı,0,1,f,bioil-corekotu-yagi-250-ml
8690742300067,,Canped Anatomik Hasta Bezi Medium 10lu,Canped,Sağlık Ve Medikal > Medikal & Sağlık Ürünleri > Hasta Bezi,0,1,f,canped-anatomik-hasta-bezi-medium-10lu
8690742310257,,Canped Belbantlı Yetişkin Hasta Bezi 30lu - Large,Canped,Sağlık Ve Medikal > Medikal & Sağlık Ürünleri > Hasta Bezi,0,1,f,canped-belbantli-yetiskin-hasta-bezi-30lu-large
8690742310691,,Canped Emici Külot Medium 30lu,Canped,Sağlık Ve Medikal > Medikal & Sağlık Ürünleri > Hasta Bezi,0,1,f,canped-emici-kulot-medium-30lu
8690742310639,,Canped Tekstil Yüzey Belbantlı Hasta Bezi Large 30lu,Canped,Sağlık Ve Medikal > Medikal & Sağlık Ürünleri > Hasta Bezi,0,1,f,canped-tekstil-yuzey-belbantli-hasta-bezi-large-30lu
8690742330415,,Canped Tekstil Yüzey Belbantlı Hasta Bezi Small 30lu,Canped,Sağlık Ve Medikal > Medikal & Sağlık Ürünleri > Hasta Bezi,0,0,f,canped-tekstil-yuzey-belbantli-hasta-bezi-small-30lu
8690742330163,,Canped Tekstil Yüzey Belbantlı Hasta Bezi xLarge 30lu,Canped,Sağlık Ve Medikal > Medikal & Sağlık Ürünleri > Hasta Bezi,0,1,f,canped-tekstil-yuzey-belbantli-hasta-bezi-xlarge-30lu
3522930004417,,Caudalie Ange des Vignes Duş Jeli 200 ml,Caudalie,Cilt Bakım > Akne Ve Sivilce Ürünleri > Akne Ve Yağlı Cilt Serumları,0,1,f,caudalie-ange-des-vignes-dus-jeli-200-ml
3522930004424,,Caudalie Besleyici Elixir Yağı 100 ml,Caudalie,Cilt Bakım > Akne Ve Sivilce Ürünleri > Akne Ve Yağlı Cilt Serumları,0,1,f,caudalie-besleyici-elixir-yagi-100-ml
3522930003915,,Caudalie Eau Des Vignes Fresh Fragne 50 ml,Caudalie,Cilt Bakım > Cilt ve İhtiyaç Tipi > Anti Age - Yaşlanma Karşıtı,0,1,f,caudalie-eau-des-vignes-fresh-fragne-50-ml
3522930003038,,Caudalie Gentle Buffing Cream Peeling Peeling 75 ml,Caudalie,Cilt Bakım > Akne Ve Sivilce Ürünleri > Akne Ve Yağlı Cilt Serumları,0,1,f,caudalie-gentle-buffing-cream-peeling-peeling-75-ml
3522930003205,,Caudalie Grape Water Organik Üzüm Suyu 75 ml,Caudalie,Cilt Bakım > Akne Ve Sivilce Ürünleri > Akne Ve Yağlı Cilt Serumları,0,1,f,caudalie-grape-water-organik-uzum-suyu-75-ml
3522930004271,,Caudalie Resveratrol Lift Firming Cashmere Cream 50 ml,Caudalie,Cilt Bakım > Cilt ve İhtiyaç Tipi > Anti Age - Yaşlanma Karşıtı,0,1,f,caudalie-resveratrol-lift-firming-cashmere-cream-50-ml
3522930004509,,Caudalie Resveratrol Lift Firming Eye Gel Cream 15 ml,Caudalie,Cilt Bakım > Cilt ve İhtiyaç Tipi > Cilt ve Güzellik Takviyeleri,0,1,f,caudalie-resveratrol-lift-firming-eye-gel-cream-15-ml
3522930004516,,Caudalie Resveratrol Lift Serum Refil 30 ml,Caudalie,Cilt Bakım > Cilt ve İhtiyaç Tipi > Gözenek Sıkılaştırıcı,0,1,f,caudalie-resveratrol-lift-serum-refil-30-ml
3522930003847,,Caudalie Rose Des Vignes Shower Jel 200 ml,Caudalie,Kişisel Bakım > Duş & Banyo Ürünleri > Duş Jeli,0,1,f,caudalie-rose-des-vignes-shower-jel-200-ml
3522930004042,,Caudalie Sef-Tan Sun Drops 15 ml,Caudalie,Güneş Bakım > Bronzlaştırıcı > Güneşsiz Bronzlaştırıcı,0,1,f,caudalie-sef-tan-sun-drops-15-ml
3522930004035,,Caudalie The Des Vignes Shower Gel 400 ml,Caudalie,Kişisel Bakım > Duş & Banyo Ürünleri > Duş Jeli,0,1,f,caudalie-the-des-vignes-shower-gel-400-ml
3522930003861,,Caudalie Vignes Bergamot Aromalı Duş Jeli 200 ml,Caudalie,Kişisel Bakım > Duş & Banyo Ürünleri > Duş Jeli,0,1,f,caudalie-vignes-bergamot-aromali-dus-jeli-200-ml
3522930003519,,Caudalie Vinergetic C+ Overnight Detox Oil 30 ml,Caudalie,Cilt Bakım > Yüz Bakımı > Yüz Bakım Yağı,0,1,f,caudalie-vinergetic-c-overnight-detox-oil-30-ml
3522930003120,,Caudalie Vinoclean Cleansing Almond Milk 200 ml,Caudalie,Cilt Bakım > Akne Ve Sivilce Ürünleri > Akne Ve Yağlı Cilt Serumları,0,1,f,caudalie-vinoclean-cleansing-almond-milk-200-ml
3522930004004,,Caudalie Vinoclean Make Up Removing Cleansing Oil 75 ml,Caudalie,Cilt Bakım > Akne Ve Sivilce Ürünleri > Akne Ve Yağlı Cilt Serumları,0,1,f,caudalie-vinoclean-make-up-removing-cleansing-oil-75-ml
3522930003090,,Caudalie Vinoclean Micellar Cleansing Water 200 ml,Caudalie,Cilt Bakım > Akne Ve Sivilce Ürünleri > Akne Ve Yağlı Cilt Serumları,0,1,f,caudalie-vinoclean-micellar-cleansing-water-200-ml
3522930004097,,Caudalie Vinocrush Skin Tint No:1 30 ml,Caudalie,Cilt Bakım > Akne Ve Sivilce Ürünleri > Akne Ve Yağlı Cilt Serumları,0,1,f,caudalie-vinocrush-skin-tint-no1-30-ml
3522930004615,,Caudalie Vinoperfect Dark Spot Niacinamide Moisturizer 50 ml,Caudalie,Cilt Bakım > Akne Ve Sivilce Ürünleri > Akne Ve Yağlı Cilt Serumları,0,1,f,caudalie-vinoperfect-dark-spot-niacinamide-moisturizer-50-ml
3522930004646,,Caudalie Vinoperfect Dark Spot Niacinamide Moisturizer Refill 50 ml,Caudalie,Cilt Bakım > Cilt ve İhtiyaç Tipi > Nemlendirme,0,1,f,caudalie-vinoperfect-dark-spot-niacinamide-moisturizer-refill-50-ml
3522930005414,,Caudalie Vinosun After Sun Repair Milk 400ml,Caudalie,Cilt Bakım > Akne Ve Sivilce Ürünleri > Akne Ve Yağlı Cilt Serumları,0,1,f,caudalie-vinosun-after-sun-repair-milk-400ml
3522930003755,,Caudalie Vinosun High Protection Cream SPF 30,Caudalie,Güneş Bakım > Vücut Güneş Kremleri,0,1,f,caudalie-vinosun-high-protection-cream-spf-30
3522931003778,,Caudalie Vinosun High Protection Spray SPF30 150 ml -,Caudalie,Güneş Bakım > Vücut Güneş Kremleri > Vücut Güneş Spreyi,0,1,f,caudalie-vinosun-high-protection-spray-spf30-150-ml
3522932005351,,Caudalie Vinosun Protect SPF 50 - Güneş Spreyi 75ml,Caudalie,Güneş Bakım > Vücut Güneş Kremleri > Vücut Güneş Spreyi,0,1,f,caudalie-vinosun-protect-spf-50-gunes-spreyi-75ml
3522930003618,,Caudalie Vinotherapist CR Mains 75 ml,Caudalie,Cilt Bakım > Cilt ve İhtiyaç Tipi > Kuru Cilt,0,1,f,caudalie-vinotherapist-cr-mains-75-ml
8690595228822,,CeraVe Nemlendiren Temizleyici 976 ml,Cerave,Cilt Bakım > Cilt ve İhtiyaç Tipi > Kuru Cilt,0,1,f,cerave-nemlendiren-temizleyici-976-ml
8683411395228,,Cerenad 30 Tb,Cerenad,Besin Takviyeleri > Mineral > Çinko,0,1,f,cerenad-30-tb
8684055798734,,Cerenad Lipozomal Glutatyon 7 Shot 20 ml,Cerenad,Besin Takviyeleri > Mineral > Selenyum,0,1,f,cerenad-lipozomal-glutatyon-7-shot-20-ml
8681234740164,,Collax Enzimatik Hidrolize Kolajen 30 Flakon,Collax,Besin Takviyeleri > Kolajen > Kolajen Tip 1-3,0,1,f,collax-enzimatik-hidrolize-kolajen-30-flakon
8699080226992,,"DS Plus Coban Kendinden Yapışkanlı Bandaj Ten 10 cm x 4,5 m",DS Plus,Sağlık Ve Medikal > Ortopedi Ürünleri > Bandaj,0,1,f,ds-plus-coban-kendinden-yapiskanli-bandaj-ten-10-cm-x-45-m
8699080225797,,DS Plus Nonwoven Yara Örtüsü 9x15 cm 5li,DS Plus,Sağlık Ve Medikal > Ortopedi Ürünleri > Sargı ve Sargı Bezi > Yara Örtüsü,0,0,f,ds-plus-nonwoven-yara-ortusu-9x15-cm-5li
8699080225551,,DS Plus Yara Bandı Renkli 20li,DS Plus,Sağlık Ve Medikal > Medikal & Sağlık Ürünleri > Yara Bandı,0,2,f,ds-plus-yara-bandi-renkli-20li
6970226432135,,"Ds Plus Coban Bandaj 7,5 cm x 4,5 m - Sarı",DS Plus,Sağlık Ve Medikal > Ortopedi Ürünleri > Bandaj,0,1,f,ds-plus-coban-bandaj-75-cm-x-45-m-sari
8684117129971,,Denta Delete Misvak Zencefil Diş Macunu 75 ml,Denta Delete,Kişisel Bakım > Diş Macunu,0,1,f,denta-delete-misvak-zencefil-dis-macunu-75-ml
8684117129957,,Egş Derma Denta Mor Pigment Diş Macunu 75 ml,Denta Delete,Kişisel Bakım > Diş Macunu,0,1,f,egs-derma-denta-mor-pigment-dis-macunu-75-ml
8427426033450,,"Interprox Conical 1,3mm Mavi Arayüz Fırçası 6lı",Dentaid,Kişisel Bakım > Arayüz Fırçası,0,1,f,interprox-conical-13mm-mavi-arayuz-fircasi-6li
8427426033474,,Interprox Interproximal Mini Arayüz Fırçası Sarı 1.1 mm 6 Adet,Dentaid,Kişisel Bakım > Arayüz Fırçası,0,1,f,interprox-interproximal-mini-arayuz-fircasi-sari-11-mm-6-adet
8690530071452,,Detan Dolap İçi Askılık Beyaz Sabun Kokulu 2 li,Detan,Ev & Yaşam > Oda Kokuları,0,1,f,detan-dolap-ici-askilik-beyaz-sabun-kokulu-2-li
8699868780074,,Dr. Gülzari C Kompleks 30 Çiğneme Tableti,Dr. Gülzari,Besin Takviyeleri > Takviye Edici Gıdalar,0,1,f,dr-gulzari-c-kompleks-30-cigneme-tableti
8699868780081,,Dr. Gülzari Vitamin B Kompleks 30 Kapsül,Dr. Gülzari,Besin Takviyeleri > Takviye Edici Gıdalar > Folik Asit,0,1,f,dr-gulzari-vitamin-b-kompleks-30-kapsul
8606109205005,,Bactoblis Probiyotik 30 Tablet,Ena Farma,Besin Takviyeleri > Probiyotik & Prebiyotik,0,2,f,bactoblis-probiyotik-takviye-edici-gida-30-adet
8699284270272,,Brofine Nazal Burun Spreyi 20 ml,Ena Farma,Sağlık Ve Medikal > Medikal & Sağlık Ürünleri > Burun Spreyi,0,2,f,brofine-nazal-sprey-20-ml
8699284270456,,Maxerin Cooler 10 ml,Ena Farma,Cilt Bakım > Vücut Bakım > Masaj Yağı,0,1,f,maxerin-cooler-10-ml
8698995025225,,Enjoy Tavuklu Yetişkin Köpek Maması 10 kg,Enjoy,Ev & Yaşam > Pet Shop > Köpek Ürünleri,0,1,f,enjoy-tavuklu-yetiskin-kopek-mamasi-10-kg
8691685027325,,Ayvalık Zeytin Çiçeği Doğal Zeytinyağlı Köpük Sabun 1.5 lt + 500 ml,Eyüp Sabri Tuncer,Ev & Yaşam > Köpük Sabun,0,1,f,ayvalik-zeytin-cicegi-dogal-zeytinyagli-kopuk-sabun-15-lt-500-ml
8691685027318,,Eyüp Sabri Tuncer Amber Doğal Zeytinyağlı Köpük Sabun 1.5 lt + 500 ml,Eyüp Sabri Tuncer,Ev & Yaşam > Köpük Sabun,0,1,f,eyup-sabri-tuncer-amber-dogal-zeytinyagli-kopuk-sabun-15-lt-500-ml
8691685026434,,Eyüp Sabri Tuncer Klasik Limon Kolonyası Pet Şişe 100 ml,Eyüp Sabri Tuncer,Ev & Yaşam > Ev & Yaşam Ürünleri > Kolonya,0,1,f,eyup-sabri-tuncer-klasik-limon-kolonyasi-pet-sise-100-ml
8691685024713,,Eyüp Sabri Tuncer Mistik Gül Suyu Yüz Temizleme Mendili 30lu,Eyüp Sabri Tuncer,Cilt Bakım > Yüz Bakımı > Yüz Temizleme,0,1,f,eyup-sabri-tuncer-mistik-gul-suyu-yuz-temizleme-mendili-30lu
8691685026946,,Eyüp Sabri Tuncer Yeni Nesil Oda Spreyi Kavun 500 ml,Eyüp Sabri Tuncer,Ev & Yaşam > Oda Kokuları,0,1,f,eyup-sabri-tuncer-yeni-nesil-oda-spreyi-kavun-500-ml
7613287323101,,Gerber Organik Balkabağı Muz ve Havuç Püresi 90 gr,Gerber,Anne Bebek > Bebek Beslenme Ürünleri > Bebek Maması,0,1,f,gerber-organik-balkabagi-muz-ve-havuc-puresi-90-gr
8682325885177,,Goodday Minions Arginin Multivitamin Minarel Şurup 150 ml,Goodday,Besin Takviyeleri > Mineral,0,1,f,goodday-minions-arginin-multivitamin-minarel-surup-150-ml
8682325885948,,Goodday Pacs 30 Tablet,Goodday,Besin Takviyeleri > Takviye Edici Gıdalar > Cranberry,0,1,f,goodday-pacs-30-tablet
8682276811119,,Hanymish 111 Şeffaf Kelebek Damaklı Emzik No: 3,Hanymish,Anne Bebek > Bebek Beslenme Ürünleri > Emzik,0,1,f,hanymish-111-seffaf-kelebek-damakli-emzik-no-3
8682276811232,,Hanymish Rainbow Damaklı Emzik No: 3,Hanymish,Anne Bebek > Bebek Beslenme Ürünleri > Emzik,0,1,f,hanymish-rainbow-damakli-emzik-no-3
851228005014,,Hurraw Tinted Lip Balm Black Cherry,Hurraw,Cilt Bakım > Yüz Bakımı > Dudak Bakımı,0,1,f,hurraw-tinted-lip-balm-black-cherry
851228005618,,Hurraw Tinted Lip Balm Raspberry,Hurraw,Cilt Bakım > Yüz Bakımı > Dudak Bakımı,0,1,f,hurraw-tinted-lip-balm-raspberry
5037156227581,,John Frieda Brilliant Brunette Colour Protecting Conditioner 250 ml,John Frieda,Saç Bakım > Saç Bakım Ürünleri & Saç Vitaminleri > Saç Kremi,0,1,f,john-frieda-brilliant-brunette-colour-protecting-conditioner-250-ml
5037156285376,,John Frieda Pro Filler+ Thickening Spray 150 ml,John Frieda,Saç Bakım > Saç şekillendiriciler > Saç Spreyi,0,1,f,john-frieda-pro-filler-thickening-spray-150-ml
5037156285345,,John Frieda ProFiller+ Thickening Conditioner 250 ml,John Frieda,Saç Bakım > Saç Bakım Ürünleri & Saç Vitaminleri > Saç Kremi,0,1,f,john-frieda-profiller-thickening-conditioner-250-ml
5037156258387,,John Frieda Weigless Wonder Saç Bakım Kremi 100 ml,John Frieda,Saç Bakım > Saç Bakım Ürünleri & Saç Vitaminleri > Saç Kremi,0,2,f,john-frieda-weightless-wonder-puruzsuzlestirici-krem100-ml
8699592810221,,"Kurmed Fix Flaster 2,5cm x 5m",Kurmed,Sağlık Ve Medikal > Medikal & Sağlık Ürünleri > Flaster,0,1,f,kurmed-fix-flaster-25cm-x-5m
8682511022010,,Kuteks Lumbosakral Korse 32 cm Standart,Kuteks,Sağlık Ve Medikal > Ortopedi Ürünleri > Korse,0,1,f,kuteks-lumbosakral-korse-32-cm-standart
8682511022003,,Kuteks Lumbostad Korse 26 cm Standart,Kuteks,Sağlık Ve Medikal > Ortopedi Ürünleri > Korse,0,1,f,kuteks-lumbostad-korse-26-cm-standart
8682511022058,,Kuteks Neopren Patella Ligament Destekli Dizlik Standart,Kuteks,Sağlık Ve Medikal > Ortopedi Ürünleri > Dizlik,0,1,f,kuteks-neopren-patella-ligament-destekli-dizlik-standart
8693283090053,,Kuteks Yün Dizlik No: 5 XL,Kuteks,Sağlık Ve Medikal > Ortopedi Ürünleri > Dizlik,0,1,f,kuteks-yun-dizlik-no-5-xl
8693283080030,,Kuteks Yün Korse No: 3,Kuteks,Sağlık Ve Medikal > Ortopedi Ürünleri > Korse,0,1,f,kuteks-yun-korse-no-3
4015630056316,,Accu-Chek Şeker Strip Active 50li,La Roche Posay,Kişisel Bakım > Ağız Bakım Ürünleri > Ağız Gargaraları,0,1,f,accu-chek-seker-strip-active-50li
8690595226453,,La Roche Posay Effaclar Duo +M Patch,La Roche Posay,Cilt Bakım > Cilt ve İhtiyaç Tipi > Cilt ve Güzellik Takviyeleri,0,1,f,la-roche-posay-effaclar-duo-m-patch
8690595155388,,La Roche Posay Hyalu B5 Serum 10 ml,La Roche Posay,Cilt Bakım > Akne Ve Sivilce Ürünleri > Akne Ve Yağlı Cilt Serumları,0,1,f,la-roche-posay-hyalu-b5-serum-10-ml
8605378291023,,La Roche Posay Mela B3 Leke Karşıtı Serum 10 ml + Hyalu B5 10 ml,La Roche Posay,Cilt Bakım > Akne Ve Sivilce Ürünleri > Akne Ve Yağlı Cilt Serumları,0,1,f,la-roche-posay-mela-b3-leke-karsiti-serum-10-ml-hyalu-b5-10-ml
5060420233957,,Lansinoh Anne Sütü Saklama Şişeleri 4lü 160 ml,Lansinoh,Anne Bebek > Emzirme > Süt Saklama Poşeti,0,1,f,lansinoh-anne-sutu-saklama-siseleri-4lu-160-ml
5060420234220,,Lansinoh Natural Wave Biberon Seti 160 ml - 2 Adet,Lansinoh,Anne Bebek > Bebek Beslenme Ürünleri > Biberon,0,1,f,lansinoh-natural-wave-biberon-seti-160-ml-2-adet
5060420234312,,Lansinoh Natural Wave Biberon Seti 240 ml 2li,Lansinoh,Anne Bebek > Bebek Beslenme Ürünleri > Emzik,0,1,f,lansinoh-natural-wave-biberon-seti-240-ml-2li
8698758944305,,Luxor 190 Omuz Destekleyici - Bedensiz,Luxor,Sağlık Ve Medikal > Medikal & Sağlık Ürünleri > Kas Ve Eklem Sağlığı,0,1,f,luxor-190-omuz-destekleyici-bedensiz
8698758943001,,Luxor 191 Tenisçi Dirsekliği - Tek Boy,Luxor,Sağlık Ve Medikal > Ortopedi Ürünleri > Dirseklik,0,0,f,luxor-191-tenisci-dirsekligi-tek-boy
8698758942257,,Luxor 197 Üst Baldırlık - One Size,Luxor,Sağlık Ve Medikal > Ortopedi Ürünleri > Baldır ve Bacak Destekleri,0,1,f,luxor-197-ust-baldirlik-one-size
8698758946361,,Luxor 407 Kol Askısı Lüx - xxLarge,Luxor,Sağlık Ve Medikal > Ortopedi Ürünleri > Kol Askısı,0,1,f,luxor-407-kol-askisi-lux-xxlarge
8698758944763,,Luxor 523 Mallet Finger Parmak Ateli No: 6,Luxor,Sağlık Ve Medikal > Ortopedi Ürünleri > Parmak Atelleri,0,1,f,luxor-523-mallet-finger-parmak-ateli-no-6
8698758948259,,Luxor 603 Silikon Tabanlık - xSmall,Luxor,Sağlık Ve Medikal > Ortopedi Ürünleri > Tabanlık,0,1,f,luxor-603-silikon-tabanlik-xsmall
8698758942363,,Luxor 628 Silikon Parmak Halkası - Medium,Luxor,Sağlık Ve Medikal > Ortopedi Ürünleri > Parmak Ayırıcılar,0,1,f,luxor-628-silikon-parmak-halkasi-medium
8698758946125,,Luxor 703 Sünger Boyunluk No: 1,Luxor,Sağlık Ve Medikal > Ortopedi Ürünleri > Boyunluk,0,1,f,luxor-703-sunger-boyunluk-no-1
8698758946149,,Luxor 703 Sünger Boyunluk No: 3,Luxor,Sağlık Ve Medikal > Ortopedi Ürünleri > Boyunluk,0,1,f,luxor-703-sunger-boyunluk-no-3
8698758949379,,Luxor 808 CCL2 Dizaltı Burnu Açık Varis Çorabı Ten Rengi No: 1,Luxor,Sağlık Ve Medikal > Ortopedi Ürünleri > Varis Çorapları,0,1,f,luxor-808-ccl2-dizalti-burnu-acik-varis-corabi-ten-rengi-no-1
8698758942769,,Luxor 844 Dizüstü Burnu Kapalı 18-23 mmhg Siyah Varis Çorabı No: 2,Luxor,Sağlık Ve Medikal > Ortopedi Ürünleri > Varis Çorapları,0,1,f,luxor-844-dizustu-burnu-kapali-18-23-mmhg-siyah-varis-corabi-no-2
8698758942752,,Luxor 844 Hostes Çorabı Dizüstü Burnu Kapalı 18-23 Mmhg No: 1 - Siyah,Luxor,Sağlık Ve Medikal > Ortopedi Ürünleri > Varis Çorapları,0,1,f,luxor-844-hostes-corabi-dizustu-burnu-kapali-18-23-mmhg-no-1-siyah
8698758945272,,Luxor Ark Destekli Silikon Tabanlık - Medium - 602,Luxor,Sağlık Ve Medikal > Ortopedi Ürünleri > Tabanlık,0,1,f,luxor-ark-destekli-silikon-tabanlik-medium-602
8698758944459,,Luxor Ağrı Bandı 5x5 - Mavi,Luxor,Sağlık Ve Medikal > Medikal & Sağlık Ürünleri > Kinesioloji Bantları,0,1,f,luxor-agri-bandi-5x5-mavi
8698758944497,,Luxor El-bilek Ateli Bandajı Sağ  Sol - xLarge - 509,Luxor,Sağlık Ve Medikal > Ortopedi Ürünleri > Bandaj,0,1,f,luxor-el-bilek-ateli-bandaji-sag-sol-xlarge-509
8698758944503,,Luxor El-bilek Ateli Bandajı Sağ  Sol - xxLarge - 509,Luxor,Sağlık Ve Medikal > Ortopedi Ürünleri > Bandaj,0,1,f,luxor-el-bilek-ateli-bandaji-sag-sol-xxlarge-509
8698758943438,,Luxor Elastik Ayak Bilekliği - Large 225,Luxor,Sağlık Ve Medikal > Ortopedi Ürünleri > Ayak Bilekliği,0,1,f,luxor-elastik-ayak-bilekligi-large-225
8698758943308,,Luxor Elastik Dizlik - xxLarge 222,Luxor,Sağlık Ve Medikal > Ortopedi Ürünleri > Dizlik,0,1,f,luxor-elastik-dizlik-xxlarge-222
8698758940239,,Luxor Kol Askısı Fileli - xxLarge - 406,Luxor,Sağlık Ve Medikal > Ortopedi Ürünleri > Kol Askısı,0,1,f,luxor-kol-askisi-fileli-xxlarge-406
8698758942653,,Luxor Seyahat Varis Çorabı Dizaltı Burnu Kapalı Siyah 18-23 mmhg No: 1,Luxor,Sağlık Ve Medikal > Ortopedi Ürünleri > Varis Çorapları,0,1,f,luxor-seyahat-varis-corabi-dizalti-burnu-kapali-siyah-18-23-mmhg-no-1
8698758947399,,Luxor Yün Dizlik 221 XL,Luxor,Sağlık Ve Medikal > Ortopedi Ürünleri > Dizlik,0,1,f,luxor-yun-dizlik-221-xl
8698758949065,,Luxor Örgü Patella Ligament Destek Dizlik - Large 104,Luxor,Sağlık Ve Medikal > Ortopedi Ürünleri > Dizlik,0,1,f,luxor-orgu-patella-ligament-destek-dizlik-large-104
8698758949041,,Luxor Örgü Patella Ligament Destek Dizlik - Small 104,Luxor,Sağlık Ve Medikal > Ortopedi Ürünleri > Dizlik,0,1,f,luxor-orgu-patella-ligament-destek-dizlik-small-104
8698758949072,,Luxor Örgü Patella Ligament Destek Dizlik - xLarge 104,Luxor,Sağlık Ve Medikal > Ortopedi Ürünleri > Dizlik,0,1,f,luxor-orgu-patella-ligament-destek-dizlik-xlarge-104
8698758949485,,Luxvaris 811 CCL2 Dizüstü Burnu Kapalı Ten Rengi Varis Çorabı No: 2,Luxor,Sağlık Ve Medikal > Ortopedi Ürünleri > Varis Çorapları,0,1,f,luxvaris-811-ccl2-dizustu-burnu-kapali-ten-rengi-varis-corabi-no-2
8698758943971,,Luxvaris 853 CCL1 Dizüstü Burnu Açık Ten Rengi Varis Çorabı No: 1,Luxor,Sağlık Ve Medikal > Ortopedi Ürünleri > Varis Çorapları,0,1,f,luxvaris-853-ccl1-dizustu-burnu-acik-ten-rengi-varis-corabi-no-1
8698758943988,,Luxvaris 853 CCL1 Dizüstü Burnu Açık Ten Rengi Varis Çorabı No: 2,Luxor,Sağlık Ve Medikal > Ortopedi Ürünleri > Varis Çorapları,0,1,f,luxvaris-853-ccl1-dizustu-burnu-acik-ten-rengi-varis-corabi-no-2
8680133001833,,Magnimore Magnesium L-Threonate 60 Kapsül,Magnimore,Besin Takviyeleri > Mineral > Magnezyum,0,1,f,magnimore-magnesium-l-threonate-60-kapsul
8680133003608,,Magnimore Magnezyum Direct 30 Stick Saşe,Magnimore,Besin Takviyeleri > Mineral > Magnezyum,0,1,f,magnimore-magnezyum-direct-30-stick-sase
8681788054243,,Medicago Vitamin D3 400 IU Puf 30 ml,Medicago,Besin Takviyeleri > Vitamin > D Vitamini,0,1,f,medicago-vitamin-d3-400-iu-puf-30-ml
8698621592053,,Minion Oksimax Horlama Aparatı,Minion,Kişisel Bakım > Kulak & Burun Tıkacları,0,2,f,minion-oksimax-horlama-onleyici-burun-aparati-seti
8699273570840,,Joint 1500 Glukozamin Chondrotine MSM TIP2 Collagen 60 Kapsül,Mnc İlaç,Besin Takviyeleri > Takviye Edici Gıdalar > Kemik Ve Eklem Sağlığı,0,1,f,joint-1500-glukozamin-chondrotine-msm-tip2-collagen-60-kapsul
8699273570833,,Joint 1500 mg 30 Kapsül,Mnc İlaç,Besin Takviyeleri > Takviye Edici Gıdalar > Kemik Ve Eklem Sağlığı,0,1,f,joint-1500-mg-30-kapsul
8699273576897,,Papiomex 90 Kapsül,Mnc İlaç,Besin Takviyeleri > Mineral > Selenyum,0,1,f,papiomex-90-kapsul
8699273570802,,Plentyfert For Man 30 Tablet,Mnc İlaç,Besin Takviyeleri > Mineral > Selenyum,0,1,f,plentyfert-for-man-30-tablet
8699273570925,,Plentyfert For Woman 60 Tablet,Mnc İlaç,Besin Takviyeleri > Mineral > Demir,0,1,f,plentyfert-for-woman-60-tablet
8699273576880,,Prefolic Plus 30 Yumuşak Kapsül,Mnc İlaç,Besin Takviyeleri > Mineral > Bakır,0,1,f,prefolic-plus-30-yumusak-kapsul
8699273570987,,Umbrella Sitikolin Omega3 150 ml,Mnc İlaç,Besin Takviyeleri > Takviye Edici Gıdalar > Omega 3 & Balık Yağı,0,1,f,umbrella-sitikolin-omega3-150-ml
8684072989085,,Mochi Diş Kaşıyıcı - Lila,Mochi,Anne Bebek > Bebek Bakım > Diş Çıkarma Jelleri,0,1,f,mochi-dis-kasiyici-lila
8684072989115,,Mochi Göğüs Pedi 40lı,Mochi,Anne Bebek > Göğüs Bakımı > Göğüs Pedi,0,1,f,mochi-gogus-pedi-40li
8699708480058,,Molien Baby Losyon 300 ml,Molien,Anne Bebek > Bebek Bakım > Bebek Losyonu,0,1,f,molien-baby-losyon-300-ml
8699708480041,,Molien Losyon 400 ml,Molien,Cilt Bakım > Cilt ve İhtiyaç Tipi > Kuru Cilt,0,1,f,molien-losyon-400-ml
8680742416851,,Stiletto Takma Tırnak Metallic No: 29,Nascita,Kişisel Bakım > El & Ayak Bakımı > Takma Tırnak,0,1,f,stiletto-takma-tirnak-metallic-no-29
8681105981108,,Naturaly Nar Çekirdeği Sabunu 150 gr,Naturaly,Kişisel Bakım > Duş & Banyo Ürünleri > Sabun,0,1,f,naturaly-nar-cekirdegi-sabunu-150-gr
8680645531149,,Nbt Life Duobalance Oral 10 Probiyotik Pastil,Nbt Life,Besin Takviyeleri > Probiyotik & Prebiyotik,0,1,f,nbt-life-duobalance-oral-10-probiyotik-pastil
7640128141174,,New Life Algoste K2 60 Tablet,New Life,Besin Takviyeleri > Mineral > Magnezyum,0,1,f,new-life-algoste-k2-60-tablet
4005900103017,,Nivea 125 ml Çift Etkili Göz Makyaj Temizleyicisi,Nivea,Cilt Bakım > Akne Ve Sivilce Ürünleri > Akne Ve Yağlı Cilt Serumları,0,1,f,nivea-125-ml-cift-etkili-goz-makyaj-temizleyicisi
4006000217765,,Nivea Double Effect Mor Düşler Deodorant 150 ml,Nivea,Kişisel Bakım > Parfüm & Deodorant & Kozmetik > Kadın Deodorant > Kadın Parfüm,0,1,f,nivea-double-effect-mor-dusler-deodorant-150-ml
4005808726240,,Nivea For Men Fresh Active Pompalı Deodorant Sprey 75 ml,Nivea,Cilt Bakım > Vücut Bakım > Vücut Spreyi,0,1,f,nivea-for-men-fresh-active-pompali-deodorant-sprey-75-ml
42332503,,Nivea Invisible For Black  White Kadın Roll-on Fresh 50 ml,Nivea,Kişisel Bakım > Parfüm & Deodorant & Kozmetik > Kadın Deodorant > Kadın Roll-On,0,1,f,nivea-invisible-for-black-white-kadin-roll-on-fresh-50-ml
6001051005383,,Nivea Makyaj Temizleme Mendili 3in1 Kuru Ciltler 25 Yaprak,Nivea,Anne Bebek > Bebek Bakım > Islak Mendil,0,1,f,nivea-makyaj-temizleme-mendili-3in1-kuru-ciltler-25-yaprak
6001051004188,,Nivea Q10 Plus El Kremi Yaşlanma Karşıtı 75 ml,Nivea,Cilt Bakım > Cilt ve İhtiyaç Tipi > Anti Age - Yaşlanma Karşıtı,0,1,f,nivea-q10-plus-el-kremi-yaslanma-karsiti-75-ml
8681144039112,,Nourkrin Man 60 Tablet,Nourkrin,Saç Bakım > Saç Bakım Ürünleri & Saç Vitaminleri > Saç Vitamini,0,1,f,nourkrin-man-60-tablet
3264680035661,,Nuxe Göz Çevresi Masaj Aleti,Nuxe,Cilt Bakım > Yüz Bakımı > Yüz Bakım Aletleri,0,1,f,nuxe-goz-cevresi-masaj-aleti
3264680043482,,Nuxe Very Rose Hand And Nail Cream 50 ml,Nuxe,Cilt Bakım > Akne Ve Sivilce Ürünleri > Akne Ve Yağlı Cilt Serumları,0,1,f,nuxe-very-rose-hand-and-nail-cream-50-ml
850081345688,,Ocean Astaksantin 30 Kapsül,Ocean,Besin Takviyeleri > Takviye Edici Gıdalar > Bağışıklık Sistemi,0,1,f,ocean-astaksantin-30-kapsul
8697595871935,,Ocean Propolis Sprey 20 ml,Ocean,Besin Takviyeleri > Takviye Edici Gıdalar > Propolis & Arı Sütü,0,2,f,ocean-propolis-20-ml-sprey
8850956394515,,Okey Zero Slim Fit Prezervatif 10lu,Okey,Kişisel Bakım > Cinsel Sağlık > Prezervatif,0,1,f,okey-zero-slim-fit-prezervatif-10lu
850084388286,,Bigflor Probiyotik 30 Kapsül,Orzax,Besin Takviyeleri > Probiyotik & Prebiyotik,0,1,f,bigflor-probiyotik-30-kapsul
8699512012162,,Otacı Botanics Işıltılı Parlaklık Sağlayan Bitkisel Saç Bakım Yağı 100 ml,Otacı,Saç Bakım > Saç Bakım Ürünleri & Saç Vitaminleri > Saç Bakım Yağı,0,1,f,otaci-botanics-isiltili-parlaklik-saglayan-bitkisel-sac-bakim-yagi-100-ml
8699512012155,,Otacı Botanics Onarıcı ve Güçlendirici Bitkisel Saç Bakım Serumu 100 ml,Otacı,Saç Bakım > Saç Bakım Ürünleri & Saç Vitaminleri > Saç Serumu,0,1,f,otaci-botanics-onarici-ve-guclendirici-bitkisel-sac-bakim-serumu-100-ml
8699512012216,,Otacı Botanics Saf Biberiye Suyu Tonik 150 ml,Otacı,Saç Bakım > Saç Bakım Ürünleri & Saç Vitaminleri > Saç Toniği,0,1,f,otaci-botanics-saf-biberiye-suyu-tonik-150-ml
8699512012087,,Otacı Botanics+ Bitkisel Saç Kremi Canlandırıcı Besleyici 375 ml,Otacı,Saç Bakım > Saç Bakım Ürünleri & Saç Vitaminleri > Saç Kremi,0,1,f,otaci-botanics-bitkisel-sac-kremi-canlandirici-besleyici-375-ml
8699512011769,,Otacı Naturway Saç Kremi 300 ml,Otacı,Saç Bakım > Saç Bakım Ürünleri & Saç Vitaminleri > Saç Kremi,0,1,f,otaci-naturway-sac-kremi-300-ml
8699512012186,,Otacı Nemlendirici El ve Vücut Bakım Kremi 50 ml,Otacı,Cilt Bakım > Akne Ve Sivilce Ürünleri > Akne Ve Yağlı Cilt Serumları,0,1,f,otaci-nemlendirici-el-ve-vucut-bakim-kremi-50-ml
8699512012131,,Otacı Nemlendirici ve Canlandırıcı Bitkisel Saç Bakım Maskesi 200 ml,Otacı,Saç Bakım > Saç Bakım Ürünleri & Saç Vitaminleri > Saç Maskesi,0,1,f,otaci-nemlendirici-ve-canlandirici-bitkisel-sac-bakim-maskesi-200-ml
8699512001609,,Otacı Sabun Günlük 100 gr,Otacı,Kişisel Bakım > Duş & Banyo Ürünleri > Sabun,0,1,f,otaci-sabun-gunluk-100-gr
8699512010151,,Otacı Saç Şekillendirici 150 ml - Orta Sert,Otacı,Saç Bakım > Saç şekillendiriciler > Saç Jölesi,0,1,f,otaci-sac-sekillendirici-150-ml-orta-sert
8699245890341,,Otifleks Horlama Giderici - Large,Otifleks,Kişisel Bakım > Kulak & Burun Tıkacları,0,1,f,otifleks-horlama-giderici-large
8699245890099,,Otifleks Kulak Tikaci Uyku  Seyahat - Small,Otifleks,Kişisel Bakım > Kulak & Burun Tıkacları,0,1,f,otifleks-kulak-tikaci-uyku-seyahat-small
8681379100700,,Panlife Bergamot Yağı 10 ml,Panlife,Besin Takviyeleri > Takviye Edici Gıdalar > Bitkisel Ürünler,0,1,f,panlife-bergamot-yagi-10-ml
8681379101103,,Panlife Itır Yağı 15 ml,Panlife,Besin Takviyeleri > Takviye Edici Gıdalar > Bitkisel Ürünler,0,1,f,panlife-itir-yagi-15-ml
8681379100724,,Panlife Paçuli Yağı 15 ml,Panlife,Besin Takviyeleri > Takviye Edici Gıdalar > Bitkisel Ürünler,0,1,f,panlife-paculi-yagi-15-ml
8681379100625,,Panlife Tamanu Yağı 100 ml,Panlife,Besin Takviyeleri > Takviye Edici Gıdalar > Bitkisel Ürünler,0,1,f,panlife-tamanu-yagi-100-ml
8681379100663,,Panlife Çuha Çiçeği Yağı 10 ml,Panlife,Besin Takviyeleri > Takviye Edici Gıdalar > Bitkisel Ürünler,0,1,f,panlife-cuha-cicegi-yagi-10-ml
8681379100809,,Panlife İncir Çekirdeği Yağı 100 ml,Panlife,Besin Takviyeleri > Takviye Edici Gıdalar > Bitkisel Ürünler,0,1,f,panlife-incir-cekirdegi-yagi-100-ml
5391520941399,,Paranit Baş Biti Kovucu Sprey 100 ml,Paranit,Saç Bakım > şampuan > Bit şampuanları,0,2,f,paranit-bas-biti-kovucu-durulanmayan-yagsiz-sprey-100-ml
5900717140615,,Pharmaceris T Sebo Almond Claris 190 ml,Pharmaceris,Cilt Bakım > Cilt ve İhtiyaç Tipi > Yağlı Cilt,0,1,f,pharmaceris-t-sebo-almond-claris-190-ml
8710103873914,,Avent Biberon Emzik Natural 1 Ay+ 2 Delik 2li,Philips Avent,Anne Bebek > Bebek Beslenme Ürünleri > Emzik,0,2,f,philips-avent-natural-biberon-emzigi-1-ay-no2-2li-scf04227
8058090003410,,Pic Aquabloc Su Geçirmez Pedli Antibakteriyel Film Yara Örtüsü 8 cm x 10 cm 5li,Pic Solution,Sağlık Ve Medikal > Medikal & Sağlık Ürünleri > Medikal Sarf Ürünleri,0,1,f,pic-aquabloc-su-gecirmez-pedli-antibakteriyel-film-yara-ortusu-8-cm-x-10-cm-5li
8680713008337,,Poblex Puar Kanüllü No : 2,Poblex,Sağlık Ve Medikal > Medikal & Sağlık Ürünleri,0,1,f,poblex-puar-kanullu-no-2
8684891230078,,Poblex Silikon Makaralı Bunyon Koruyucu,Poblex,Kişisel Bakım > El & Ayak Bakımı,0,1,f,poblex-silikon-makarali-bunyon-koruyucu
8684891230221,,Poblex Topuk Dikeni İçin Delikli Jel Topukluk - Medium,Poblex,Sağlık Ve Medikal > Ortopedi Ürünleri > Topukluk,0,1,f,poblex-topuk-dikeni-icin-delikli-jel-topukluk-medium
8684891230146,,Poblex Yapışkanlı Silikon Jel Topukluk - Erkek,Poblex,Sağlık Ve Medikal > Ortopedi Ürünleri > Topukluk,0,1,f,poblex-yapiskanli-silikon-jel-topukluk-erkek
8004395007417,,Proraso Sakal Bakım Yağı Azure Lime 30 ml,Proraso,Kişisel Bakım > Erkek Bakım > Sakal & Traş Bakımı,0,1,f,proraso-sakal-bakim-yagi-azure-lime-30-ml
8690742332020,,Prosafe Hasta Bezi Textil Large 30lu,Prosafe,Sağlık Ve Medikal > Medikal & Sağlık Ürünleri > Hasta Bezi,0,1,f,prosafe-hasta-bezi-textil-large-30lu
8690784131605,,Raid Karınca Yemi 2li,Raid,Sağlık Ve Medikal > Haşere Kovucular İnteksitit Ürünler,0,2,f,raid-karinca-yemi-2-adet
8698995028738,,Reflex Küçük Irk Yetişkin Tavuklu ve Pirinçli Köpek Maması 3 kg,Reflex,Ev & Yaşam > Pet Shop > Köpek Ürünleri,0,1,f,reflex-kucuk-irk-yetiskin-tavuklu-ve-pirincli-kopek-mamasi-3-kg
8699592805081,,Roll Bant First Aid Enjeksiyon Bandı 20li,Roll,Sağlık Ve Medikal > Medikal & Sağlık Ürünleri > Medikal Sarf Ürünleri,0,2,f,roll-bant-first-aid-enjeksiyon-bandi-20li
8699592807252,,Roll Fix Tıbbi Esnek Nonwoven Flaster 10cm x 10m,Roll,Sağlık Ve Medikal > Medikal & Sağlık Ürünleri > Flaster,0,1,f,roll-fix-tibbi-esnek-nonwoven-flaster-10cm-x-10m
8698846067893,,"Roll Flex Gaz Kompres 7,5cm x 7,5cm 50li",Roll,Sağlık Ve Medikal > Medikal & Sağlık Ürünleri > Medikal Sarf Ürünleri,0,2,f,roll-flex-gaz-kompres-75cm-x-75cm-50li
8699592806699,,Roll Flex Sargı Bezi 10cm x 10m,Roll,Sağlık Ve Medikal,0,2,f,roll-flex-sargi-bezi-10cm-x-10m
8699592806545,,"Roll Kohezif Bandaj 15 x 4,5 cm",Roll,Sağlık Ve Medikal > Ortopedi Ürünleri > Bandaj,0,2,f,roll-kohezif-bandaj-15-x-45-cm
8699592804565,,Roll Optik Erkek 100lü,Roll,Sağlık Ve Medikal > Medikal & Sağlık Ürünleri > Göz Pedi,0,1,f,roll-optik-erkek-100lu
8699592804541,,Roll Optik Göz Bandı Erkek 20li,Roll,Sağlık Ve Medikal > Medikal & Sağlık Ürünleri > Göz Pedi,0,1,f,roll-optik-goz-bandi-erkek-20li
8699592804589,,Roll Optik Kapatıcı Göz Bandı Kız 50li,Roll,Sağlık Ve Medikal > Medikal & Sağlık Ürünleri > Göz Pedi,0,1,f,roll-optik-kapatici-goz-bandi-kiz-50li
8699592822873,,Roll Parmak Ateli No: 5,Roll,Sağlık Ve Medikal > Ortopedi Ürünleri > Parmak Atelleri,0,1,f,roll-parmak-ateli-no-5
8004395096824,,Schultz Onarıcı Yenileyici Şampuan 250 ml,Schultz,Saç Bakım > şampuan > Canlandırıcı şampuan,0,1,f,schultz-onarici-yenileyici-sampuan-250-ml
8004395096831,,Schultz Saç Bakım Kremi 200 ml,Schultz,Saç Bakım > Saç Bakım Ürünleri & Saç Vitaminleri > Saç Kremi,0,1,f,schultz-sac-bakim-kremi-200-ml
8683655308138,,Senkavit B12 3000 mcg Dil Altı Sublingual 60 Tablet,Senkavit,Besin Takviyeleri > Takviye Edici Gıdalar,0,1,f,senkavit-b12-3000-mcg-dil-alti-sublingual-60-tablet
8681291004384,,Sensodyne Nourish Sağlıklı Beyazlık Yumuşak Fırça 2li,Sensodyne,Kişisel Bakım > Diş Fırçası > Yumuşak Diş Fırçası,0,1,f,sensodyne-nourish-saglikli-beyazlik-yumusak-firca-2li
8681291340437,,Sensodyne Tam Koruma Beyazlatıcı 75 ml - 2li Kofre,Sensodyne,Kişisel Bakım > Diş Macunu,0,2,f,sensodyne-tam-koruma-beyazlatici-dis-macunu-75-ml-x-2-adet
8690605083403,,Sesu Roll-on Sir Ağda Hassas Ciltler 100 ml,Sesu,Kişisel Bakım > Ağda & Epilasyon > Ağda,0,1,f,sesu-roll-on-sir-agda-hassas-ciltler-100-ml
850069595913,,Shiniq Ad Atopi Nemlendirici Losyon 200 ml,Shiniq,Cilt Bakım > Cilt ve İhtiyaç Tipi > Nemlendirme,0,1,f,shiniq-ad-atopi-nemlendirici-losyon-200-ml
850071952025,,Shiniq Purifying Cleansing Gel,Shiniq,Cilt Bakım > Cilt ve İhtiyaç Tipi > Karma Cilt,0,1,f,shiniq-purifying-cleansing-gel
850069595999,,Shiniq SB Sebum Dengeleyici Krem,Shiniq,Cilt Bakım > Cilt ve İhtiyaç Tipi > Nemlendirme,0,1,f,shiniq-sb-sebum-dengeleyici-krem
850069595814,,Shiniq UV Güneş / Hassas TT SPF50 40 ml,Shiniq,Cilt Bakım > Cilt ve İhtiyaç Tipi > Nemlendirme,0,1,f,shiniq-uv-gunes-hassas-tt-spf50-40-ml
850069595807,,Shiniq UV Güneş / Kuru Çok Kuru SPF50 40 ml,Shiniq,Cilt Bakım > Cilt ve İhtiyaç Tipi > Kuru Cilt,0,1,f,shiniq-uv-gunes-kuru-cok-kuru-spf50-40-ml
7613287213280,,SMA 3 Optipro Probiyotik 1-3 Yaş Devam Sütü 400 gr,Sma,Anne Bebek > Bebek Beslenme Ürünleri > Devam Sütü,0,1,f,sma-3-optipro-probiyotik-1-3-yas-devam-sutu-400-gr
8699278480069,,Solante Tele-Rubor Tinted SPF50+ 150 ml,Solante,Güneş Bakım > Vücut Güneş Kremleri > Vücut Güneş Losyonu,0,1,f,solante-tele-rubor-tinted-spf50-150-ml
33984007666,,Solgar Advanced Acidophilus Plus 60 Kapsül,Solgar,Besin Takviyeleri > Probiyotik & Prebiyotik,0,0,f,solgar-advanced-acidophilus-plus-60-kapsul
33984007673,,Solgar Advanced Multi-Billion Dophilus 60 Kapsül,Solgar,Besin Takviyeleri > Probiyotik & Prebiyotik,0,0,f,solgar-advanced-multi-billion-dophilus-60-kapsul
33984000544,,Solgar Alpha Lipoic Acid 600 mg 50 Tablet,Solgar,Besin Takviyeleri > Takviye Edici Gıdalar > Alfa Lipoik Asit,0,0,f,solgar-alpha-lipoic-acid-600-mg-50-tablet
33984001954,,Solgar BCAA Plus 50 Vegetable Capsules,Solgar,Besin Takviyeleri > Takviye Edici Gıdalar > Amino Asitler,0,0,f,solgar-bcaa-plus-50-vegetable-capsules
33984009400,,Solgar Cod Liver Oil 100 Kapsül,Solgar,Besin Takviyeleri > Takviye Edici Gıdalar > Omega 3 & Balık Yağı,0,0,f,solgar-cod-liver-oil-100-kapsul
33984038707,,Solgar Echinacea 520 mg 100 Kapsül,Solgar,Besin Takviyeleri > Takviye Edici Gıdalar > Bağışıklık Sistemi,0,0,f,solgar-echinacea-520-mg-100-kapsul
33984010390,,Solgar Ester-C 500 mg 100 Kapsül,Solgar,Besin Takviyeleri > Takviye Edici Gıdalar,0,0,f,solgar-ester-c-500-mg-100-kapsul
33984017702,,Solgar Folate Metafolin 400 mcg 100 Tablet,Solgar,Besin Takviyeleri > Mineral > Kalsiyum,0,0,f,solgar-folate-metafolin-400-mcg-100-tablet
33984010185,,Solgar Kangavites Multivitamin  Mineral 60 Tablet,Solgar,Besin Takviyeleri > Mineral,0,0,f,solgar-kangavites-multivitamin-mineral-60-tablet
33984009165,,Solgar Nutri-Nano CoQ-10 50 Kapsül - Eski Ambalaj,Solgar,Besin Takviyeleri > Takviye Edici Gıdalar > Koenzim Q10,0,0,f,solgar-nutri-nano-coq-10-50-kapsul-eski-ambalaj
33984011809,,Solgar VM 75 Multivitamin 30 Tablet,Solgar,Besin Takviyeleri > Mineral,0,0,f,solgar-vm-75-multivitamin-30-tablet
33984011823,,Solgar VM 75 Multivitamin 90 Tablet,Solgar,Besin Takviyeleri > Mineral > Bakır,0,0,f,solgar-vm-75-multivitamin-90-tablet
33984035058,,Solgar Vitamin E 200 IU 50 Vegetable Softgel,Solgar,Besin Takviyeleri > Takviye Edici Gıdalar,0,0,f,solgar-vitamin-e-200-iu-50-vegetable-softgel
8680226510518,,Sun Selnty 50 F Milk 200 ml,Sun Selnty,Güneş Bakım > Bronzlaştırıcı > Bronzlaştırıcı Yağ,0,1,f,sun-selnty-50-f-milk-200-ml
8680226510501,,Sun Selnty 50+F Kids Milk 200 ml,Sun Selnty,Güneş Bakım > Güneş Vitamini,0,1,f,sun-selnty-50f-kids-milk-200-ml
3401360060753,,SVR Clairial Serum 30 ml,Svr,Cilt Bakım > Cilt ve İhtiyaç Tipi > Anti Age - Yaşlanma Karşıtı,0,1,f,svr-clairial-serum-30-ml
3662361001316,,SVR Palpebral Makyaj Temizleyici Jel 125 ml,Svr,Cilt Bakım > Vücut Bakım > Yüz ve Vücut Temizleyicileri,0,1,f,svr-palpebral-makyaj-temizleyici-jel-125-ml
3401360167896,,SVR Sensifine Ar Eau Micellaire 200ml,Svr,Cilt Bakım > Akne Ve Sivilce Ürünleri > Akne Ve Yağlı Cilt Serumları,0,1,f,svr-sensifine-ar-eau-micellaire-200ml
3662361005864,,SVR Sensifine Hydra-Creme 40ml,Svr,Cilt Bakım > Akne Ve Sivilce Ürünleri > Akne Ve Yağlı Cilt Serumları,0,1,f,svr-sensifine-hydra-creme-40ml
3662361002702,,SVR Spirial 24H Deodorant Etkili Duş Jeli 400 ml,Svr,Cilt Bakım > Akne Ve Sivilce Ürünleri > Akne Ve Yağlı Cilt Serumları,0,1,f,svr-spirial-24h-deodorant-etkili-dus-jeli-400-ml
3401381328993,,SVR Spirial Anti-Transpirant Roll-On 50ml,Svr,Cilt Bakım > Akne Ve Sivilce Ürünleri > Akne Ve Yağlı Cilt Serumları,0,1,f,svr-spirial-anti-transpirant-roll-on-50ml
3662361002429,,SVR Xerial 10 Lait Corps Body Lotion 400 ml,Svr,Cilt Bakım > Cilt ve İhtiyaç Tipi > Kuru Cilt,0,1,f,svr-xerial-10-lait-corps-body-lotion-400-ml
3662361003235,,SVR Xerial Fissures Et Crevasses Cream 50ml,Svr,Cilt Bakım > Cilt ve İhtiyaç Tipi > Kuru Cilt,0,1,f,svr-xerial-fissures-et-crevasses-cream-50ml
3662361004645,,Svr Cicavit Creme HPPI 40 ml,Svr,Cilt Bakım > Akne Ve Sivilce Ürünleri > Akne Ve Yağlı Cilt Serumları,0,1,f,svr-cicavit-creme-hppi-40-ml
3662361003808,,Svr Physiopure Gelee Moussant 400 ml,Svr,Cilt Bakım > Akne Ve Sivilce Ürünleri > Akne Ve Yağlı Cilt Serumları,0,1,f,svr-physiopure-gelee-moussant-400-ml
3662361001248,,Svr Sensifine Nutri-Baume 40 ml,Svr,Cilt Bakım > Akne Ve Sivilce Ürünleri > Akne Ve Yağlı Cilt Serumları,0,1,f,svr-sensifine-nutri-baume-40-ml
8680133001253,,Lifextra Zeolit 2000 mg 45 Saşe,Tab İlaç,Besin Takviyeleri > Takviye Edici Gıdalar > Sindirim Sistemi,0,1,f,lifextra-zeolit-2000-mg-45-sase
8680133003639,,Tab Vitamins HPAWAY 30 Saşe,Tab İlaç,Besin Takviyeleri > Takviye Edici Gıdalar > Bağışıklık Sistemi,0,1,f,tab-vitamins-hpaway-30-sase
8680133003677,,Tab Vitamins PEA Palmitoiletanolamid 300 mg 60 Kapsül,Tab İlaç,Besin Takviyeleri > Takviye Edici Gıdalar > Bağışıklık Sistemi,0,1,f,tab-vitamins-pea-palmitoiletanolamid-300-mg-60-kapsul
8680133003196,,Tab Vitamins Zenflex Takviye Edici Gıda 60 Tablet,Tab İlaç,Besin Takviyeleri > Kolajen > Kolajen Tip 2,0,1,f,tab-vitamins-zenflex-takviye-edici-gida-60-tablet
8680133003455,,Tabvitamins PQQ Pirolokinolin Kinon 20 mg 30 Kapsül,Tab İlaç,Besin Takviyeleri > Takviye Edici Gıdalar > Bitkisel Ürünler,0,1,f,tabvitamins-pqq-pirolokinolin-kinon-20-mg-30-kapsul
8682376182096,,Virektil 60 Tablet,Teda Farma,Besin Takviyeleri > Takviye Edici Gıdalar > Bitkisel Ürünler,0,1,f,virektil-60-tablet
8681438061256,,Vitein Pus 30 Jel Kapsül,Teda Farma,Besin Takviyeleri > Mineral > Bakır,0,0,f,vitein-pus-30-jel-kapsul
8681438061225,,Vitendo Combo 90 Tablet,Teda Farma,Besin Takviyeleri > Kolajen > Kolajen Tip 2,0,2,f,vitendo-combo-90-tablet
7322542169209,,TENA Emici Külot Gece L – 10’lu Paket,Tena,Kişisel Bakım > Kadın Hijyeni > Tampon,0,1,f,tena-emici-kulot-gece-l-10lu-paket
7322542169001,,TENA Emici Külot Gece M 10’lu,Tena,Kişisel Bakım > Kadın Hijyeni > Tampon,0,1,f,tena-emici-kulot-gece-m-10lu
7322542169094,,TENA Emici Külot Gece M 30’lu,Tena,Kişisel Bakım > Kadın Hijyeni > Tampon,0,1,f,tena-emici-kulot-gece-m-30lu
7322542168868,,TENA Emici Külot Maxi M 10’lu,Tena,Kişisel Bakım > Kadın Hijyeni > Tampon,0,1,f,tena-emici-kulot-maxi-m-10lu
7322542181973,,TENA Hasta Bezi Premium Maxi XL – 24’lü Paket,Tena,Sağlık Ve Medikal > Medikal & Sağlık Ürünleri > Hasta Bezi,0,1,f,tena-hasta-bezi-premium-maxi-xl-24lu-paket
7322541500898,,TENA Men Level 1 Mesane Pedi Erkek – 24’lü Paket,Tena,Kişisel Bakım > Kadın Hijyeni > Günlük Ped,0,1,f,tena-men-level-1-mesane-pedi-erkek-24lu-paket
7322542425657,,Tena Pants Regular Emici Külot Medium 30 Lu,Tena,Kişisel Bakım > Kadın Hijyeni > Tampon,0,1,f,tena-pants-regular-emici-kulot-medium-30-lu
7322540646726,,Tena Proskin Slip Plus 6 Damla Hasta Bezi Medium 30lu,Tena,Sağlık Ve Medikal,0,1,f,tena-proskin-slip-plus-6-damla-hasta-bezi-medium-30lu
7322541386720,,Tena Proskin Slip Plus 6 Damla Hasta Bezi Small 30lu,Tena,Sağlık Ve Medikal > Medikal & Sağlık Ürünleri > Hasta Bezi,0,1,f,tena-proskin-slip-plus-6-damla-hasta-bezi-small-30lu
3662042014413,,Belaphademodex Göz Mendili 30 Adet,Thea Pharma,Sağlık Ve Medikal > Medikal & Sağlık Ürünleri > Göz Pedi,0,1,f,belaphademodex-goz-mendili-30-adet
8690530063686,,Uni Baby Baştan Aşağı Vücut Temizleme Havlusu XXL Islak Mendil 50 Yaprak,Uni Baby,Anne Bebek > Bebek Bakım > Islak Mendil,0,1,f,uni-baby-bastan-asagi-vucut-temizleme-havlusu-xxl-islak-mendil-50-yaprak
8690530024380,,Uni Baby Bebek Şampuanı 500 ml,Uni Baby,Anne Bebek > Bebek Bakım > Bebek şampuanı,0,2,f,uni-baby-sac-ve-vucut-sampuani-500-ml
8690530069008,,Uni Baby Islak Mendil 3 x 40 Adet,Uni Baby,Anne Bebek > Bebek Bakım > Islak Mendil,0,1,f,uni-baby-islak-mendil-3-x-40-adet
8690530077669,,Uni Baby Sensitive Saç ve Vücut Şampuanı 900 ml,Uni Baby,Anne Bebek > Bebek Bakım > Bebek şampuanı,0,1,f,uni-baby-sensitive-sac-ve-vucut-sampuani-900-ml
8690530070769,,Uni Baby Yenidoğan Saç ve Vücut Şampuanı 500 mL,Uni Baby,Anne Bebek > Bebek Bakım > Bebek şampuanı,0,1,f,uni-baby-yenidogan-sac-ve-vucut-sampuani-500-ml
5021265248667,,Immunace 30 Film Tablet,VITABIOTICS,Besin Takviyeleri > Mineral > Bakır,0,1,f,immunace-30-film-tablet
4043752393576,,Varta Kulak Pili No: 10 6lı,Varta,Sağlık Ve Medikal > Medikal & Sağlık Ürünleri > Pil,0,1,f,varta-kulak-pili-no-10-6li
8683229902311,,VeNatura Vitamin D3 ve Vitamin K2 60 Yumuşak Kapsül,VeNatura,Besin Takviyeleri > Vitamin > D3 ve K2 Vitamin,0,1,f,venatura-vitamin-d3-ve-vitamin-k2-60-yumusak-kapsul
8680131759569,,Venatura Kids Vitamin C 30 Saşe,VeNatura,Besin Takviyeleri > Çocuklar İçin Gıda Takviyesi > Çocuklar İçin Multivitamin,0,1,f,venatura-kids-vitamin-c-30-sase
8683229901550,,Venatura Magnezyum Bisglisinat 60 kapsül,VeNatura,Besin Takviyeleri > Mineral > Magnezyum,0,2,f,venatura-magnezyum-bisglisinat-takviye-edici-gida-60-tablet
8683229901611,,Venatura Magnezyum L-Treonat ve Köknar Ekstresi 90 Kapsül,VeNatura,Besin Takviyeleri > Mineral > Magnezyum,0,2,f,venatura-magnezyum-l-treonat-ve-koknar-ekstresi-90-kapsul
8683229900843,,Venatura Oregano Oil Kompleks İzmir Kekiği Yağı 30 Kapsül,VeNatura,Besin Takviyeleri > Takviye Edici Gıdalar > Bitkisel Ürünler,0,1,f,venatura-oregano-oil-kompleks-izmir-kekigi-yagi-30-kapsul
8683229900386,,Venatura Ultra Omega 3 60 Kapsül,VeNatura,Besin Takviyeleri > Takviye Edici Gıdalar > Omega 3 & Balık Yağı,0,2,f,venatura-ultra-omega-3-60-kapsul
8680131758678,,Venatura Vitamin C 500 mg 60 Kapsül,VeNatura,Besin Takviyeleri > Vitamin > C Vitamini,0,1,f,venatura-vitamin-c-500-mg-60-kapsul
8683229900133,,Venatura Vitamin D3 1000 IU Sprey 20 ml,VeNatura,Besin Takviyeleri > Vitamin > D Vitamini,0,1,f,venatura-vitamin-d3-1000-iu-sprey-20-ml
8680131758142,,Venatura İnositol Folik Asid 20 Saşe,VeNatura,Besin Takviyeleri,0,1,f,venatura-inositol-folik-asid-20-sase
8682368909496,,Velavit Phytoglow Hair Nail 120 Yumuşak Kapsül,Velavit,Besin Takviyeleri > Mineral > Selenyum,0,1,f,velavit-phytoglow-hair-nail-120-yumusak-kapsul
8684962740048,,Velavit Turna Yemişi ve C Vitamini İçeren Takviye Edici Gıda 30 Kapsül,Velavit,Besin Takviyeleri > Takviye Edici Gıdalar > Bitkisel Ürünler,0,1,f,velavit-turna-yemisi-ve-c-vitamini-iceren-takviye-edici-gida-30-kapsul
8684962740017,,Velavit V Akg Ca Takviye Edici Gıda 60 Kapsül,Velavit,Besin Takviyeleri > Mineral > Kalsiyum,0,1,f,velavit-v-akg-ca-takviye-edici-gida-60-kapsul
8682368909410,,Velavit V Lactase 12000 30 Tablet,Velavit,Besin Takviyeleri > Takviye Edici Gıdalar > Bitkisel Ürünler,0,1,f,velavit-v-lactase-12000-30-tablet
8682368909762,,Velavit V-Glutathione with SAM-e Liposomal 30 Saşe,Velavit,Besin Takviyeleri > Takviye Edici Gıdalar > Bitkisel Ürünler,0,1,f,velavit-v-glutathione-with-sam-e-liposomal-30-sase
8682368909359,,Velavit V-NR Takviye Edici Gıda 30 Kapsül,Velavit,Besin Takviyeleri > Takviye Edici Gıdalar > Bitkisel Ürünler,0,1,f,velavit-v-nr-takviye-edici-gida-30-kapsul
8699313000634,,Viaxi Moisturizing Gel Varis Kremi 100 ml,Viaxi,Cilt Bakım > Vücut Bakım > Vücut Kremi,0,1,f,viaxi-moisturizing-gel-varis-kremi-100-ml
8690595233741,,Vichy Collagen 17 Filler Şampuan 400 ml+Vichy Dercos Collagen 17 Filler Saç Bakım Kremi 200ml,Vichy,Saç Bakım > Saç Bakım Setleri,0,1,f,vichy-collagen-17-filler-sampuan-400-mlvichy-dercos-collagen-17-filler-sac-bakim-kremi-200ml
8699273579812,,Vitaself B Aktif Kompleks 60 Kapsül,Vitaself,Besin Takviyeleri > Mineral,0,1,f,vitaself-b-aktif-kompleks-60-kapsul
8690797102166,,Wee Baby 216 Göğüs Kalkan Seti,Wee Baby,Anne Bebek > Göğüs Bakımı,0,2,f,wee-baby-216-gogus-kalkan-seti
8690797108779,,Wee Baby Cam Biberon 125 ml 877,Wee Baby,Anne Bebek > Bebek Beslenme Ürünleri > Biberon,0,1,f,wee-baby-cam-biberon-125-ml-877
8690797109455,,Wee Burun Aspiratörü Seti 945,Wee Baby,Anne Bebek > Bebek Bakım > Burun Aspiratörü,0,1,f,wee-burun-aspiratoru-seti-945
8690712027529,,Zade Vital Concept Shape 60 Kapsül,Zade Vital,Besin Takviyeleri > Takviye Edici Gıdalar > L- Karnitine,0,2,f,zade-vital-concept-shape-60-kapsul
4015630982141,,Accu-Chek Performa 50 Adet Ölçüm Çubuğu,Zynde,Sağlık Ve Medikal > Haşere Kovucular İnteksitit Ürünler,0,0,f,accu-chek-performa-50-adet-olcum-cubugu
382904904012,,"Bd Micro-Fine Plus İnsülin Şırıngası 0,5 ml / 6mm 10lu",Zynde,Sağlık Ve Medikal > Haşere Kovucular İnteksitit Ürünler,0,0,f,bd-micro-fine-plus-insulin-siringasi-05-ml-6mm-10lu
382904905019,,Bd Micro-Fine Plus İnsülin Şırıngası 1 ml / 6mm 10lu,Zynde,Sağlık Ve Medikal > Haşere Kovucular İnteksitit Ürünler,0,0,f,bd-micro-fine-plus-insulin-siringasi-1-ml-6mm-10lu
383017093310,,"Micro-Fine Plus İnsülin Şırıngası 0,5 ml -8 mm 10lu",Zynde,Sağlık Ve Medikal > Haşere Kovucular İnteksitit Ürünler,0,0,f,micro-fine-plus-insulin-siringasi-05-ml-8-mm-10lu
383017093518,,Micro-Fine Plus İnsülin Şırıngası 1 ml -8 mm 10lu,Zynde,Sağlık Ve Medikal > Haşere Kovucular İnteksitit Ürünler,0,0,f,micro-fine-plus-insulin-siringasi-1-ml-8-mm-10lu
858745005275,,Vivachek Eco Kan Şekeri Ölçüm Cihazı,Zynde,Sağlık Ve Medikal > Haşere Kovucular İnteksitit Ürünler,0,1,f,vivachek-eco-kan-sekeri-olcum-cihazi
